"network","tau","k","n_nets","runs","sim_mean","sim_se_naive","sim_se_net","sim_p0","theory_node","theory_ens","p","theory_p0","z_ens","z_node","enough_networks"
"NSFG 15-44",0.2,1,100,3000,0.257666666666667,0.0123730157406559,0.0119562896398867,0.798666666666667,0.261047896615437,0.259748940441053,0.0185103576790739,0.800000000000001,-0.174157187313382,-0.282799267214992,TRUE
"NSFG 15-44",0.2,2,100,3000,0.518666666666667,0.0185141227375412,0.0176658090129155,0.665666666666667,0.521637297206223,0.519497880882107,0.0185103576790739,0.668729737772801,-0.0470521454654291,-0.168157061891966,TRUE
"NSFG 15-44",0.2,3,100,3000,0.783333333333333,0.0267979407721868,0.0273420368831643,0.582666666666667,0.787490911413362,0.77924682132316,0.0185103576790739,0.575969551551778,0.149458945858171,-0.152058096395471,TRUE
"NSFG 15-44",0.2,4,100,3000,1.005,0.0290649177608409,0.0294520668616694,0.519,1.04196703167548,1.03899576176421,0.0185103576790739,0.506951442058146,-1.15427422883037,-1.25515916587821,TRUE
"NSFG 15-44",0.2,5,100,3000,1.25733333333333,0.0337232835271397,0.0326257560082004,0.454,1.29664692794856,1.29874470220527,0.0185103576790739,0.453602622798714,-1.26928457570532,-1.20498647158837,TRUE
"NSFG 15-44",0.2,6,100,3000,1.54,0.0372099150466348,0.0389652929108378,0.399333333333333,1.55908729397219,1.55849364264632,0.0185103576790739,0.411137599581557,-0.474618340189017,-0.489853727414964,TRUE
"NSFG 15-44",0.2,7,100,3000,1.809,0.0433404571067521,0.0440687530387272,0.376666666666667,1.82747112698203,1.81824258308737,0.0185103576790739,0.376539512630059,-0.209730987379013,-0.419143399991259,TRUE
"NSFG 15-44",0.2,8,100,3000,2.031,0.0467524414098106,0.0480395810431497,0.349666666666667,2.0858189914523,2.07799152352843,0.0185103576790739,0.347812174250382,-0.978183458473945,-1.14112134747936,TRUE
"NSFG 15-44",0.2,9,97,2910,2.28762886597938,0.0535004805414535,0.0656718436108549,0.332646048109966,2.33893853069304,2.33774046396948,0.0185103576790739,0.323582084486627,-0.763060624383277,-0.781303857063839,TRUE
"NSFG 15-44",0.2,10,89,2670,2.65992509363296,0.0596355504822142,0.0653690964062978,0.292134831460674,2.57322497164213,2.59748940441053,0.0185103576790739,0.302873195309696,0.955125474495753,1.32631666578274,TRUE
"NSFG 15-44",0.2,11,83,2490,2.81084337349398,0.0672878439670139,0.0717548631511999,0.298393574297189,2.82538366735729,2.85723834485159,0.0185103576790739,0.28497284482835,-0.646575985516824,-0.202638444626076,TRUE
"NSFG 15-44",0.2,12,73,2190,3.11278538812785,0.074075611813437,0.0867869587677426,0.256164383561644,3.02633208846786,3.11698728529264,0.0185103576790739,0.269348528498787,-0.0484162277886992,0.996155423435855,TRUE
"NSFG 15-44",0.2,13,60,1800,3.40777777777778,0.0937337493917441,0.119861728945081,0.273333333333333,3.42033995521485,3.3767362257337,0.0185103576790739,0.255594354232149,0.258978010056115,-0.10480557512089,TRUE
"NSFG 15-44",0.2,14,42,1260,3.61984126984127,0.117205063623273,0.152765446405418,0.24047619047619,3.70757145196815,3.63648516617475,0.0185103576790739,0.243395523032858,-0.108950660801316,-0.574280272084924,TRUE
"NSFG 15-44",0.2,15,37,1110,4.12612612612613,0.140766572516153,0.187306279127955,0.224324324324324,4.0164016978878,3.8962341066158,0.0185103576790739,0.232504131741338,1.22735885086521,0.585802188528697,TRUE
"NSFG 15-44",0.2,16,24,720,3.77916666666667,0.147587907341755,0.136020809540376,0.2375,3.96571666338926,4.15598304705686,0.0185103576790739,0.22272229976484,-2.77028479438901,-1.37148130019929,TRUE
"NSFG 15-44",0.2,17,17,510,4.69019607843137,0.213725948734822,0.270646839348561,0.188235294117647,4.5903915306654,4.41573198749791,0.0185103576790739,0.213890157717283,1.0141041794321,0.368763027147117,TRUE
"NSFG 15-44",0.2,18,4,120,4.4,0.380861596325431,0.42382735828357,0.191666666666667,4.69529605888614,4.67548092793896,0.0185103576790739,0.205877138451306,-0.649983826090448,-0.696736662026816,FALSE
"NSFG 15-44",0.2,19,4,120,4.65833333333333,0.424345220004586,0.226231199341637,0.175,4.78067205272364,4.93522986838002,0.0185103576790739,0.198575557612744,-1.22395379528769,-0.540768557768888,FALSE
"NSFG 15-44",0.2,20,4,120,4.79166666666667,0.43026087586056,0.661280323816357,0.191666666666667,5.08256005820142,5.19497880882107,0.0185103576790739,0.191895810979197,-0.60989587566559,-0.43989421892361,FALSE
"NSFG 15-44",0.2,21,1,30,6.03333333333333,0.938655460791698,NA,0.133333333333333,5.37171206299448,5.45472774926212,0.0185103576790739,0.185762732655509,NA,NA,FALSE
"NSFG 15-44",0.4,1,100,3000,0.667666666666667,0.0388010075279649,0.0416776551167041,0.611666666666667,0.714142755511108,0.732425091503882,0.0493609538108639,0.6,-1.55379242560268,-1.11513204651992,TRUE
"NSFG 15-44",0.4,2,100,3000,1.407,0.0567920700645981,0.0596798322664286,0.426,1.44122913733952,1.46485018300776,0.0493609538108639,0.434702088488969,-0.969342251994014,-0.573546138446023,TRUE
"NSFG 15-44",0.4,3,100,3000,2.154,0.0747178782710894,0.0794633798158754,0.339666666666667,2.15877313772232,2.19727527451165,0.0493609538108639,0.344482814950662,-0.54459393260041,-0.0600671370055514,TRUE
"NSFG 15-44",0.4,4,100,3000,2.99633333333333,0.0930095333624263,0.098265421963984,0.288666666666667,2.88104108931583,2.92970036601553,0.0493609538108639,0.287716793278602,0.678091702920948,1.17327378963237,TRUE
"NSFG 15-44",0.4,5,100,3000,3.68,0.104573631688129,0.112859974026994,0.261333333333333,3.6514933432584,3.66212545751941,0.0493609538108639,0.248749614652497,0.158378048858249,0.252584292946789,TRUE
"NSFG 15-44",0.4,6,100,3000,4.391,0.104858824139888,0.12110773324916,0.211,4.39152335140411,4.3945505490233,0.0493609538108639,0.220376056187406,-0.0293172775019271,-0.00432137065129566,TRUE
"NSFG 15-44",0.4,7,100,3000,5.26766666666667,0.125682166889635,0.146907863350651,0.192,5.11001214202905,5.12697564052718,0.0493609538108639,0.198817411578457,0.957682066368888,1.07315238981668,TRUE
"NSFG 15-44",0.4,8,100,3000,5.86666666666667,0.137480773066502,0.195443608912829,0.187666666666667,5.85627776577287,5.85940073203106,0.0493609538108639,0.181901016446924,0.0371766294944301,0.0531554904843468,TRUE
"NSFG 15-44",0.4,9,97,2910,6.66151202749141,0.149635579316408,0.255532212412297,0.172508591065292,6.63686752161254,6.59182582353494,0.0493609538108639,0.168288932771862,0.272710055998847,0.0964438324476503,TRUE
"NSFG 15-44",0.4,10,89,2670,7.05992509363296,0.160800441011826,0.191413675739916,0.161797752808989,7.20729748154333,7.32425091503882,0.0493609538108639,0.157112195790633,-1.38091398320473,-0.769915667418746,TRUE
"NSFG 15-44",0.4,11,83,2490,7.75542168674699,0.162984956458794,0.244901834045695,0.14578313253012,7.92452292377587,8.05667600654271,0.0493609538108639,0.147781880663915,-1.23010234271871,-0.690485792757801,TRUE
"NSFG 15-44",0.4,12,73,2190,8.49360730593607,0.20363218893025,0.359676142881945,0.136073059360731,8.32303221661052,8.78910109804659,0.0493609538108639,0.139884696481713,-0.821555162771819,0.47424632603876,TRUE
"NSFG 15-44",0.4,13,60,1800,9.74333333333333,0.25968488739382,0.445986707342469,0.144444444444444,9.73625288258848,9.52152618955047,0.0493609538108639,0.133122049437807,0.497340257301744,0.0158759232692062,TRUE
"NSFG 15-44",0.4,14,42,1260,10.7325396825397,0.329236794555264,0.676637103740068,0.13968253968254,10.6386563413486,10.2539512810544,0.0493609538108639,0.127272830626616,0.707304401192253,0.138749915829549,TRUE
"NSFG 15-44",0.4,15,37,1110,12.6297297297297,0.387145135776337,0.770688177262944,0.104504504504505,11.6832963295352,10.9863763725582,0.0493609538108639,0.122169808916737,2.13231940706262,1.2280367444531,TRUE
"NSFG 15-44",0.4,16,24,720,11.2930555555556,0.368003574101216,0.52495295075838,0.0958333333333333,10.7153294309684,11.7188014640621,0.0493609538108639,0.117684159067013,-0.811017269055263,1.10052934030098,TRUE
"NSFG 15-44",0.4,17,17,510,15.2666666666667,0.68381557612448,1.38113752018878,0.096078431372549,13.4368735715412,12.451226555566,0.0493609538108639,0.113715032012293,2.03849368360932,1.32484496900452,TRUE
"NSFG 15-44",0.4,18,4,120,13.4166666666667,1.144344992982,1.80146545284049,0.108333333333333,13.2938970617944,13.1836516470699,0.0493609538108639,0.110182349013788,0.129347481645774,0.0681498524874023,FALSE
"NSFG 15-44",0.4,19,4,120,13.7333333333333,1.23674827523482,2.18102082792711,0.0916666666666667,13.1506426725647,13.9160767385738,0.0493609538108639,0.107021714043691,-0.083788014722499,0.267164189038234,FALSE
"NSFG 15-44",0.4,20,4,120,12.5916666666667,1.13244424889345,2.06578722327636,0.1,14.023037793634,14.6485018300776,0.0493609538108639,0.104180751880094,-0.995666514070515,-0.692893784432066,FALSE
"NSFG 15-44",0.4,21,1,30,23.6333333333333,3.08742371325757,NA,0,14.9190526707568,15.3809269215815,0.0493609538108639,0.101616426596286,NA,NA,FALSE
"NSFG 15-44",0.6,1,100,3000,1.75966666666667,0.132510678675203,0.134206145769445,0.402,1.73497533068762,1.84096284869095,0.111062146074444,0.4,-0.605756029712232,0.183980665248121,TRUE
"NSFG 15-44",0.6,2,100,3000,3.89533333333333,0.207930847122752,0.212464571549849,0.265,3.5690582026814,3.68192569738189,0.111062146074444,0.260864566991835,1.00443869015296,1.53566840942885,TRUE
"NSFG 15-44",0.6,3,100,3000,5.92766666666667,0.233702874909019,0.270639619404606,0.191333333333333,5.6814181212608,5.52288854607284,0.111062146074444,0.199253892083485,1.495635123506,0.909876188665967,TRUE
"NSFG 15-44",0.6,4,100,3000,6.97166666666667,0.24398374073028,0.281256350470767,0.159666666666667,7.21288793118808,7.36385139476379,0.111062146074444,0.164679680262378,-1.39440310393235,-0.857656241779617,TRUE
"NSFG 15-44",0.6,5,100,3000,9.18433333333333,0.321907692715831,0.429632331786464,0.137666666666667,8.90977210720998,9.20481424345473,0.111062146074444,0.142672818467197,-0.0476707840777236,0.63906090349786,TRUE
"NSFG 15-44",0.6,6,100,3000,10.5476666666667,0.342315511328798,0.573022242552728,0.135333333333333,11.03835603611,11.0457770921457,0.111062146074444,0.1275239168635,-0.869268919230792,-0.856318189774533,TRUE
"NSFG 15-44",0.6,7,100,3000,12.6773333333333,0.364886840703414,0.487304107236224,0.121,13.0216292638778,12.8867399408366,0.111062146074444,0.116525451332849,-0.429724692227525,-0.706531969322268,TRUE
"NSFG 15-44",0.6,8,100,3000,14.8843333333333,0.397433832881045,0.691519489432417,0.0996666666666667,15.137163445346,14.7277027895276,0.111062146074444,0.108227879793354,0.226501994809023,-0.365615309295435,TRUE
"NSFG 15-44",0.6,9,97,2910,16.2652920962199,0.412101457424856,0.79763574097341,0.0986254295532646,16.8149838638352,16.5686656382185,0.111062146074444,0.101784925155753,-0.380340958177682,-0.689151374967796,TRUE
"NSFG 15-44",0.6,10,89,2670,17.3052434456929,0.425467872453307,0.779891761461127,0.101123595505618,18.19654044056,18.4096284869095,0.111062146074444,0.0966692196440856,-1.4160747629229,-1.14284704482237,TRUE
"NSFG 15-44",0.6,11,83,2490,18.2911646586345,0.448951062409035,1.12826650307806,0.0839357429718876,19.8588153489464,20.2505913356004,0.111062146074444,0.0925349457099662,-1.73667007893996,-1.38943298062573,TRUE
"NSFG 15-44",0.6,12,73,2190,20.041095890411,0.529225970535553,1.27084522007032,0.0940639269406393,20.211095828864,22.0915541842914,0.111062146074444,0.0891458520044911,-1.61346028729363,-0.133769192163003,TRUE
"NSFG 15-44",0.6,13,60,1800,23.3233333333333,0.600112597459535,1.25575668772142,0.0833333333333333,24.7205846767366,23.9325170329823,0.111062146074444,0.0863350118089171,-0.485112845191646,-1.11267680838604,TRUE
"NSFG 15-44",0.6,14,42,1260,29.752380952381,1.06292473106567,3.11024664643307,0.0888888888888889,27.1273112918883,25.7734798816733,0.111062146074444,0.0839811116686381,1.2792879546292,0.844006909710255,TRUE
"NSFG 15-44",0.6,15,37,1110,31.1243243243243,1.06514106082738,2.88655329721892,0.0828828828828829,30.1760510735436,27.6144427303642,0.111062146074444,0.0819938557824,1.21594207089187,0.328514028025864,TRUE
"NSFG 15-44",0.6,16,24,720,26.7569444444444,1.16823676200267,3.0929621679695,0.0819444444444444,25.5286275239837,29.4554055790551,0.111062146074444,0.0803046434958887,-0.87245203402608,0.397132862852679,TRUE
"NSFG 15-44",0.6,17,17,510,34.4294117647059,1.55285323431863,3.69072087910461,0.0843137254901961,34.7746038679392,31.2963684277461,0.111062146074444,0.0788604232599477,0.848897394191426,-0.0935297234715521,TRUE
"NSFG 15-44",0.6,18,4,120,34.9416666666667,3.17372668765963,9.78994547520094,0.075,33.5488840364672,33.137331276437,0.111062146074444,0.0776195278885574,0.184304947846769,0.142266638126596,FALSE
"NSFG 15-44",0.6,19,4,120,32.0916666666667,2.48129098995903,3.53779526970829,0.0583333333333333,31.4154909933258,34.978294125128,0.111062146074444,0.0765487836276213,-0.815939656875435,0.191129113414375,FALSE
"NSFG 15-44",0.6,20,4,120,36.1083333333333,3.04144510228036,9.22527099872952,0.075,34.4843621290664,36.8192569738189,0.111062146074444,0.0756214602295923,-0.0770626294429193,0.176035067640896,FALSE
"NSFG 15-44",0.6,21,1,30,42.4333333333333,7.30550528077336,NA,0.1,36.9360154808719,38.6602198225099,0.111062146074444,0.0748157894970875,NA,NA,FALSE
"NSFG 15-44",0.8,1,100,3000,4.91833333333333,0.449502316353773,0.481956211832005,0.202666666666667,7.2403161706232,7.40650040836182,0.296165722865184,0.2,-5.16264136438971,-4.81782946310324,TRUE
"NSFG 15-44",0.8,2,100,3000,12.3373333333333,0.801614524892431,0.991219734048525,0.131666666666667,14.9800854320294,14.8130008167236,0.296165722865184,0.127953533687929,-2.49759704972652,-2.66616170755809,TRUE
"NSFG 15-44",0.8,3,100,3000,18.202,0.938910810342376,1.32153082848632,0.102,22.6916900454591,22.2195012250854,0.296165722865184,0.102073439547561,-3.04003594807326,-3.39734037881026,TRUE
"NSFG 15-44",0.8,4,100,3000,24.8373333333333,1.18608668498398,2.10436206040145,0.0873333333333333,29.2729534534326,29.6260016334473,0.296165722865184,0.0893532307326958,-2.27559144418352,-2.10782174967223,TRUE
"NSFG 15-44",0.8,5,100,3000,30.972,1.26846949107094,2.54904527449942,0.08,37.5253193080108,37.0325020418091,0.296165722865184,0.0821479846483481,-2.37755763008142,-2.57089168778995,TRUE
"NSFG 15-44",0.8,6,100,3000,36.8203333333333,1.43765766902149,3.52678819795944,0.0743333333333333,44.7731460514277,44.4390024501709,0.296165722865184,0.0777360272179693,-2.1602287092958,-2.25497315736052,TRUE
"NSFG 15-44",0.8,7,100,3000,39.238,1.31417198553141,2.6915609488157,0.0776666666666667,52.5880210407713,51.8455028585327,0.296165722865184,0.0749045503695869,-4.68408596286109,-4.95995494608634,TRUE
"NSFG 15-44",0.8,8,100,3000,43.895,1.42081564700625,3.22967078393681,0.0776666666666667,60.8178551769683,59.2520032668945,0.296165722865184,0.0730322489731992,-4.75497482383485,-5.23980811330255,TRUE
"NSFG 15-44",0.8,9,97,2910,52.345704467354,1.67817890425278,5.09759588443128,0.0673539518900344,66.5741750778531,66.6585036752563,0.296165722865184,0.07176961180247,-2.80775477938837,-2.79121196208487,TRUE
"NSFG 15-44",0.8,10,89,2670,53.8805243445693,1.657450040581,4.58215587713962,0.0737827715355805,71.3588545340701,74.0650040836182,0.296165722865184,0.0709067879910727,-4.40501813562242,-3.81443378578634,TRUE
"NSFG 15-44",0.8,11,83,2490,54.7526104417671,1.69452079380535,6.28535240489489,0.0815261044176707,78.4402026753537,81.47150449198,0.296165722865184,0.0703118380997322,-4.25097788143189,-3.76869755387769,TRUE
"NSFG 15-44",0.8,12,73,2190,64.845205479452,2.02213087259839,6.54476272021141,0.0643835616438356,79.3094328272814,88.8780049003418,0.296165722865184,0.0698990432958823,-3.67206581021985,-2.21004610345325,TRUE
"NSFG 15-44",0.8,13,60,1800,71.8833333333333,2.32648741084913,7.25618308975284,0.0611111111111111,99.7413927867452,96.2845053087036,0.296165722865184,0.0696113984857635,-3.36281095357551,-3.83921672163329,TRUE
"NSFG 15-44",0.8,14,42,1260,99.2325396825397,3.67326922767962,14.1506352546749,0.0666666666666667,111.470617375335,103.691005717065,0.296165722865184,0.0694103596229796,-0.31507179390076,-0.864842989204486,TRUE
"NSFG 15-44",0.8,15,37,1110,94.4945945945946,3.81905817108783,14.8516221853841,0.0675675675675676,124.415005761284,111.097506125427,0.296165722865184,0.0692695564375058,-1.11791906120343,-2.01462242933533,TRUE
"NSFG 15-44",0.8,16,24,720,88.9347222222222,4.58663936572183,14.5922304784022,0.0805555555555556,97.1531206895764,118.504006533789,0.296165722865184,0.0691707963707374,-2.02637179801484,-0.563203718548592,TRUE
"NSFG 15-44",0.8,17,17,510,124.821568627451,6.16981925174261,20.5144574679832,0.0882352941176471,144.946664210343,125.910506942151,0.296165722865184,0.069101454337885,-0.0530815068543436,-0.981020122725704,TRUE
"NSFG 15-44",0.8,18,4,120,97.825,12.7643691497726,51.9204116270135,0.108333333333333,135.507986298891,133.317007350513,0.296165722865184,0.0690527323415409,-0.683584860718759,-0.725783658450139,FALSE
"NSFG 15-44",0.8,19,4,120,91.5666666666667,7.68790295541325,13.8462188982328,0.0666666666666667,125.511537907905,140.723507758874,0.296165722865184,0.0690184813065679,-3.5501996215358,-2.45156251614442,FALSE
"NSFG 15-44",0.8,20,4,120,104.133333333333,12.8728284756289,44.8790720838913,0.0666666666666667,135.699753900067,148.130008167236,0.296165722865184,0.0689943946204532,-0.980338335687091,-0.703366159347659,FALSE
"NSFG 15-44",0.8,21,1,30,97.4666666666667,10.4611167168215,NA,0.0333333333333333,146.357380691837,155.536508575598,0.296165722865184,0.0689774516632697,NA,NA,FALSE
"NSFG 25-44",0.2,1,100,3000,0.235333333333333,0.0105717373042291,0.0105709085581187,0.798666666666667,0.235783832878379,0.235451222845243,0.0185103576790739,0.800000000000001,-0.011152259170716,-0.0426169181739357,TRUE
"NSFG 25-44",0.2,2,100,3000,0.445333333333333,0.0143024266265347,0.0130398680733929,0.673333333333333,0.466324276363267,0.470902445690487,0.0185103576790739,0.668729737772801,-1.96084133775293,-1.60975118090074,TRUE
"NSFG 25-44",0.2,3,100,3000,0.731333333333333,0.0228313981337267,0.0244160533012673,0.575666666666667,0.705726354554113,0.70635366853573,0.0185103576790739,0.575969551551778,1.02308364457521,1.04877633019794,TRUE
"NSFG 25-44",0.2,4,100,3000,0.946666666666667,0.0265193151132165,0.0258719977844825,0.511666666666667,0.940666952296112,0.941804891380974,0.0185103576790739,0.506951442058146,0.187916500542102,0.231899925955959,TRUE
"NSFG 25-44",0.2,5,100,3000,1.18433333333333,0.0296143052269351,0.025449736999737,0.455333333333333,1.18049831382911,1.17725611422622,0.0185103576790739,0.453602622798714,0.278086139247308,0.150689946393479,TRUE
"NSFG 25-44",0.2,6,100,3000,1.476,0.0350432621515495,0.0387054258312275,0.404,1.41669609850172,1.41270733707146,0.0185103576790739,0.411137599581557,1.63524006180743,1.53218573945872,TRUE
"NSFG 25-44",0.2,7,99,2970,1.68888888888889,0.0379061380247381,0.0412670661737638,0.374410774410774,1.61953537728783,1.6481585599167,0.0185103576790739,0.376539512630059,0.98699357014335,1.68060194318226,TRUE
"NSFG 25-44",0.2,8,97,2910,1.93780068728522,0.0435298241218299,0.0451246334860012,0.347766323024055,1.90024544799763,1.88360978276195,0.0185103576790739,0.347812174250382,1.20091622550436,0.832255829828274,TRUE
"NSFG 25-44",0.2,9,87,2610,2.07739463601533,0.0464982684797294,0.0413812078595758,0.31992337164751,2.14298611200341,2.11906100560719,0.0185103576790739,0.323582084486627,-1.0068910925282,-1.58505465115146,TRUE
"NSFG 25-44",0.2,10,64,1920,2.409375,0.0681799107551283,0.0862469127262303,0.315625,2.45213693079646,2.35451222845243,0.0185103576790739,0.302873195309696,0.636112874227907,-0.495808249185667,TRUE
"NSFG 25-44",0.2,11,62,1860,2.59731182795699,0.0655591903984397,0.0841072764655994,0.295161290322581,2.57676042633094,2.58996345129768,0.0185103576790739,0.28497284482835,0.0873690953756802,0.24434748680102,TRUE
"NSFG 25-44",0.2,12,47,1410,2.76666666666667,0.0810816462285374,0.0932118940363556,0.282269503546099,2.79203094270849,2.82541467414292,0.0185103576790739,0.269348528498787,-0.630262994691865,-0.272114157791148,TRUE
"NSFG 25-44",0.2,13,28,840,3.06904761904762,0.117718745329007,0.118261070061242,0.267857142857143,3.0207414797366,3.06086589698816,0.0185103576790739,0.255594354232149,0.0691835618874239,0.408470338430089,TRUE
"NSFG 25-44",0.2,14,18,540,3.30925925925926,0.146838583582836,0.165086310375257,0.22962962962963,3.31309580419726,3.29631711983341,0.0185103576790739,0.243395523032858,0.0783962001236374,-0.0232396310104821,TRUE
"NSFG 25-44",0.2,15,8,240,3.22083333333333,0.224663940131411,0.227907797772946,0.2375,3.52031440801627,3.53176834267865,0.0185103576790739,0.232504131741338,-1.3643017587976,-1.31404487959336,TRUE
"NSFG 25-44",0.2,16,5,150,3.54,0.303114206566143,0.393756834155859,0.266666666666667,3.7148333796298,3.7672195655239,0.0185103576790739,0.22272229976484,-0.577055547520873,-0.444013575039559,TRUE
"NSFG 25-44",0.2,17,2,60,3.08333333333333,0.391784852145116,0.05,0.233333333333333,3.74495982851907,4.00267078836914,0.0185103576790739,0.213890157717283,-18.3867491007161,-13.2325299037148,FALSE
"NSFG 25-44",0.2,18,2,60,3.45,0.490138869210667,0.183333333333333,0.266666666666667,4.12893840372925,4.23812201121438,0.0185103576790739,0.205877138451306,-4.29884733389662,-3.70330038397772,FALSE
"NSFG 25-44",0.4,1,100,3000,0.574666666666667,0.0296259545869021,0.0305105085758628,0.611333333333333,0.573542323787972,0.567900783439757,0.0493609538108639,0.6,0.221755832423647,0.0368510041679372,TRUE
"NSFG 25-44",0.4,2,100,3000,1.098,0.0348539619938203,0.0346954684808963,0.444,1.13931517952351,1.13580156687951,0.0493609538108639,0.434702088488969,-1.08952461328858,-1.19079468681219,TRUE
"NSFG 25-44",0.4,3,100,3000,1.707,0.0430367452817292,0.0411378427969768,0.343333333333333,1.70428930489852,1.70370235031927,0.0493609538108639,0.344482814950662,0.0801609772540219,0.0658929811866615,TRUE
"NSFG 25-44",0.4,4,100,3000,2.28366666666667,0.0557928705786627,0.0690897933928465,0.285666666666667,2.27536282575394,2.27160313375903,0.0493609538108639,0.287716793278602,0.174606585361219,0.120189111950424,TRUE
"NSFG 25-44",0.4,5,100,3000,2.74066666666667,0.0597998872784767,0.0668324202058581,0.25,2.83046173939876,2.83950391719879,0.0493609538108639,0.248749614652497,-1.47888180957206,-1.34358553012898,TRUE
"NSFG 25-44",0.4,6,100,3000,3.41966666666667,0.0680054243479205,0.0810039350030035,0.212666666666667,3.40088175359556,3.40740470063854,0.0493609538108639,0.220376056187406,0.151374942805776,0.23190124122249,TRUE
"NSFG 25-44",0.4,7,99,2970,3.93232323232323,0.0756575448605916,0.0945022735700072,0.192929292929293,3.85089151567307,3.9753054840783,0.0493609538108639,0.198817411578457,-0.454827700237581,0.861690555940289,TRUE
"NSFG 25-44",0.4,8,97,2910,4.6360824742268,0.08948549372393,0.154366932943619,0.180068728522337,4.62955517291933,4.54320626751806,0.0493609538108639,0.181901016446924,0.60165869035351,0.0422843233521642,TRUE
"NSFG 25-44",0.4,9,87,2610,5.13026819923372,0.0991750509382011,0.153415704298599,0.177394636015326,5.24169552681643,5.11110705095782,0.0493609538108639,0.168288932771862,0.124896915628704,-0.72630978746371,TRUE
"NSFG 25-44",0.4,10,64,1920,6.09322916666667,0.139071582080112,0.23457387028699,0.147916666666667,6.146134019857,5.67900783439757,0.0493609538108639,0.157112195790633,1.76584600732517,-0.225536003330664,TRUE
"NSFG 25-44",0.4,11,62,1860,6.32043010752688,0.133460119714255,0.187145445709692,0.148924731182796,6.20721527761654,6.24690861783733,0.0493609538108639,0.147781880663915,0.39285748798611,0.604956372200298,TRUE
"NSFG 25-44",0.4,12,47,1410,6.69078014184397,0.155270856415787,0.195855144080783,0.14468085106383,6.64820334681341,6.81480940127709,0.0493609538108639,0.139884696481713,-0.63327036936012,0.21738920992038,TRUE
"NSFG 25-44",0.4,13,28,840,7.21547619047619,0.218678515399656,0.400919292476096,0.14047619047619,7.15274013467338,7.38271018471685,0.0493609538108639,0.133122049437807,-0.417126332853206,0.156480511115716,TRUE
"NSFG 25-44",0.4,14,18,540,8.21296296296296,0.302246443174648,0.377365585287333,0.116666666666667,8.0349174021018,7.9506109681566,0.0493609538108639,0.127272830626616,0.695219715403039,0.4718118657418,TRUE
"NSFG 25-44",0.4,15,8,240,7.93333333333333,0.460655732303098,0.591406716872496,0.154166666666667,8.45064996980922,8.51851175159636,0.0493609538108639,0.122169808916737,-0.989468671166932,-0.874722287923251,TRUE
"NSFG 25-44",0.4,16,5,150,8.96,0.62701267043728,0.958204339144608,0.106666666666667,8.83830595514648,9.08641253503612,0.0493609538108639,0.117684159067013,-0.131926489864329,0.127002185110285,TRUE
"NSFG 25-44",0.4,17,2,60,7.51666666666667,0.871617801902068,1.45,0.0833333333333333,8.43376664653947,9.65431331847588,0.0493609538108639,0.113715032012293,-1.47423907021325,-0.632482744739868,FALSE
"NSFG 25-44",0.4,18,2,60,8.18333333333333,0.858128346612125,0.983333333333333,0.183333333333333,9.7051088580272,10.2222141019156,0.0493609538108639,0.110182349013788,-2.07343806974471,-1.54756833019715,FALSE
"NSFG 25-44",0.6,1,100,3000,1.05066666666667,0.0432541567259619,0.040955150526615,0.394333333333333,1.07550194304855,1.06569494511414,0.111062146074444,0.4,-0.366944773837486,-0.606401784941516,TRUE
"NSFG 25-44",0.6,2,100,3000,1.99033333333333,0.0582301178912565,0.0552401044152024,0.268666666666667,2.12522487351337,2.13138989022827,0.111062146074444,0.260864566991835,-2.55351720255109,-2.44191320070913,TRUE
"NSFG 25-44",0.6,3,100,3000,3.19833333333333,0.089490528155943,0.114869149194151,0.210666666666667,3.20294220045584,3.19708483534241,0.111062146074444,0.199253892083485,0.0108688712303112,-0.0401227584154257,TRUE
"NSFG 25-44",0.6,4,100,3000,4.33433333333333,0.100675310703197,0.115519084182335,0.158333333333333,4.17029312977416,4.26277978045654,0.111062146074444,0.164679680262378,0.619408934750998,1.42002687019447,TRUE
"NSFG 25-44",0.6,5,100,3000,5.193,0.107315346836632,0.138360850778168,0.151333333333333,5.29413072141723,5.32847472557068,0.111062146074444,0.142672818467197,-0.97914059366318,-0.730920060468342,TRUE
"NSFG 25-44",0.6,6,100,3000,6.26566666666667,0.119386982198724,0.172295165393453,0.136,6.2987403798605,6.39416967068481,0.111062146074444,0.1275239168635,-0.745830585116522,-0.191959612553848,TRUE
"NSFG 25-44",0.6,7,99,2970,7.18754208754209,0.1360204931706,0.221359170212159,0.112457912457912,7.10888652884255,7.45986461579895,0.111062146074444,0.116525451332849,-1.23022926041807,0.355330021449547,TRUE
"NSFG 25-44",0.6,8,97,2910,8.40756013745705,0.154162163744038,0.329768489795534,0.106529209621993,8.71896635404423,8.52555956091308,0.111062146074444,0.108227879793354,-0.357825041225747,-0.944317684143384,TRUE
"NSFG 25-44",0.6,9,87,2610,9.89731800766284,0.181011059412749,0.402524119836374,0.101532567049808,9.93054108545632,9.59125450602722,0.111062146074444,0.101784925155753,0.760360650586682,-0.0825368621562023,TRUE
"NSFG 25-44",0.6,10,64,1920,11.8083333333333,0.24359050753015,0.531217384100968,0.0875,11.9444036585313,10.6569494511414,0.111062146074444,0.0966692196440856,2.16744390649146,-0.25614810296219,TRUE
"NSFG 25-44",0.6,11,62,1860,12.3736559139785,0.267134144713403,0.630659061653613,0.0870967741935484,11.5300412548318,11.7226443962555,0.111062146074444,0.0925349457099662,1.03227172541694,1.33767150976106,TRUE
"NSFG 25-44",0.6,12,47,1410,12.1539007092199,0.278097038191388,0.661099599789862,0.0943262411347518,12.3913686411575,12.7883393413696,0.111062146074444,0.0891458520044911,-0.959671783724315,-0.359201445611398,TRUE
"NSFG 25-44",0.6,13,28,840,13.0559523809524,0.386683765159159,0.970587519987155,0.080952380952381,13.2607774424043,13.8540342864838,0.111062146074444,0.0863350118089171,-0.822266811695604,-0.211032037022911,TRUE
"NSFG 25-44",0.6,14,18,540,15.3444444444444,0.490757977801168,1.1345277571144,0.0648148148148148,15.055102727782,14.9197292315979,0.111062146074444,0.0839811116686381,0.37435418409399,0.255032734852035,TRUE
"NSFG 25-44",0.6,15,8,240,14.0916666666667,0.622550524128438,0.938648767077711,0.0958333333333333,15.9104872599973,15.985424176712,0.111062146074444,0.0819938557824,-2.01753582007164,-1.9377009347097,TRUE
"NSFG 25-44",0.6,16,5,150,18.64,1.13169607227382,1.39269522868429,0.0666666666666667,16.2501796524622,17.0511191218262,0.111062146074444,0.0803046434958887,1.1408676108375,1.71596792917536,TRUE
"NSFG 25-44",0.6,17,2,60,16.2166666666667,1.00501289838784,1.58333333333333,0.0666666666666667,14.7314670557359,18.1168140669403,0.111062146074444,0.0788604232599477,-1.20009309490967,0.938020806903634,FALSE
"NSFG 25-44",0.6,18,2,60,15.9,1.15390640868313,1.7,0.116666666666667,17.7482494854617,19.1825090120544,0.111062146074444,0.0776195278885574,-1.93088765414967,-1.08720557968336,FALSE
"NSFG 25-44",0.8,1,100,3000,1.96833333333333,0.109800825572016,0.106527028759565,0.191333333333333,1.8395510928032,1.88521883758636,0.296165722865184,0.2,0.780219787548633,1.20891610354403,TRUE
"NSFG 25-44",0.8,2,100,3000,3.61533333333333,0.121578550130571,0.139280998016706,0.13,3.85509842027962,3.77043767517272,0.296165722865184,0.127953533687929,-1.11360734090072,-1.72144865674734,TRUE
"NSFG 25-44",0.8,3,100,3000,5.24166666666667,0.153208569410267,0.180344709836139,0.097,5.47969944513525,5.65565651275907,0.296165722865184,0.102073439547561,-2.29554749051724,-1.31987668884141,TRUE
"NSFG 25-44",0.8,4,100,3000,7.39033333333333,0.194261541818317,0.256158837771314,0.083,7.36336692742987,7.54087535034543,0.296165722865184,0.0893532307326958,-0.587690115718344,0.105272205862892,TRUE
"NSFG 25-44",0.8,5,100,3000,9.156,0.219052249474868,0.33109378301889,0.083,9.27613245385713,9.42609418793179,0.296165722865184,0.0821479846483481,-0.815763393287217,-0.362835124120333,TRUE
"NSFG 25-44",0.8,6,100,3000,11.2706666666667,0.221426240206196,0.410496477481466,0.079,11.2301984300211,11.3113130255181,0.296165722865184,0.0777360272179693,-0.0990175582038161,0.0985836392407117,TRUE
"NSFG 25-44",0.8,7,99,2970,13.0154882154882,0.270281943253276,0.61793241635433,0.0734006734006734,12.4625494764435,13.1965318631045,0.296165722865184,0.0749045503695869,-0.29298292632779,0.894820735100696,TRUE
"NSFG 25-44",0.8,8,97,2910,15.6295532646048,0.303920497936831,0.905812136823443,0.068041237113402,15.7259860435092,15.0817507006909,0.296165722865184,0.0730322489731992,0.604763992051388,-0.106460020774873,TRUE
"NSFG 25-44",0.8,9,87,2610,17.1892720306513,0.320590650069484,0.937702742817053,0.0804597701149425,17.8887031228056,16.9669695382772,0.296165722865184,0.07176961180247,0.237071389709572,-0.745898524358624,TRUE
"NSFG 25-44",0.8,10,64,1920,20.9276041666667,0.43646235360717,1.38831804830337,0.075,21.9535681390091,18.8521883758636,0.296165722865184,0.0709067879910727,1.49491378675038,-0.73899779203778,TRUE
"NSFG 25-44",0.8,11,62,1860,22.1091397849462,0.474649539559445,1.50404358702537,0.0704301075268817,20.352165752035,20.7374072134499,0.296165722865184,0.0703118380997322,0.91202979975417,1.16816696541764,TRUE
"NSFG 25-44",0.8,12,47,1410,23.4475177304965,0.547929426809487,2.08871017397172,0.0588652482269504,21.7534761543708,22.6226260510363,0.296165722865184,0.0698990432958823,0.394928741066842,0.811046739387688,TRUE
"NSFG 25-44",0.8,13,28,840,23.4178571428571,0.686811221805143,2.54923504228846,0.0607142857142857,22.9946257841393,24.5078448886227,0.296165722865184,0.0696113984857635,-0.42757444005125,0.16602288596263,TRUE
"NSFG 25-44",0.8,14,18,540,26.5,0.782781523530191,2.62853040942839,0.0740740740740741,26.8649685617297,26.393063726209,0.296165722865184,0.0694103596229796,0.0406829129339375,-0.13884890219285,TRUE
"NSFG 25-44",0.8,15,8,240,25.1375,0.81343389170882,2.44156661179687,0.0625,28.1036554726003,28.2782825637954,0.296165722865184,0.0692695564375058,-1.28638004329684,-1.21485748464482,TRUE
"NSFG 25-44",0.8,16,5,150,32.3866666666667,1.88195611394496,3.66690302268519,0.08,28.4284656389826,30.1635014013817,0.296165722865184,0.0691707963707374,0.606278718452979,1.07943978970721,TRUE
"NSFG 25-44",0.8,17,2,60,21.3166666666667,1.10867580339657,3.38333333333333,0.05,24.1597740803937,32.0487202389681,0.296165722865184,0.069101454337885,-3.17203553861126,-0.840327314402066,FALSE
"NSFG 25-44",0.8,18,2,60,23.0833333333333,1.27416457742725,1.25,0.05,30.5916535899369,33.9339390765545,0.296165722865184,0.0690527323415409,-8.6804845945769,-6.00665620528288,FALSE
"NSFG 25-44",0.9,1,100,3000,2.55633333333333,0.150691177824298,0.152814004887598,0.100333333333333,2.51379383350427,2.52951283041858,0.666372876446663,0.1,0.175510765093065,0.278374353583304,TRUE
"NSFG 25-44",0.9,2,100,3000,5.10733333333333,0.196796973403406,0.214803739410296,0.0766666666666667,5.11779099045332,5.05902566083715,0.666372876446663,0.0769074344716277,0.224892139349163,-0.0486847070200015,TRUE
"NSFG 25-44",0.9,3,100,3000,7.338,0.223179366828069,0.281452469708166,0.074,7.55265691594341,7.58853849125573,0.666372876446663,0.0714060905974813,-0.89016270319286,-0.762675545771489,TRUE
"NSFG 25-44",0.9,4,100,3000,10.1323333333333,0.286535331090187,0.461743257816689,0.0666666666666667,10.1214183996718,10.1180513216743,0.666372876446663,0.069741703387292,0.0309306338907079,0.0236385339183892,TRUE
"NSFG 25-44",0.9,5,100,3000,12.3126666666667,0.295366198071077,0.508308914796851,0.0703333333333333,12.5548748982331,12.6475641520929,0.666372876446663,0.0692035466068254,-0.658846374079539,-0.476498098923251,TRUE
"NSFG 25-44",0.9,6,100,3000,14.991,0.330810579738113,0.654547050830452,0.0723333333333333,15.2554177998066,15.1770769825115,0.666372876446663,0.0690258458186111,-0.284283585535022,-0.403970653402477,TRUE
"NSFG 25-44",0.9,7,99,2970,17.0717171717172,0.379968936773209,1.06379229072278,0.0656565656565657,16.3937746720879,17.70658981293,0.666372876446663,0.0689667628654215,-0.596801318029388,0.63728841197807,TRUE
"NSFG 25-44",0.9,8,97,2910,19.7092783505155,0.397554856019765,1.2627897372678,0.0759450171821306,20.8808858230401,20.2361026433486,0.666372876446663,0.0689470736846161,-0.4171908254283,-0.927792995102674,TRUE
"NSFG 25-44",0.9,9,87,2610,23.2137931034483,0.434827703260804,1.44419139296272,0.0681992337164751,24.0006038004763,22.7656154737672,0.666372876446663,0.0689405073406065,0.310331187310063,-0.54481054302218,TRUE
"NSFG 25-44",0.9,10,64,1920,28.2692708333333,0.597501803977249,2.24320737663598,0.0645833333333333,30.0180790760982,25.2951283041858,0.666372876446663,0.0689383169083784,1.32584377179061,-0.779601681493869,TRUE
"NSFG 25-44",0.9,11,62,1860,30.8064516129032,0.684680389864128,2.62411279120278,0.0693548387096774,27.312105744085,27.8246411346043,0.666372876446663,0.0689375861517401,1.13631185682844,1.33162944844933,TRUE
"NSFG 25-44",0.9,12,47,1410,28.9219858156028,0.652544484560727,2.5941893442825,0.0680851063829787,28.8826476187508,30.3541539650229,0.666372876446663,0.0689373423549514,-0.552067701833916,0.0151639651665077,TRUE
"NSFG 25-44",0.9,13,28,840,30.1869047619048,0.8565107258612,3.48622819183469,0.0666666666666667,31.0544519333248,32.8836667954415,0.666372876446663,0.0689372610181137,-0.773547193454799,-0.248849795160264,TRUE
"NSFG 25-44",0.9,14,18,540,36.1240740740741,0.94595138861332,4.15587867531613,0.0555555555555556,36.3410136010915,35.4131796258601,0.666372876446663,0.0689372338819812,0.171057555755026,-0.0522006400970977,TRUE
"NSFG 25-44",0.9,15,8,240,30.5083333333333,0.826807608672815,3.03575746934738,0.0583333333333333,37.2840794239167,37.9426924562786,0.666372876446663,0.068937224828636,-2.44893052162811,-2.23197872656143,TRUE
"NSFG 25-44",0.9,16,5,150,47.0666666666667,2.0398838020647,6.17865501365611,0.0466666666666667,37.6696385948957,40.4722052866972,0.666372876446663,0.0689372218081951,1.06729722980071,1.52088570263296,TRUE
"NSFG 25-44",0.9,17,2,60,24.45,1.09174299987579,3.11666666666667,0.0666666666666667,31.1560529492778,43.0017181171158,0.666372876446663,0.0689372208004942,-5.95242292527779,-2.15167474308377,FALSE
"NSFG 25-44",0.9,18,2,60,29.5833333333333,0.825056114814376,1.21666666666667,0.0333333333333333,40.5126145222259,45.5312309475344,0.666372876446663,0.0689372204642978,-13.107861052768,-8.98297084018568,FALSE
