"tau","c","gamma","n_nets","se_imp","se_cases","sim_imp","sim_cases","th_imp","th_cases_avg","th_cases_node","z_imp","z_avg","z_node"
0.6,10,-2,50,0.11061829940505,0.659608046881028,9.496,20.812,9.42728224730338,19.923086211631,20.0871897171639,0.621215052719192,1.34763939368575,1.09884997046859
0.6,10,-1.5,50,0.148019855259423,0.827126819484294,9.396,21.08,9.43611569567823,20.1095218823308,20.2807014524649,-0.271015639137862,1.1733123564706,0.966355495561706
0.6,10,-1,50,0.106330251805305,0.643891295173339,9.48,21.114,9.44751968804335,20.4167284730869,20.5948723013149,0.305466331596046,1.08290255224744,0.806235000498622
0.6,10,-0.5,50,0.115705467036095,0.527230422459997,9.44,20.676,9.4604039027668,20.9386306349747,21.1184521996989,-0.176343463186846,-0.498132550373978,-0.839200814009351
0.6,10,0,50,0.121302119031914,0.624024397743864,9.498,22.078,9.4684163199249,21.8409005982076,22.0028342158086,0.243884280927639,0.379952134322995,0.120453277889689
0.6,10,0.5,50,0.13657889997495,0.654292950677388,9.358,23.544,9.44543479559239,23.3348711370978,23.4307967799453,-0.640177916269814,0.31962573138788,0.173016108361718
0.6,10,1,50,0.130868371321129,0.809010935573525,9.08,24.058,9.30375943806514,25.3164793840112,25.2798987401719,-1.70980532428326,-1.55557771678208,-1.51036121570555
0.6,10,1.5,50,0.167872886799653,0.898120486440024,8.846,25.9,8.87225222470445,26.7884455926998,26.6001162646565,-0.156381564676259,-0.989227621587167,-0.779534901193119
0.6,10,2,50,0.182991022418353,0.802705883056726,8.1,25.69,8.06971209594717,26.8141589405907,26.491432622337,0.165515792264332,-1.40046181835598,-0.998413789226431
0.6,10,2.5,50,0.232054884429859,0.930346654725637,7.024,24.57,7.03875833827729,25.5486450934252,25.1103032305054,-0.0635984815124832,-1.05191445409545,-0.580754740999967
0.6,10,3,50,0.246782396090986,0.937283264743027,6.032,23.252,5.99093169449299,23.627213833235,23.0957189783441,0.166415052927325,-0.400320636619795,0.166738303706664
0.6,10,3.5,50,0.225320633220977,0.971451638381595,5.05,20.598,5.07013016879821,21.5973729505454,20.9973758642199,-0.0893401039684909,-1.02874184474104,-0.411112451140854
0.6,10,4,50,0.215066956825932,0.859580391225621,4.358,19.666,4.32869899869288,19.7523974838344,19.1107350223927,0.13624129777797,-0.10051123166172,0.64597213160671
0.6,10,4.5,50,0.185938545915426,1.02528443042178,3.754,17.7,3.75698314919024,18.1857645432032,17.5267606553323,-0.0160437373302641,-0.473785155406454,0.16896710759226
0.6,10,5,50,0.191668293397415,0.929616818141447,3.29,15.896,3.32144187882953,16.890440039294,16.2326091645135,-0.164043192915268,-1.06973111919614,-0.36209452964338
0.6,10,5.5,50,0.155216504487461,0.793015222336332,3.022,15.304,2.98758020165207,15.8257910511667,15.1814606521931,0.221753469204725,-0.657983650842703,0.154523323582429
0.6,10,6,50,0.149701471643551,0.880660976257062,2.722,14.424,2.7278822433905,14.9476609747185,14.3240156823724,-0.0392931567466613,-0.594622662791472,0.113533266856587
0.6,50,-2,50,0.255105580383607,1.51128003590955,37.844,80.86,37.7167142662704,79.9177491344596,80.5701855433135,0.498953153193243,0.62347866917549,0.191767541289654
0.6,50,-1.5,50,0.249392568175606,1.24201051623929,37.942,81.122,37.8810462340717,81.0263139394387,81.711566493109,0.244408910715406,0.0770412643936786,-0.47468719902157
0.6,50,-1,50,0.219421130826229,1.24322913973151,37.992,82.422,38.089143919703,82.7060106493144,83.4211898325646,-0.442728188197601,-0.228445939881815,-0.803705287007979
0.6,50,-0.5,50,0.200156877249332,1.31070085629555,38.082,84.69,38.317456979385,85.2210389602496,85.9399114603042,-1.17636217461414,-0.405156491428956,-0.95362069407423
0.6,50,0,50,0.271996998782962,1.6917639628868,38.892,90.04,38.4530100920913,88.671106274062,89.3244081222018,1.61395129311327,0.809151723271215,0.422985649001041
0.6,50,0.5,50,0.240817654787067,1.71443954071746,37.844,89.966,38.1297524580532,91.937149642565,92.4480898854448,-1.18659264540143,-1.14973412345593,-1.44775585635766
0.6,50,1,50,0.310375151540644,1.93874356536518,36.736,90.414,36.619404533292,91.8684011370738,92.2464989019756,0.375659797922811,-0.750177157544737,-0.945199218046346
0.6,50,1.5,50,0.439011505590476,1.75735199684535,33.376,86.872,33.326212876817,86.5368601637155,86.784687048719,0.11340733112696,0.190707289652922,0.0496843839126715
0.6,50,2,50,0.732145630656768,1.52494964788069,28.424,75.39,28.4696045119067,76.8993508225824,76.9839344402599,-0.0622888534700455,-0.989770924358096,-1.04523742306845
0.6,50,2.5,50,0.89603917552841,1.68614318998798,22.924,65.444,23.042148394932,65.4758368170019,65.3731919110999,-0.131856282804046,-0.018881443278916,0.0419941137387277
0.6,50,3,50,0.920041880147034,1.68649860688362,18.068,55.18,18.0248257062775,54.5682597943336,54.2718228558382,0.0469264439523097,0.362727963823723,0.53849860323336
0.6,50,3.5,50,0.839071206630235,1.59086894494801,14.104,44.392,13.9386977871733,45.416080760701,44.9370438664148,0.197006179595325,-0.643724150850455,-0.342607647314804
0.6,50,4,50,0.762408428760397,1.55351664271216,10.844,37.346,10.8769060189757,38.3062307889119,37.6734410799171,-0.0431606180288129,-0.618101385277442,-0.210774104965781
0.6,50,4.5,50,0.65280906356253,1.45978751598879,8.624,32.14,8.68086918447391,32.9681278806991,32.2195758848835,-0.0871145755292709,-0.567293439373019,-0.0545119642495286
0.6,50,5,50,0.537786544408596,1.27757004680362,7.036,26.818,7.12066507365949,28.9626995899855,28.1368276877557,-0.157432487926224,-1.67873346385304,-1.03229383864729
0.6,50,5.5,50,0.468646422570102,1.1121158726885,6.034,24.746,5.99644535361227,25.9003888779383,25.0309622823169,0.0801342858476828,-1.03801133163186,-0.256234345102923
0.6,50,6,50,0.387398334260429,1.12879307045993,5.202,22.422,5.16597412274911,23.5024282530902,22.6165288674377,0.0929944041180946,-0.957153513220966,-0.172333506050309
0.6,200,-2,50,0.923110270459912,2.77487120495378,76.848,164.32,77.3726802017609,165.762865276263,167.143763893188,-0.568383018314218,-0.519975584339531,-1.0176198045325
0.6,200,-1.5,50,0.935384412955444,2.8682258756014,78.288,170.144,78.351862480522,170.020031405188,171.482528871979,-0.0682740482281311,0.0432213501268286,-0.466674847111996
0.6,200,-1,50,0.928456432439765,2.97627797966603,79.508,174.59,79.4845832547986,175.563335429456,177.068764536157,0.0252211567320055,-0.327031089201263,-0.832840397668339
0.6,200,-0.5,50,0.902098460620049,2.64116741349776,80.21,180.85,80.5688000316879,181.945999378348,183.405224900336,-0.397739323755496,-0.414967780060942,-0.967460406817664
0.6,200,0,50,0.908206620382236,3.07208796908486,80.774,184.85,81.0923050281038,186.859066829005,188.215797143835,-0.350476445513955,-0.653974381340314,-1.09560571757897
0.6,200,0.5,50,0.9384120760571,3.44748454881029,80.234,185.692,80.3851036028307,187.09366262929,188.418915228123,-0.161020522525202,-0.406575463775197,-0.790986932505437
0.6,200,1,50,0.855614112906093,3.1082161561689,77.73,178.932,78.0096851351202,182.535050023188,183.821826169774,-0.326882330365258,-1.15920188370316,-1.57319373045189
0.6,200,1.5,50,1.05753386591211,2.88565670381023,72.978,169.178,73.1598769814205,172.473348764397,173.615478147805,-0.171982181642563,-1.14197532923642,-1.53777063707748
0.6,200,2,50,1.42946360712039,2.55552772616219,64.384,151.532,64.9111460166679,155.190721532334,156.064048041728,-0.368771904399714,-1.43168923384293,-1.77342941551032
0.6,200,2.5,50,1.94429618974821,3.58402716143133,53.752,130.046,53.9732457847084,132.203882291736,132.772147167033,-0.113792222540484,-0.602083130105151,-0.760637976288296
0.6,200,3,50,2.19256705386957,3.85936047361556,42.194,105.37,42.4155616230272,107.810313489876,108.10621686293,-0.101051241573757,-0.632310328760167,-0.708981936679872
0.6,200,3.5,50,2.09294394749285,3.82438245248264,31.964,84.462,32.0406418296701,85.7527985910608,85.8015988311662,-0.0366191506284472,-0.337518176358859,-0.35027846921967
0.6,200,4,50,1.88599184104539,3.24344952424522,23.748,67.518,23.8318389878304,68.1002807865221,67.917757931123,-0.0444535262590991,-0.179525157450268,-0.123250856267309
0.6,200,4.5,50,1.62609649034686,3.03976514936028,17.69,54.458,17.8903886248806,55.0869658760812,54.6933723039086,-0.123232923796478,-0.206912654490293,-0.077431081791999
0.6,200,5,50,1.39598330497005,2.70564754782681,13.71,45.264,13.7936265875616,45.8599843997767,45.2848430544711,-0.0599051487677915,-0.220274218737534,-0.00770353643728821
0.6,200,5.5,50,1.2152740851515,2.51183263448691,11.056,38.712,11.0058837677984,39.3385130915267,38.620434190108,0.0412386249439079,-0.24942469610627,0.0364537862255728
0.6,200,6,50,0.977267368842366,1.90494867893803,8.974,33.134,9.07673986453363,34.6065228905836,33.7875216002491,-0.105129740139933,-0.772998720051891,-0.343065200377683
0.9,10,-2,50,0.126716782065924,1.90476054523761,9.24,34.926,9.42728224730338,35.3474648165269,35.9111712805536,-1.47795930617897,-0.221269186607561,-0.517215291453209
0.9,10,-1.5,50,0.117930799494397,1.43639673900936,9.282,34.516,9.43611569567823,35.7987266223859,36.3950706778593,-1.30683160242248,-0.89301694131563,-1.30818361447637
0.9,10,-1,50,0.125102733293686,1.50490704845509,9.546,36.422,9.44751968804335,36.5494000506044,37.1796597773853,0.787195526139795,-0.0846564249501096,-0.503459518089877
0.9,10,-0.5,50,0.128141821941988,1.42581093288224,9.502,36.836,9.4604039027668,37.8401112091703,38.4859917297295,0.324609847142925,-0.704238679907242,-1.1572303814462
0.9,10,0,50,0.113416696031826,1.70589922424078,9.464,39.822,9.4684163199249,40.1049989189318,40.6935350063302,-0.0389388871252466,-0.165894277288136,-0.510894778510779
0.9,10,0.5,50,0.102698687470499,2.06977518250714,9.514,42.652,9.44543479559239,43.9255829622851,44.2741346817877,0.667634670864785,-0.615324298527155,-0.783725061300043
0.9,10,1,50,0.115788688601967,2.0248610735917,9.284,45.888,9.30375943806514,49.1537935016335,49.0095194442993,-0.170650849437189,-1.61284818214252,-1.54159684583317
0.9,10,1.5,50,0.108232553856433,2.90161227525636,8.88,51.008,8.87225222470445,53.4876376776776,52.7777095886688,0.071584518885397,-0.854572369583212,-0.609905604466895
0.9,10,2,50,0.173801669750792,2.87231110815678,8.116,50.404,8.06971209594717,54.7165146131577,53.5031640107069,0.266326003192055,-1.50140930100191,-1.0789792240492
0.9,10,2.5,50,0.235432732279459,2.57562484592356,7,47.374,7.03875833827729,53.0736277232452,51.4189333653616,-0.164625954522278,-2.21291067768117,-1.57046682158059
0.9,10,3,50,0.236312487686823,2.70395968150113,6.008,45.09,5.99093169449299,49.8472076390315,47.8289232706555,0.0722276917063885,-1.7593485848097,-1.0129305142357
0.9,10,3.5,50,0.23562768972102,2.8138990887437,5.07,41.132,5.07013016879821,46.1788276041316,43.8886878702315,-0.000552434216716793,-1.79353539162799,-0.979668347475208
0.9,10,4,50,0.196089109273081,2.55970854527126,4.352,37.754,4.32869899869288,42.7097632276832,40.2517107478224,0.118828635580543,-1.93606543090166,-0.975779352862909
0.9,10,4.5,50,0.202246364211411,2.65513595485721,3.718,34.9,3.75698314919024,39.6799270598337,37.1498668251628,-0.192750803418591,-1.80025698913438,-0.847364076045525
0.9,10,5,50,0.17972677676327,2.63536917601264,3.404,33.806,3.32144187882953,37.1184508817946,34.5900883111977,0.459353484535086,-1.25692100823853,-0.297525036846644
0.9,10,5.5,50,0.157507110302736,2.41542492142074,2.972,30.3,2.98758020165207,34.9748428998335,32.4975273798861,-0.0989174496448358,-1.93541221603518,-0.909789147407444
0.9,10,6,50,0.157006694254787,2.51637147252847,2.764,28.716,2.7278822433905,33.1808291529807,30.7834392780541,0.230039596597666,-1.77431241838646,-0.821595420479299
0.9,50,-2,50,0.261699469324831,4.2488688914984,37.566,136.212,37.7167142662704,141.873866341461,144.118742495695,-0.575905891820261,-1.33255849640124,-1.86090526622631
0.9,50,-1.5,50,0.254898779430389,4.60969474397742,37.648,141.602,37.8810462340717,144.39004627435,146.783225339104,-0.914269713619098,-0.604822321042645,-1.12398447768666
0.9,50,-1,50,0.248599177433088,4.69094394573638,37.518,142.58,38.089143919703,148.275918841596,150.811650199931,-2.29744895216593,-1.21423724254321,-1.75479611249939
0.9,50,-0.5,50,0.259430459401563,4.71525752753976,37.864,145.776,38.317456979385,154.245223708618,156.828419749706,-1.74789413868752,-1.79613174023953,-2.34396948314145
0.9,50,0,50,0.276502352648957,5.40382876358258,38.424,159.55,38.4530100920913,162.737479018535,165.108122137897,-0.104918066025075,-0.589855666785025,-1.0285526024352
0.9,50,0.5,50,0.289703719164872,5.90236770893076,37.954,164.546,38.1297524580532,171.451603579862,173.321763498265,-0.606662760698394,-1.16997176733221,-1.48682087105249
0.9,50,1,50,0.296419586782944,5.29723261597554,36.206,162.302,36.619404533292,173.502413702661,174.913002014234,-1.39465997432448,-2.11438962844157,-2.38067740808692
0.9,50,1.5,50,0.474328741593887,5.30467109523026,32.98,155.258,33.326212876817,165.043362190531,166.007211508697,-0.729900692194145,-1.84466897473241,-2.0263671989697
0.9,50,2,50,0.705762635706357,4.78064175522876,28.484,139.066,28.4696045119067,148.244538294531,148.638734840109,0.0203970674628839,-1.91993852802131,-2.00239535406291
0.9,50,2.5,50,0.870266203702133,4.62598777979098,22.94,121.496,23.042148394932,127.95469204333,127.672755266477,-0.117376033330302,-1.3961757684586,-1.33522948189801
0.9,50,3,50,0.907452320667987,4.4849105831416,17.728,99.726,18.0248257062775,108.409869178692,107.39581057618,-0.327097853536818,-1.93624131801745,-1.71013678734421
0.9,50,3.5,50,0.859811512329705,4.56103386060124,13.822,84.644,13.9386977871733,91.8599175912065,90.1281351651894,-0.135724848411413,-1.58207937317424,-1.20238861030215
0.9,50,4,50,0.745829274112011,4.11746896695987,10.814,74.204,10.8769060189757,78.8485905046523,76.4950714178681,-0.0843437247090772,-1.12802076759346,-0.556427124588554
0.9,50,4.5,50,0.663913013726887,3.51567174758035,8.834,64.366,8.68086918447391,68.9325889312502,66.1020289231094,0.230648913878771,-1.2989235796525,-0.493797216507535
0.9,50,5,50,0.54122921320314,3.85365518510859,6.974,55.188,7.12066507365949,61.364898635045,58.2114643021204,-0.270985139164032,-1.60286749549207,-0.784570532881023
0.9,50,5.5,50,0.439766542889404,3.73019087983444,5.908,48.518,5.99644535361227,55.4773204301827,52.1393334631777,-0.20111887782813,-1.86567407791517,-0.97081719939715
0.9,50,6,50,0.406239499079354,3.36081987081748,5.252,46.46,5.16597412274911,50.7900799183929,47.3790635239524,0.21176147924032,-1.28839988003868,-0.273464082955704
0.9,200,-2,50,0.932417923290554,7.21460983147448,77.038,278.638,77.3726802017609,295.276862740364,300.112787778549,-0.358937975559024,-2.30627339925927,-2.97656952769129
0.9,200,-1.5,50,0.929512314526894,7.1064607799049,77.544,283.588,78.351862480522,304.423723024448,309.617651254064,-0.869125096995784,-2.9319409013507,-3.66281501583301
0.9,200,-1,50,0.938571428571428,7.44980263264109,79.09,291.414,79.4845832547986,316.590474019146,321.993028768903,-0.420408338445987,-3.37948201591758,-4.10467636215241
0.9,200,-0.5,50,0.909468604657215,8.38767677693208,79.526,304.094,80.5688000316879,330.991210554237,336.257487901616,-1.14660366102569,-3.20675334416921,-3.8346122242183
0.9,200,0,50,0.91265394563865,8.33622752245417,80.326,309.432,81.0923050281038,342.55492167823,347.467387725402,-0.839644677772774,-3.97337063905844,-4.56266190227553
0.9,200,0.5,50,0.919699551650495,8.96688764060215,79.622,314.176,80.3851036028307,344.195383013961,349.027930054915,-0.829731406806945,-3.3478040784221,-3.8867365636551
0.9,200,1,50,0.895420594366874,8.25570607371109,77.026,305.812,78.0096851351202,336.355573877851,341.090361450677,-1.09857327529494,-3.69969250420767,-4.27320947907961
0.9,200,1.5,50,1.01459186526466,7.7401344132188,72.558,291.638,73.1598769814205,318.445426568196,322.694436050063,-0.593220783672895,-3.46343165855285,-4.0123897586357
0.9,200,2,50,1.41141052620043,7.30151770077248,64.264,264.682,64.9111460166679,287.595114204765,290.912019690306,-0.458510124910301,-3.13813033725036,-3.59240650577773
0.9,200,2.5,50,1.94001264460428,7.9921538053881,53.486,230.42,53.9732457847084,246.72286415843,248.986216113354,-0.251155983989907,-2.03985866080789,-2.32305540727176
0.9,200,3,50,2.16501994146446,8.55261946268331,42.512,192.654,42.4155616230272,203.520336446048,204.827196831809,0.0445438746894546,-1.2705272920723,-1.42332964595498
0.9,200,3.5,50,2.10073225328693,7.51479300840573,31.874,154.604,32.0406418296701,164.479012629064,164.870578036034,-0.079325592021258,-1.31407646465024,-1.36618241175105
0.9,200,4,50,1.90584458753507,6.13201317942591,23.892,124.248,23.8318389878304,133.147496340393,132.63808526141,0.031566588673135,-1.45131722323307,-1.36824318798926
0.9,200,4.5,50,1.57599671086366,6.4545306726424,17.578,102.316,17.8903886248806,109.906058471527,108.549642960978,-0.198216546219469,-1.17592724498112,-0.965777881790727
0.9,200,5,50,1.42951683003277,5.56267881436963,13.6,85.996,13.7936265875616,93.2542514278736,91.1559431082473,-0.135448973732716,-1.30481224425971,-0.927600402690519
0.9,200,5.5,50,1.18774246504253,5.29154446803037,10.982,75.75,11.0058837677984,81.3119106440727,78.6202462435053,-0.0201085407833179,-1.05109400056557,-0.542421264877641
0.9,200,6,50,1.01713968699346,4.62506834808847,9.046,62.986,9.07673986453363,72.492413600185,69.3749365309742,-0.0302218711222428,-2.05541040363521,-1.38137126851644
