"net_seed","tau","c","gstar_sim","gstar_node","gstar_avg"
2001,0.6,10,-1.5,1.5,2
2001,0.6,50,0,0.5,0.5
2001,0.6,200,1,0,0.5
2001,0.9,10,0.5,1.5,2
2001,0.9,50,0,0.5,1
2001,0.9,200,0.5,0,0.5
2002,0.6,10,0.5,1.5,2
2002,0.6,50,1,0.5,0.5
2002,0.6,200,0,0,0
2002,0.9,10,1,1.5,2
2002,0.9,50,1,0.5,1
2002,0.9,200,-0.5,0,0.5
2003,0.6,10,1.5,1.5,1.5
2003,0.6,50,0,0.5,0.5
2003,0.6,200,0.5,0.5,0.5
2003,0.9,10,1.5,1.5,1.5
2003,0.9,50,0.5,0.5,0.5
2003,0.9,200,0.5,0.5,0.5
2004,0.6,10,1.5,2,2
2004,0.6,50,-2,1,1
2004,0.6,200,0.5,0.5,0.5
2004,0.9,10,2,2.5,2
2004,0.9,50,0.5,1,1
2004,0.9,200,0,0.5,0.5
2005,0.6,10,1.5,1.5,1.5
2005,0.6,50,1,0.5,1
2005,0.6,200,0.5,0,0.5
2005,0.9,10,0,1.5,2
2005,0.9,50,-0.5,0.5,1
2005,0.9,200,0.5,0.5,0.5
2006,0.6,10,0.5,2,2
2006,0.6,50,1.5,1,1
2006,0.6,200,0,0.5,0.5
2006,0.9,10,2.5,2,2
2006,0.9,50,0.5,1,1
2006,0.9,200,0.5,0.5,0.5
2007,0.6,10,2,2,2
2007,0.6,50,1,1,1
2007,0.6,200,0,0.5,0.5
2007,0.9,10,2.5,2,2
2007,0.9,50,1,1,1
2007,0.9,200,1,0.5,0.5
2008,0.6,10,1.5,1.5,2
2008,0.6,50,-0.5,0.5,0.5
2008,0.6,200,0,0,0.5
2008,0.9,10,2,1,2
2008,0.9,50,-0.5,0.5,1
2008,0.9,200,1,0,0.5
2009,0.6,10,2.5,2.5,2
2009,0.6,50,-0.5,1,0.5
2009,0.6,200,-1,0.5,0
2009,0.9,10,4,3,2.5
2009,0.9,50,1.5,1,1
2009,0.9,200,1,0.5,0.5
2010,0.6,10,-2,1.5,2
2010,0.6,50,-0.5,0.5,1
2010,0.6,200,0,0,0.5
2010,0.9,10,2.5,1.5,2
2010,0.9,50,1,0.5,1
2010,0.9,200,0.5,0,0.5
2011,0.6,10,-2,2,2
2011,0.6,50,-1.5,0.5,0.5
2011,0.6,200,-2,0,0
2011,0.9,10,-2,2.5,2.5
2011,0.9,50,-2,1,1
2011,0.9,200,1,0.5,0.5
2012,0.6,10,1,1.5,2
2012,0.6,50,1.5,0.5,1
2012,0.6,200,0,0.5,0.5
2012,0.9,10,1.5,1.5,2
2012,0.9,50,1,1,1
2012,0.9,200,1,0.5,0.5
2013,0.6,10,1,2,2
2013,0.6,50,1,1,1
2013,0.6,200,0.5,0.5,0.5
2013,0.9,10,2,2,2
2013,0.9,50,0.5,1,1
2013,0.9,200,0,0.5,0.5
2014,0.6,10,0.5,2,2
2014,0.6,50,0.5,0.5,0.5
2014,0.6,200,0.5,0,0
2014,0.9,10,2,2,2
2014,0.9,50,0,0.5,1
2014,0.9,200,-1,0,0.5
2015,0.6,10,1.5,1,2.5
2015,0.6,50,0,0,1
2015,0.6,200,-0.5,0,0.5
2015,0.9,10,-1,-2,2.5
2015,0.9,50,0.5,-1,1
2015,0.9,200,-2,0,0.5
2016,0.6,10,2,1.5,1.5
2016,0.6,50,0,0.5,0.5
2016,0.6,200,0.5,0,0.5
2016,0.9,10,1,1.5,1.5
2016,0.9,50,0.5,0.5,0.5
2016,0.9,200,0.5,0,0.5
2017,0.6,10,1,2,2
2017,0.6,50,1,0.5,1
2017,0.6,200,0,0,0.5
2017,0.9,10,-0.5,2,2
2017,0.9,50,1,0.5,1
2017,0.9,200,-1,0,0.5
2018,0.6,10,1,1.5,1.5
2018,0.6,50,0.5,0.5,0.5
2018,0.6,200,0,0,0.5
2018,0.9,10,0.5,1.5,1.5
2018,0.9,50,0,0.5,0.5
2018,0.9,200,1,0.5,0.5
2019,0.6,10,2,1.5,1.5
2019,0.6,50,1,0.5,0.5
2019,0.6,200,1,0.5,0.5
2019,0.9,10,2.5,1.5,1.5
2019,0.9,50,1,1,1
2019,0.9,200,0.5,0.5,0.5
2020,0.6,10,-1.5,1.5,2.5
2020,0.6,50,0,0.5,1
2020,0.6,200,1,0,0.5
2020,0.9,10,1.5,0.5,2.5
2020,0.9,50,1,0,1
2020,0.9,200,0.5,0,0.5
2021,0.6,10,3,2.5,2
2021,0.6,50,1,1,1
2021,0.6,200,0.5,0.5,0.5
2021,0.9,10,3,2.5,2.5
2021,0.9,50,2,1.5,1
2021,0.9,200,0,0.5,0.5
2022,0.6,10,3,2,2
2022,0.6,50,1,1,0.5
2022,0.6,200,0,0.5,0.5
2022,0.9,10,3,2.5,2
2022,0.9,50,2,1,1
2022,0.9,200,0.5,0.5,0.5
2023,0.6,10,3.5,1.5,1.5
2023,0.6,50,1,0.5,0.5
2023,0.6,200,-0.5,0,0
2023,0.9,10,1.5,1.5,1.5
2023,0.9,50,0,0.5,0.5
2023,0.9,200,0,0.5,0.5
2024,0.6,10,1.5,2,2
2024,0.6,50,0,0.5,0.5
2024,0.6,200,0,0,0
2024,0.9,10,-0.5,2,2
2024,0.9,50,-1.5,1,1
2024,0.9,200,1,0.5,0.5
2025,0.6,10,1.5,2,2
2025,0.6,50,1.5,1,1
2025,0.6,200,-0.5,0.5,0.5
2025,0.9,10,2.5,2,2.5
2025,0.9,50,0,1,1
2025,0.9,200,1,0.5,0.5
2026,0.6,10,3,2,2
2026,0.6,50,1.5,1,1
2026,0.6,200,0,0.5,0.5
2026,0.9,10,3,2,2.5
2026,0.9,50,1,1,1
2026,0.9,200,0.5,0.5,0.5
2027,0.6,10,2.5,2,2
2027,0.6,50,1,1,1
2027,0.6,200,0.5,0.5,0.5
2027,0.9,10,1.5,2,2
2027,0.9,50,0.5,1,1
2027,0.9,200,0.5,0.5,0.5
2028,0.6,10,2,2,2
2028,0.6,50,0.5,0.5,1
2028,0.6,200,0,0,0.5
2028,0.9,10,2,2,2.5
2028,0.9,50,1.5,1,1
2028,0.9,200,0.5,0.5,0.5
2029,0.6,10,2,2,2
2029,0.6,50,0,0.5,1
2029,0.6,200,0,0,0.5
2029,0.9,10,1.5,2,2.5
2029,0.9,50,0.5,0.5,1
2029,0.9,200,0,0,0.5
2030,0.6,10,1.5,2,2
2030,0.6,50,0.5,0.5,0.5
2030,0.6,200,-0.5,0,0
2030,0.9,10,-2,2,2
2030,0.9,50,0,0.5,1
2030,0.9,200,0.5,0,0.5
2031,0.6,10,4,2.5,2
2031,0.6,50,2,1,1
2031,0.6,200,0.5,0.5,0.5
2031,0.9,10,4.5,3,2.5
2031,0.9,50,1,1.5,1
2031,0.9,200,-0.5,0.5,0.5
2032,0.6,10,0,1.5,1.5
2032,0.6,50,-1.5,0.5,1
2032,0.6,200,0,0,0.5
2032,0.9,10,-1,2,2
2032,0.9,50,-2,0.5,1
2032,0.9,200,0.5,0.5,0.5
2033,0.6,10,2,2,1.5
2033,0.6,50,0.5,0.5,0.5
2033,0.6,200,0,0.5,0.5
2033,0.9,10,1.5,2,2
2033,0.9,50,1,1,1
2033,0.9,200,-0.5,0.5,0.5
2034,0.6,10,1,1.5,2
2034,0.6,50,1,0.5,1
2034,0.6,200,1,0,0.5
2034,0.9,10,2,1,2.5
2034,0.9,50,-1.5,0.5,1
2034,0.9,200,-0.5,0,0.5
2035,0.6,10,3,2,2
2035,0.6,50,1,1,0.5
2035,0.6,200,0.5,0.5,0
2035,0.9,10,3,2.5,2
2035,0.9,50,2,1,1
2035,0.9,200,0.5,0.5,0.5
2036,0.6,10,-0.5,1.5,2
2036,0.6,50,0.5,0.5,0.5
2036,0.6,200,-0.5,0,0
2036,0.9,10,2,1.5,2.5
2036,0.9,50,1.5,0.5,1
2036,0.9,200,0,0,0.5
2037,0.6,10,1.5,2,2
2037,0.6,50,0,1,1
2037,0.6,200,1.5,0.5,0.5
2037,0.9,10,1,2.5,2
2037,0.9,50,1,1,1
2037,0.9,200,0.5,0.5,0.5
2038,0.6,10,3,2.5,2
2038,0.6,50,1,1,0.5
2038,0.6,200,1,0.5,0
2038,0.9,10,3,3,2.5
2038,0.9,50,1.5,1.5,1
2038,0.9,200,0.5,0.5,0.5
2039,0.6,10,2,2,2
2039,0.6,50,0.5,0.5,0.5
2039,0.6,200,-0.5,0,0
2039,0.9,10,3,2,2
2039,0.9,50,0.5,1,1
2039,0.9,200,0,0.5,0.5
2040,0.6,10,2,2,1.5
2040,0.6,50,1,1,1
2040,0.6,200,1,0.5,0.5
2040,0.9,10,1,2,2
2040,0.9,50,1,1,1
2040,0.9,200,1,0.5,0.5
2041,0.6,10,3,1.5,2
2041,0.6,50,1,0.5,0.5
2041,0.6,200,0.5,0,0
2041,0.9,10,2,1.5,2
2041,0.9,50,0.5,0.5,1
2041,0.9,200,0.5,0,0.5
2042,0.6,10,2.5,1.5,2
2042,0.6,50,0.5,0.5,1
2042,0.6,200,0.5,0.5,0.5
2042,0.9,10,1.5,1.5,2
2042,0.9,50,0.5,1,1
2042,0.9,200,0.5,0.5,0.5
2043,0.6,10,2,2,2
2043,0.6,50,-1,1,1
2043,0.6,200,0.5,0.5,0
2043,0.9,10,3,2.5,2
2043,0.9,50,0,1,1
2043,0.9,200,0,0.5,0.5
2044,0.6,10,-1.5,2.5,2
2044,0.6,50,0.5,1,1
2044,0.6,200,-1.5,0.5,0.5
2044,0.9,10,1,2.5,2
2044,0.9,50,0,1,1
2044,0.9,200,0.5,0.5,0.5
2045,0.6,10,0,1.5,2
2045,0.6,50,0.5,0.5,1
2045,0.6,200,-2,0,0.5
2045,0.9,10,-2,-2,2
2045,0.9,50,0,0,1
2045,0.9,200,-1,0,0.5
2046,0.6,10,2,2,2
2046,0.6,50,0,1,1
2046,0.6,200,0.5,0.5,0.5
2046,0.9,10,3.5,2.5,2.5
2046,0.9,50,1.5,1,1
2046,0.9,200,1,0.5,0.5
2047,0.6,10,3.5,2.5,2
2047,0.6,50,1.5,1,1
2047,0.6,200,0.5,0.5,0.5
2047,0.9,10,2.5,3,2.5
2047,0.9,50,1.5,1,1
2047,0.9,200,0,0.5,0.5
2048,0.6,10,1.5,2,2
2048,0.6,50,1,1,0.5
2048,0.6,200,0.5,0.5,0.5
2048,0.9,10,2,2,2
2048,0.9,50,1,1,1
2048,0.9,200,-1.5,0.5,0.5
2049,0.6,10,1.5,2,2
2049,0.6,50,1,0.5,1
2049,0.6,200,0.5,0,0.5
2049,0.9,10,2,2,2
2049,0.9,50,1,1,1
2049,0.9,200,0,0,0.5
2050,0.6,10,1,1.5,1.5
2050,0.6,50,0,0.5,0.5
2050,0.6,200,0.5,0.5,0.5
2050,0.9,10,2,2,1.5
2050,0.9,50,1,1,1
2050,0.9,200,1,0.5,0.5
