"network","net_seed","kappa_m","kappa_f"
"NSFG 25-44",1001,0.540681437348725,0.619623906162726
"NSFG 25-44",1002,0.580345532231098,0.666542819988854
"NSFG 25-44",1003,0.605060506050605,0.905023835716905
"NSFG 25-44",1004,0.658644946316179,0.726767863754165
"NSFG 25-44",1005,0.559206902882321,0.662382963098954
"NSFG 25-44",1006,0.780374665477253,0.921320249776985
"NSFG 25-44",1007,0.576047024246877,0.77773695811903
"NSFG 25-44",1008,0.709193931639554,0.814476329738622
"NSFG 25-44",1009,0.531203566121842,0.716939078751857
"NSFG 25-44",1010,0.640885984023239,0.69680464778504
"NSFG 25-44",1011,0.525282459714762,0.74754584182256
"NSFG 25-44",1012,0.823045267489712,0.89747718733226
"NSFG 25-44",1013,0.671088008603692,0.830614805520703
"NSFG 25-44",1014,0.591266215969304,0.848163712771789
"NSFG 25-44",1015,0.642006958432522,0.651162790697674
"NSFG 25-44",1016,0.66091743119266,0.69651376146789
"NSFG 25-44",1017,0.543714821763602,0.658536585365854
"NSFG 25-44",1018,0.570203244452732,0.557150848405743
"NSFG 25-44",1019,0.602146625432054,0.740403856649081
"NSFG 25-44",1020,0.695509907289584,0.779131067078713
"NSFG 25-44",1021,0.765873015873016,0.92027417027417
"NSFG 25-44",1022,0.667866786678668,0.955895589558956
"NSFG 25-44",1023,0.6296363968573,0.751324684816371
"NSFG 25-44",1024,0.645056139080044,0.798623687069903
"NSFG 25-44",1025,0.590157914065369,0.81013587954462
"NSFG 25-44",1026,0.753402286336418,0.814008346942479
"NSFG 25-44",1027,0.651441000543774,0.925502990755846
"NSFG 25-44",1028,0.678058534811853,0.798763861116161
"NSFG 25-44",1029,0.532985464032799,0.702571748043235
"NSFG 25-44",1030,0.536594404298684,0.707800629979618
"NSFG 25-44",1031,0.561011904761905,0.761904761904762
"NSFG 25-44",1032,0.797894736842105,1.07122807017544
"NSFG 25-44",1033,0.661558109833972,0.883050538222952
"NSFG 25-44",1034,0.77271915729334,0.915907873594001
"NSFG 25-44",1035,0.533011869436202,0.674703264094956
"NSFG 25-44",1036,0.601845018450184,0.715129151291513
"NSFG 25-44",1037,0.606027397260274,0.717442922374429
"NSFG 25-44",1038,0.556129985228951,0.709010339734121
"NSFG 25-44",1039,0.661786237188873,0.803440702781845
"NSFG 25-44",1040,0.652448942707392,1.00885595517802
"NSFG 25-44",1041,0.788838883888389,0.950855085508551
"NSFG 25-44",1042,0.629217649239896,0.566555431961439
"NSFG 25-44",1043,0.654697134566558,0.851287631483497
"NSFG 25-44",1044,0.665212649945475,0.878226099600145
"NSFG 25-44",1045,0.594404298684454,0.712988697424495
"NSFG 25-44",1046,0.644676562213671,0.659703133589885
"NSFG 25-44",1047,0.690810810810811,0.851171171171172
"NSFG 25-44",1048,0.588343445486303,0.714101856959
"NSFG 25-44",1049,0.600184331797235,0.691244239631337
"NSFG 25-44",1050,0.580276497695853,0.679078341013825
"NSFG 25-44",1051,0.662630709961475,0.658594753256283
"NSFG 25-44",1052,0.537435137138621,0.759822090437361
"NSFG 25-44",1053,0.788073558293162,0.942688805570434
"NSFG 25-44",1054,0.618613138686131,0.725547445255475
"NSFG 25-44",1055,0.789369011028747,0.789007412764419
"NSFG 25-44",1056,0.699110223352098,0.914472489558743
"NSFG 25-44",1057,0.683479532163743,0.736842105263158
"NSFG 25-44",1058,0.581180811808118,0.653874538745387
"NSFG 25-44",1059,0.531843575418994,0.700931098696462
"NSFG 25-44",1060,0.576283708902844,0.702253417066864
"NSFG 25-44",1061,0.745395449620802,0.901408450704225
"NSFG 25-44",1062,0.641226949059705,0.742742377213803
"NSFG 25-44",1063,0.590917516218721,0.705468025949954
"NSFG 25-44",1064,0.576810534016094,0.752011704462326
"NSFG 25-44",1065,0.705074950334116,0.953584973812534
"NSFG 25-44",1066,0.613577981651376,0.790825688073395
"NSFG 25-44",1067,0.619723502304148,0.607557603686636
"NSFG 25-44",1068,0.582857142857143,0.542304147465438
"NSFG 25-44",1069,0.540759867207672,0.66433050534858
"NSFG 25-44",1070,0.668840579710145,0.857246376811594
"NSFG 25-44",1071,0.60738316057465,0.930350972904165
"NSFG 25-44",1072,0.589023255813953,0.749767441860465
"NSFG 25-44",1073,0.616372980910426,0.726138032305433
"NSFG 25-44",1074,0.62125340599455,0.693188010899183
"NSFG 25-44",1075,0.577441388222263,0.721063319180358
"NSFG 25-44",1076,0.612394572790613,0.711771177117712
"NSFG 25-44",1077,0.526979417763768,0.651214537363249
"NSFG 25-44",1078,0.672223228845805,0.882043848523283
"NSFG 25-44",1079,0.599334073251942,0.597114317425083
"NSFG 25-44",1080,0.619733722414737,0.828378624840416
"NSFG 25-44",1081,0.658144631117604,0.758217677136596
"NSFG 25-44",1082,0.604303428154632,0.840991976659373
"NSFG 25-44",1083,0.658283214871514,0.766903590304356
"NSFG 25-44",1084,0.599224663097656,0.635776259922466
"NSFG 25-44",1085,0.688273852876912,0.759286234522942
"NSFG 25-44",1086,0.819713716252945,0.726218517847436
"NSFG 25-44",1087,0.667394866193337,0.65137447660659
"NSFG 25-44",1088,0.628884826325411,0.740767824497258
"NSFG 25-44",1089,0.657932519741565,0.856066044508256
"NSFG 25-44",1090,0.775422974176314,0.92359750667854
"NSFG 25-44",1091,0.555105049760413,0.807593070401769
"NSFG 25-44",1092,0.578908824606372,0.881728304650311
"NSFG 25-44",1093,0.507546115148127,0.630892491149618
"NSFG 25-44",1094,0.622548120989918,0.667644362969753
"NSFG 25-44",1095,0.630565146283845,0.759222242413229
"NSFG 25-44",1096,0.696657633242999,0.8386630532972
"NSFG 25-44",1097,0.595246800731261,0.906764168190128
"NSFG 25-44",1098,0.679671832269827,0.790519598906108
"NSFG 25-44",1099,0.609747160131916,0.720410406742397
"NSFG 25-44",1100,0.748504079782412,0.809791477787851
