"type","level","c","R_med","A_med","frac_identifiable","gstar_med","gstar_q25","gstar_q75","gain_opt_med","gain_hub_med"
"NB(1.2,0.7)",0.3,1,0.3,0.151238665020411,1,3.975,3.4375,4.6,1.37044340465391,1.2006706901241
"NB(1.2,0.7)",0.3,1.25892541179417,0.3,0.151238665020411,1,3.55,3.0875,4.1,1.33287360404515,1.09118769776206
"NB(1.2,0.7)",0.3,1.58489319246111,0.3,0.151238665020411,1,3.15,2.7375,3.5125,1.29062939587372,0.97203072481971
"NB(1.2,0.7)",0.3,1.99526231496888,0.3,0.151238665020411,1,2.8,2.45,3.0625,1.25622914145166,0.848445703452103
"NB(1.2,0.7)",0.3,2.51188643150958,0.3,0.151238665020411,1,2.45,2.1875,2.7,1.2242729207844,0.723698256881363
"NB(1.2,0.7)",0.3,3.16227766016838,0.3,0.151238665020411,1,2.175,1.9375,2.35,1.19449607652706,0.607198260487171
"NB(1.2,0.7)",0.3,3.98107170553497,0.3,0.151238665020411,1,1.95,1.7,2.1,1.16564461500177,0.499472739473907
"NB(1.2,0.7)",0.3,5.01187233627272,0.3,0.151238665020411,1,1.7,1.55,1.8125,1.1375354665694,0.40768394336987
"NB(1.2,0.7)",0.3,6.30957344480193,0.3,0.151238665020411,1,1.45,1.3375,1.6,1.11320745985127,0.331571068212863
"NB(1.2,0.7)",0.3,7.94328234724282,0.3,0.151238665020411,1,1.25,1.15,1.35,1.09271834949002,0.267741234886455
"NB(1.2,0.7)",0.3,10,0.3,0.151238665020411,1,1.05,0.95,1.15,1.07395117147844,0.219421065689568
"NB(1.2,0.7)",0.3,12.5892541179417,0.3,0.151238665020411,1,0.9,0.8,1,1.05793235006814,0.179900512935831
"NB(1.2,0.7)",0.3,15.8489319246111,0.3,0.151238665020411,1,0.75,0.6875,0.8,1.04463104441787,0.151215580735963
"NB(1.2,0.7)",0.3,19.9526231496888,0.3,0.151238665020411,1,0.6,0.55,0.65,1.03394221913457,0.128906926907088
"NB(1.2,0.7)",0.3,25.1188643150958,0.3,0.151238665020411,1,0.5,0.45,0.55,1.02541299703746,0.109833030347654
"NB(1.2,0.7)",0.3,31.6227766016838,0.3,0.151238665020411,1,0.4,0.35,0.45,1.01870612269281,0.0932589034893096
"NB(1.2,0.7)",0.3,39.8107170553497,0.3,0.151238665020411,1,0.35,0.3,0.35,1.0133402421321,0.0797983823148453
"NB(1.2,0.7)",0.3,50.1187233627273,0.3,0.151238665020411,1,0.25,0.25,0.3,1.00914206818586,0.0704511844216326
"NB(1.2,0.7)",0.3,63.0957344480193,0.3,0.151238665020411,1,0.2,0.2,0.25,1.00621661627621,0.0645134084748346
"NB(1.2,0.7)",0.3,79.4328234724282,0.3,0.151238665020411,1,0.15,0.15,0.2,1.00407893348267,0.0609398573664308
"NB(1.2,0.7)",0.3,100,0.3,0.151238665020411,1,0.15,0.1,0.15,1.00253442067136,0.0571829018342915
"NB(1.2,0.7)",0.3,125.892541179417,0.3,0.151238665020411,1,0.1,0.1,0.1,1.00144255439498,0.0561117101934769
"NB(1.2,0.7)",0.3,158.489319246111,0.3,0.151238665020411,1,0.1,0.1,0.1,1.00068916212753,0.0548668436038099
"NB(1.2,0.7)",0.3,199.526231496888,0.3,0.151238665020411,1,0.05,0.05,0.05,1.00029035893091,0.0551271001172371
"NB(1.2,0.7)",0.3,251.188643150958,0.3,0.151238665020411,1,0.05,0.05,0.05,1.00010957512922,0.0556198891204268
"NB(1.2,0.7)",0.3,316.227766016838,0.3,0.151238665020411,1,0.05,0.05,0.05,1.00002987402098,0.0572977135348471
"NB(1.2,0.7)",0.3,398.107170553497,0.3,0.151238665020411,0.93,0.05,0.05,0.05,1.00000514991134,0.0586540820122018
"NB(1.2,0.7)",0.3,501.187233627272,0.3,0.151238665020411,0.69,0.05,0.05,0.05,1.00000026763565,0.0588524579682826
"NB(1.2,0.7)",0.3,630.957344480194,0.3,0.151238665020411,0.16,0.05,0.05,0.05,1,0.05949260008004
"NB(1.2,0.7)",0.3,794.328234724282,0.3,0.151238665020411,0,NA,NA,NA,1,0.0606704698285635
"NB(1.2,0.7)",0.3,1000,0.3,0.151238665020411,0,NA,NA,NA,1,0.0639042624760503
"NB(1.2,0.7)",0.3,1258.92541179417,0.3,0.151238665020411,0,NA,NA,NA,1,0.0643231057842695
"NB(1.2,0.7)",0.3,1584.89319246111,0.3,0.151238665020411,0,NA,NA,NA,1,0.0648383763917524
"NB(1.2,0.7)",0.3,1995.26231496888,0.3,0.151238665020411,0,NA,NA,NA,1,0.0654742986595924
"NB(1.2,0.7)",0.3,2511.88643150958,0.3,0.151238665020411,0,NA,NA,NA,1,0.0667136977924152
"NB(1.2,0.7)",0.3,3162.27766016838,0.3,0.151238665020411,0,NA,NA,NA,1,0.067657653326304
"NB(1.2,0.7)",0.6,1,0.6,0.528242495730363,1,5.2,4.45,6.2625,1.94491287417369,1.70983051301378
"NB(1.2,0.7)",0.6,1.25892541179417,0.6,0.528242495730363,1,4.65,3.85,5.325,1.87133059902274,1.59150241907917
"NB(1.2,0.7)",0.6,1.58489319246111,0.6,0.528242495730363,1,4.1,3.45,4.6625,1.78072006715736,1.4393650113118
"NB(1.2,0.7)",0.6,1.99526231496888,0.6,0.528242495730363,1,3.675,3.1375,4.15,1.69620054472438,1.26265837119684
"NB(1.2,0.7)",0.6,2.51188643150958,0.6,0.528242495730363,1,3.25,2.85,3.65,1.61756875053488,1.07921466097322
"NB(1.2,0.7)",0.6,3.16227766016838,0.6,0.528242495730363,1,2.925,2.55,3.25,1.54612566596053,0.907872917161618
"NB(1.2,0.7)",0.6,3.98107170553497,0.6,0.528242495730363,1,2.6,2.3,2.85,1.48177823124202,0.754549434232452
"NB(1.2,0.7)",0.6,5.01187233627272,0.6,0.528242495730363,1,2.3,2.0875,2.5125,1.41818559491976,0.622785949579509
"NB(1.2,0.7)",0.6,6.30957344480193,0.6,0.528242495730363,1,2.075,1.85,2.25,1.35640925156151,0.506172415283733
"NB(1.2,0.7)",0.6,7.94328234724282,0.6,0.528242495730363,1,1.85,1.6375,2,1.29982729133291,0.412396952197177
"NB(1.2,0.7)",0.6,10,0.6,0.528242495730363,1,1.6,1.45,1.75,1.24640367499311,0.336008668877488
"NB(1.2,0.7)",0.6,12.5892541179417,0.6,0.528242495730363,1,1.4,1.2875,1.55,1.20424059859746,0.273937585835135
"NB(1.2,0.7)",0.6,15.8489319246111,0.6,0.528242495730363,1,1.25,1.1,1.3,1.16644680405693,0.226463762291184
"NB(1.2,0.7)",0.6,19.9526231496888,0.6,0.528242495730363,1,1.05,0.95,1.1,1.12914332162742,0.190073076094923
"NB(1.2,0.7)",0.6,25.1188643150958,0.6,0.528242495730363,1,0.9,0.8,0.95,1.0978170130808,0.165674781170919
"NB(1.2,0.7)",0.6,31.6227766016838,0.6,0.528242495730363,1,0.75,0.65,0.8,1.07332697923541,0.142897374918375
"NB(1.2,0.7)",0.6,39.8107170553497,0.6,0.528242495730363,1,0.6,0.55,0.65,1.05379675310282,0.122999792763627
"NB(1.2,0.7)",0.6,50.1187233627273,0.6,0.528242495730363,1,0.5,0.45,0.55,1.03782499795139,0.109726921297227
"NB(1.2,0.7)",0.6,63.0957344480193,0.6,0.528242495730363,1,0.4,0.35,0.45,1.02610706375199,0.0997618979533357
"NB(1.2,0.7)",0.6,79.4328234724282,0.6,0.528242495730363,1,0.35,0.3,0.35,1.01742340295208,0.0891799802705794
"NB(1.2,0.7)",0.6,100,0.6,0.528242495730363,1,0.25,0.25,0.3,1.01065374505849,0.0851945638247994
"NB(1.2,0.7)",0.6,125.892541179417,0.6,0.528242495730363,1,0.2,0.2,0.25,1.00590699616037,0.0847143591013999
"NB(1.2,0.7)",0.6,158.489319246111,0.6,0.528242495730363,1,0.15,0.15,0.2,1.0029210023733,0.0833773641279421
"NB(1.2,0.7)",0.6,199.526231496888,0.6,0.528242495730363,1,0.15,0.1,0.15,1.00126350708821,0.08389766238451
"NB(1.2,0.7)",0.6,251.188643150958,0.6,0.528242495730363,1,0.1,0.1,0.1,1.00046179814175,0.0847092265978568
"NB(1.2,0.7)",0.6,316.227766016838,0.6,0.528242495730363,1,0.1,0.1,0.1,1.00012908826201,0.0851320737560268
"NB(1.2,0.7)",0.6,398.107170553497,0.6,0.528242495730363,1,0.05,0.05,0.1,1.00002330491077,0.087027746790651
"NB(1.2,0.7)",0.6,501.187233627272,0.6,0.528242495730363,1,0.05,0.05,0.05,1.00000330037932,0.087937083915115
"NB(1.2,0.7)",0.6,630.957344480194,0.6,0.528242495730363,0.96,0.05,0.05,0.05,1.0000002745432,0.0881426420366434
"NB(1.2,0.7)",0.6,794.328234724282,0.6,0.528242495730363,0.74,0.05,0.05,0.05,1.00000000931027,0.0881424339648776
"NB(1.2,0.7)",0.6,1000,0.6,0.528242495730363,0.16,0.05,0.05,0.05,1.0000000000814,0.0907130813204376
"NB(1.2,0.7)",0.6,1258.92541179417,0.6,0.528242495730363,0,NA,NA,NA,1,0.0922430665076357
"NB(1.2,0.7)",0.6,1584.89319246111,0.6,0.528242495730363,0,NA,NA,NA,1,0.0927018786563382
"NB(1.2,0.7)",0.6,1995.26231496888,0.6,0.528242495730363,0,NA,NA,NA,1,0.0936572396257541
"NB(1.2,0.7)",0.6,2511.88643150958,0.6,0.528242495730363,0,NA,NA,NA,1,0.0949611777969677
"NB(1.2,0.7)",0.6,3162.27766016838,0.6,0.528242495730363,0,NA,NA,NA,1,0.0971679436572725
"NB(1.2,0.7)",0.9,1,0.9,3.16453433925915,1,5.975,5.15,7.25,2.57985222098997,2.30662459146911
"NB(1.2,0.7)",0.9,1.25892541179417,0.9,3.16453433925915,1,5.25,4.35,6.1625,2.4842937016168,2.12296175608836
"NB(1.2,0.7)",0.9,1.58489319246111,0.9,3.16453433925915,1,4.7,3.8875,5.275,2.3542092567056,1.9327705536525
"NB(1.2,0.7)",0.9,1.99526231496888,0.9,3.16453433925915,1,4.15,3.4875,4.6625,2.22349874509133,1.71393657413742
"NB(1.2,0.7)",0.9,2.51188643150958,0.9,3.16453433925915,1,3.7,3.1875,4.1625,2.1192487719073,1.46910841880557
"NB(1.2,0.7)",0.9,3.16227766016838,0.9,3.16453433925915,1,3.325,2.85,3.7,2.00513096880048,1.22697111690479
"NB(1.2,0.7)",0.9,3.98107170553497,0.9,3.16453433925915,1,3,2.6,3.3,1.88023577485074,1.02757120796267
"NB(1.2,0.7)",0.9,5.01187233627272,0.9,3.16453433925915,1,2.7,2.4,2.95,1.77394515240296,0.847351770673122
"NB(1.2,0.7)",0.9,6.30957344480193,0.9,3.16453433925915,1,2.425,2.15,2.65,1.67219277919381,0.69048945409703
"NB(1.2,0.7)",0.9,7.94328234724282,0.9,3.16453433925915,1,2.15,1.95,2.3625,1.58249767418756,0.565742037434979
"NB(1.2,0.7)",0.9,10,0.9,3.16453433925915,1,1.95,1.75,2.15,1.48904742847285,0.464406800680617
"NB(1.2,0.7)",0.9,12.5892541179417,0.9,3.16453433925915,1,1.75,1.55,1.8625,1.40524227001387,0.378809914660672
"NB(1.2,0.7)",0.9,15.8489319246111,0.9,3.16453433925915,1,1.55,1.4,1.65,1.33325468363057,0.314474551567737
"NB(1.2,0.7)",0.9,19.9526231496888,0.9,3.16453433925915,1,1.375,1.2,1.45,1.27084482722213,0.264211804540781
"NB(1.2,0.7)",0.9,25.1188643150958,0.9,3.16453433925915,1,1.2,1.05,1.3,1.21472399635098,0.227030860187526
"NB(1.2,0.7)",0.9,31.6227766016838,0.9,3.16453433925915,1,1.05,0.9,1.1,1.16654552460702,0.194539984363649
"NB(1.2,0.7)",0.9,39.8107170553497,0.9,3.16453433925915,1,0.85,0.75,0.95,1.12553972437217,0.169413732450324
"NB(1.2,0.7)",0.9,50.1187233627273,0.9,3.16453433925915,1,0.75,0.65,0.8,1.09063265057333,0.148859107045711
"NB(1.2,0.7)",0.9,63.0957344480193,0.9,3.16453433925915,1,0.6,0.55,0.65,1.06284244855602,0.136641110075433
"NB(1.2,0.7)",0.9,79.4328234724282,0.9,3.16453433925915,1,0.5,0.45,0.55,1.04139162618624,0.124341249190711
"NB(1.2,0.7)",0.9,100,0.9,3.16453433925915,1,0.4,0.35,0.45,1.02456205105704,0.117119922961479
"NB(1.2,0.7)",0.9,125.892541179417,0.9,3.16453433925915,1,0.35,0.3,0.35,1.01417018432607,0.11469074197843
"NB(1.2,0.7)",0.9,158.489319246111,0.9,3.16453433925915,1,0.25,0.25,0.3,1.00708451266599,0.11344337668926
"NB(1.2,0.7)",0.9,199.526231496888,0.9,3.16453433925915,1,0.2,0.2,0.25,1.00314294151616,0.112561439425692
"NB(1.2,0.7)",0.9,251.188643150958,0.9,3.16453433925915,1,0.15,0.15,0.2,1.00113033841739,0.114336290582925
"NB(1.2,0.7)",0.9,316.227766016838,0.9,3.16453433925915,1,0.15,0.1,0.15,1.00029649988048,0.116260932199193
"NB(1.2,0.7)",0.9,398.107170553497,0.9,3.16453433925915,1,0.1,0.1,0.1,1.00005988151264,0.117717719079217
"NB(1.2,0.7)",0.9,501.187233627272,0.9,3.16453433925915,1,0.1,0.1,0.1,1.00000825675428,0.118957748271058
"NB(1.2,0.7)",0.9,630.957344480194,0.9,3.16453433925915,0.98,0.05,0.05,0.1,1.00000060126891,0.119225568622892
"NB(1.2,0.7)",0.9,794.328234724282,0.9,3.16453433925915,0.86,0.05,0.05,0.05,1.00000002528602,0.120452856236306
"NB(1.2,0.7)",0.9,1000,0.9,3.16453433925915,0.38,0.05,0.05,0.05,1.00000000045897,0.122310396507829
"NB(1.2,0.7)",0.9,1258.92541179417,0.9,3.16453433925915,0.01,0.05,0.05,0.05,1.00000000000235,0.123377469667971
"NB(1.2,0.7)",0.9,1584.89319246111,0.9,3.16453433925915,0,NA,NA,NA,1,0.124056344857802
"NB(1.2,0.7)",0.9,1995.26231496888,0.9,3.16453433925915,0,NA,NA,NA,1,0.125782995541188
"NB(1.2,0.7)",0.9,2511.88643150958,0.9,3.16453433925915,0,NA,NA,NA,1,0.127031561432041
"NB(1.2,0.7)",0.9,3162.27766016838,0.9,3.16453433925915,0,NA,NA,NA,1,0.129684586036891
"NSFG 15-44",0.3,1,0.328944201220956,0.451635933047905,1,4.625,4.1,5.6,1.68716528213638,1.55132892168791
"NSFG 15-44",0.3,1.25892541179417,0.328944201220956,0.451635933047905,1,4.1,3.6375,4.8,1.6254732194766,1.42769253868818
"NSFG 15-44",0.3,1.58489319246111,0.328944201220956,0.451635933047905,1,3.7,3.175,4.25,1.56790878201891,1.29899363370619
"NSFG 15-44",0.3,1.99526231496888,0.328944201220956,0.451635933047905,1,3.35,2.8375,3.775,1.50346501683865,1.1589785938906
"NSFG 15-44",0.3,2.51188643150958,0.328944201220956,0.451635933047905,1,3,2.5875,3.4125,1.44376670795426,1.0245301829297
"NSFG 15-44",0.3,3.16227766016838,0.328944201220956,0.451635933047905,1,2.7,2.35,3.0625,1.37566876676815,0.871292830602656
"NSFG 15-44",0.3,3.98107170553497,0.328944201220956,0.451635933047905,1,2.45,2.15,2.75,1.31427863856925,0.71351477343102
"NSFG 15-44",0.3,5.01187233627272,0.328944201220956,0.451635933047905,1,2.2,1.95,2.45,1.26485624416307,0.588029325531527
"NSFG 15-44",0.3,6.30957344480193,0.328944201220956,0.451635933047905,1,1.95,1.8,2.2,1.21759315159951,0.476858142398532
"NSFG 15-44",0.3,7.94328234724282,0.328944201220956,0.451635933047905,1,1.75,1.6375,1.95,1.17743452831128,0.387665533260989
"NSFG 15-44",0.3,10,0.328944201220956,0.451635933047905,1,1.575,1.45,1.7,1.14385609697377,0.311757076382911
"NSFG 15-44",0.3,12.5892541179417,0.328944201220956,0.451635933047905,1,1.4,1.3,1.5,1.11510152342602,0.253202148822528
"NSFG 15-44",0.3,15.8489319246111,0.328944201220956,0.451635933047905,1,1.25,1.15,1.3,1.09094506980243,0.207007521249557
"NSFG 15-44",0.3,19.9526231496888,0.328944201220956,0.451635933047905,1,1.1,1,1.15,1.07110372693564,0.169220093216247
"NSFG 15-44",0.3,25.1188643150958,0.328944201220956,0.451635933047905,1,0.95,0.9,1,1.05489903402589,0.140096042570912
"NSFG 15-44",0.3,31.6227766016838,0.328944201220956,0.451635933047905,1,0.8,0.75,0.85,1.04184943013657,0.115667768564043
"NSFG 15-44",0.3,39.8107170553497,0.328944201220956,0.451635933047905,1,0.7,0.65,0.7,1.0315137060633,0.0958923157811012
"NSFG 15-44",0.3,50.1187233627273,0.328944201220956,0.451635933047905,1,0.6,0.55,0.6,1.02345448404428,0.0803045186326966
"NSFG 15-44",0.3,63.0957344480193,0.328944201220956,0.451635933047905,1,0.5,0.45,0.5,1.01700293514794,0.0695465543762663
"NSFG 15-44",0.3,79.4328234724282,0.328944201220956,0.451635933047905,1,0.4,0.4,0.4125,1.01202950635626,0.0600156191516634
"NSFG 15-44",0.3,100,0.328944201220956,0.451635933047905,1,0.35,0.3,0.35,1.00816207436371,0.0534701083454127
"NSFG 15-44",0.3,125.892541179417,0.328944201220956,0.451635933047905,1,0.25,0.25,0.3,1.00539651921403,0.0495975691853282
"NSFG 15-44",0.3,158.489319246111,0.328944201220956,0.451635933047905,1,0.2,0.2,0.25,1.00335936995319,0.045552099518036
"NSFG 15-44",0.3,199.526231496888,0.328944201220956,0.451635933047905,1,0.2,0.15,0.2,1.00193347410825,0.0423916192866675
"NSFG 15-44",0.3,251.188643150958,0.328944201220956,0.451635933047905,1,0.15,0.15,0.15,1.00099306052647,0.0416634322283317
"NSFG 15-44",0.3,316.227766016838,0.328944201220956,0.451635933047905,1,0.1,0.1,0.15,1.00043852157936,0.0408067679713433
"NSFG 15-44",0.3,398.107170553497,0.328944201220956,0.451635933047905,1,0.1,0.1,0.1,1.00016100030535,0.0410181345121513
"NSFG 15-44",0.3,501.187233627272,0.328944201220956,0.451635933047905,1,0.1,0.05,0.1,1.00004434787956,0.0408147292742354
"NSFG 15-44",0.3,630.957344480194,0.328944201220956,0.451635933047905,1,0.05,0.05,0.05,1.00001071275308,0.0408348102849245
"NSFG 15-44",0.3,794.328234724282,0.328944201220956,0.451635933047905,1,0.05,0.05,0.05,1.00000166650577,0.0412766636117585
"NSFG 15-44",0.3,1000,0.328944201220956,0.451635933047905,0.99,0.05,0.05,0.05,1.00000013159666,0.0415197766181527
"NSFG 15-44",0.3,1258.92541179417,0.328944201220956,0.451635933047905,0.79,0.05,0.05,0.05,1.00000000448153,0.0426585270279795
"NSFG 15-44",0.3,1584.89319246111,0.328944201220956,0.451635933047905,0.05,0.05,0.05,0.05,1.00000000002595,0.0441909962733087
"NSFG 15-44",0.3,1995.26231496888,0.328944201220956,0.451635933047905,0,NA,NA,NA,1,0.0453821926412221
"NSFG 15-44",0.3,2511.88643150958,0.328944201220956,0.451635933047905,0,NA,NA,NA,1,0.046163378838622
"NSFG 15-44",0.3,3162.27766016838,0.328944201220956,0.451635933047905,0,NA,NA,NA,1,0.0467503500199434
"NSFG 15-44",0.6,1,0.657888402441912,1.77255206750673,1,5.4,4.8375,6.9,2.48899294938249,2.28816504031962
"NSFG 15-44",0.6,1.25892541179417,0.657888402441912,1.77255206750673,1,4.85,4.25,6,2.34551078218492,2.07507745108553
"NSFG 15-44",0.6,1.58489319246111,0.657888402441912,1.77255206750673,1,4.35,3.6875,5.15,2.21882045893042,1.90987693171329
"NSFG 15-44",0.6,1.99526231496888,0.657888402441912,1.77255206750673,1,3.95,3.3,4.6125,2.09493136793965,1.71472772892353
"NSFG 15-44",0.6,2.51188643150958,0.657888402441912,1.77255206750673,1,3.55,3.0375,4.15,1.98049947372304,1.48875791604074
"NSFG 15-44",0.6,3.16227766016838,0.657888402441912,1.77255206750673,1,3.275,2.75,3.7125,1.87210142975784,1.3003714199709
"NSFG 15-44",0.6,3.98107170553497,0.657888402441912,1.77255206750673,1,3,2.5,3.35,1.74569490100903,1.08498332940326
"NSFG 15-44",0.6,5.01187233627272,0.657888402441912,1.77255206750673,1,2.7,2.2875,3.05,1.63201768603523,0.884975284131181
"NSFG 15-44",0.6,6.30957344480193,0.657888402441912,1.77255206750673,1,2.4,2.1,2.75,1.53377575862742,0.729286204921097
"NSFG 15-44",0.6,7.94328234724282,0.657888402441912,1.77255206750673,1,2.2,1.9,2.45,1.44597480169789,0.588299943345975
"NSFG 15-44",0.6,10,0.657888402441912,1.77255206750673,1,1.975,1.75,2.2,1.36822512601184,0.472846238113899
"NSFG 15-44",0.6,12.5892541179417,0.657888402441912,1.77255206750673,1,1.775,1.6,1.9625,1.30064782729058,0.381056596590143
"NSFG 15-44",0.6,15.8489319246111,0.657888402441912,1.77255206750673,1,1.6,1.45,1.75,1.24194972664516,0.310433424714872
"NSFG 15-44",0.6,19.9526231496888,0.657888402441912,1.77255206750673,1,1.4,1.2875,1.5125,1.1922608524117,0.252916027200892
"NSFG 15-44",0.6,25.1188643150958,0.657888402441912,1.77255206750673,1,1.25,1.15,1.35,1.15083893459156,0.206410372033855
"NSFG 15-44",0.6,31.6227766016838,0.657888402441912,1.77255206750673,1,1.1,1,1.15,1.11665790672466,0.169933719847449
"NSFG 15-44",0.6,39.8107170553497,0.657888402441912,1.77255206750673,1,0.95,0.9,1,1.08885183029047,0.142035466215717
"NSFG 15-44",0.6,50.1187233627273,0.657888402441912,1.77255206750673,1,0.8,0.75,0.85,1.06656006148014,0.120991439142317
"NSFG 15-44",0.6,63.0957344480193,0.657888402441912,1.77255206750673,1,0.7,0.65,0.75,1.04886299210548,0.10507858870602
"NSFG 15-44",0.6,79.4328234724282,0.657888402441912,1.77255206750673,1,0.6,0.55,0.6,1.03488226966017,0.0909052966442589
"NSFG 15-44",0.6,100,0.657888402441912,1.77255206750673,1,0.5,0.45,0.5,1.02386000559019,0.0801433147798477
"NSFG 15-44",0.6,125.892541179417,0.657888402441912,1.77255206750673,1,0.4,0.4,0.45,1.01561535681532,0.0727356067108956
"NSFG 15-44",0.6,158.489319246111,0.657888402441912,1.77255206750673,1,0.35,0.3,0.35,1.00968692221484,0.0674421718174423
"NSFG 15-44",0.6,199.526231496888,0.657888402441912,1.77255206750673,1,0.3,0.25,0.3,1.00561101893367,0.0634450661163433
"NSFG 15-44",0.6,251.188643150958,0.657888402441912,1.77255206750673,1,0.25,0.2,0.25,1.00284832278324,0.0615403363490394
"NSFG 15-44",0.6,316.227766016838,0.657888402441912,1.77255206750673,1,0.2,0.15,0.2,1.00130487117996,0.060802066627716
"NSFG 15-44",0.6,398.107170553497,0.657888402441912,1.77255206750673,1,0.15,0.15,0.15,1.00049152969782,0.0610552261806918
"NSFG 15-44",0.6,501.187233627272,0.657888402441912,1.77255206750673,1,0.1,0.1,0.15,1.00014342824457,0.0619617362130922
"NSFG 15-44",0.6,630.957344480194,0.657888402441912,1.77255206750673,1,0.1,0.1,0.1,1.00003290179956,0.0623136849702175
"NSFG 15-44",0.6,794.328234724282,0.657888402441912,1.77255206750673,1,0.1,0.05,0.1,1.00000422552536,0.0624235607674753
"NSFG 15-44",0.6,1000,0.657888402441912,1.77255206750673,0.99,0.05,0.05,0.05,1.00000036411382,0.0630534151191366
"NSFG 15-44",0.6,1258.92541179417,0.657888402441912,1.77255206750673,0.94,0.05,0.05,0.05,1.00000001678694,0.0636565874962416
"NSFG 15-44",0.6,1584.89319246111,0.657888402441912,1.77255206750673,0.24,0.05,0.05,0.05,1.00000000031506,0.0657763800420804
"NSFG 15-44",0.6,1995.26231496888,0.657888402441912,1.77255206750673,0,NA,NA,NA,1.0000000000018,0.06661031648605
"NSFG 15-44",0.6,2511.88643150958,0.657888402441912,1.77255206750673,0,NA,NA,NA,1,0.068212835305582
"NSFG 15-44",0.6,3162.27766016838,0.657888402441912,1.77255206750673,0,NA,NA,NA,1,0.0686504181869723
"NSFG 15-44",0.9,1,0.956580491091546,20.8574684771271,1,5.85,5.325,7.6,3.02660903631644,2.85127463834757
"NSFG 15-44",0.9,1.25892541179417,0.956580491091546,20.8574684771271,1,5.25,4.55,6.5,2.87995057951117,2.56934010574346
"NSFG 15-44",0.9,1.58489319246111,0.956580491091546,20.8574684771271,1,4.775,4.0875,5.5625,2.71971257488586,2.36633556796552
"NSFG 15-44",0.9,1.99526231496888,0.956580491091546,20.8574684771271,1,4.3,3.575,5.0625,2.55468921784713,2.17153236317511
"NSFG 15-44",0.9,2.51188643150958,0.956580491091546,20.8574684771271,1,3.9,3.25,4.5625,2.38141425450132,1.90901293246992
"NSFG 15-44",0.9,3.16227766016838,0.956580491091546,20.8574684771271,1,3.55,3.0375,4.15,2.22072429627595,1.65766611472719
"NSFG 15-44",0.9,3.98107170553497,0.956580491091546,20.8574684771271,1,3.225,2.8,3.7625,2.06713683504995,1.40984532365815
"NSFG 15-44",0.9,5.01187233627272,0.956580491091546,20.8574684771271,1,2.925,2.5875,3.4,1.94579925099594,1.18518295714946
"NSFG 15-44",0.9,6.30957344480193,0.956580491091546,20.8574684771271,1,2.625,2.375,3.0625,1.80234508595258,0.956135884181383
"NSFG 15-44",0.9,7.94328234724282,0.956580491091546,20.8574684771271,1,2.375,2.1625,2.75,1.68634230505754,0.767588649891644
"NSFG 15-44",0.9,10,0.956580491091546,20.8574684771271,1,2.175,1.975,2.4625,1.57148889986206,0.616946237315977
"NSFG 15-44",0.9,12.5892541179417,0.956580491091546,20.8574684771271,1,1.975,1.7875,2.2,1.46425272582846,0.497180284360193
"NSFG 15-44",0.9,15.8489319246111,0.956580491091546,20.8574684771271,1,1.75,1.6,2,1.37509995112438,0.402105113790858
"NSFG 15-44",0.9,19.9526231496888,0.956580491091546,20.8574684771271,1,1.6,1.45,1.75,1.3001796280443,0.326680635019099
"NSFG 15-44",0.9,25.1188643150958,0.956580491091546,20.8574684771271,1,1.4,1.3,1.55,1.23761901274938,0.266891714634586
"NSFG 15-44",0.9,31.6227766016838,0.956580491091546,20.8574684771271,1,1.25,1.15,1.35,1.1857016952593,0.219915195750107
"NSFG 15-44",0.9,39.8107170553497,0.956580491091546,20.8574684771271,1,1.1,1,1.15,1.14296940876389,0.183675495620263
"NSFG 15-44",0.9,50.1187233627273,0.956580491091546,20.8574684771271,1,0.95,0.9,1,1.1074646476279,0.155210535567397
"NSFG 15-44",0.9,63.0957344480193,0.956580491091546,20.8574684771271,1,0.8,0.75,0.85,1.07885978243507,0.133000062806901
"NSFG 15-44",0.9,79.4328234724282,0.956580491091546,20.8574684771271,1,0.7,0.65,0.75,1.05670992689454,0.116597554136564
"NSFG 15-44",0.9,100,0.956580491091546,20.8574684771271,1,0.6,0.55,0.6,1.03935929742183,0.10385803142853
"NSFG 15-44",0.9,125.892541179417,0.956580491091546,20.8574684771271,1,0.5,0.45,0.5,1.02629058283553,0.0948146111738898
"NSFG 15-44",0.9,158.489319246111,0.956580491091546,20.8574684771271,1,0.4,0.4,0.45,1.01603943635004,0.0866054398468086
"NSFG 15-44",0.9,199.526231496888,0.956580491091546,20.8574684771271,1,0.35,0.3,0.35,1.00913036153219,0.0808551653821206
"NSFG 15-44",0.9,251.188643150958,0.956580491091546,20.8574684771271,1,0.25,0.25,0.3,1.00473473501912,0.0789990081199226
"NSFG 15-44",0.9,316.227766016838,0.956580491091546,20.8574684771271,1,0.2,0.2,0.25,1.00216653595661,0.0776872985780887
"NSFG 15-44",0.9,398.107170553497,0.956580491091546,20.8574684771271,1,0.2,0.15,0.2,1.00080698360244,0.0770712312355487
"NSFG 15-44",0.9,501.187233627272,0.956580491091546,20.8574684771271,1,0.15,0.15,0.15,1.00024182096765,0.0800177463902286
"NSFG 15-44",0.9,630.957344480194,0.956580491091546,20.8574684771271,1,0.1,0.1,0.15,1.00005001214105,0.0817855421656759
"NSFG 15-44",0.9,794.328234724282,0.956580491091546,20.8574684771271,1,0.1,0.1,0.1,1.00000737370862,0.0819258701489983
"NSFG 15-44",0.9,1000,0.956580491091546,20.8574684771271,1,0.1,0.05,0.1,1.00000059427575,0.0821685557734816
"NSFG 15-44",0.9,1258.92541179417,0.956580491091546,20.8574684771271,0.933333333333333,0.05,0.05,0.05,1.00000002680409,0.0841321343008497
"NSFG 15-44",0.9,1584.89319246111,0.956580491091546,20.8574684771271,0.333333333333333,0.05,0.05,0.05,1.0000000005446,0.0849781820051035
"NSFG 15-44",0.9,1995.26231496888,0.956580491091546,20.8574684771271,0,NA,NA,NA,1.00000000000373,0.0871730666720043
"NSFG 15-44",0.9,2511.88643150958,0.956580491091546,20.8574684771271,0,NA,NA,NA,1.00000000000001,0.0887796303631106
"NSFG 15-44",0.9,3162.27766016838,0.956580491091546,20.8574684771271,0,NA,NA,NA,1,0.0891120723974531
"NSFG 25-44",0.3,1,0.207880899207911,0.384519722594009,1,4.5,4.0375,5.3,1.47490304437994,1.33890451230244
"NSFG 25-44",0.3,1.25892541179417,0.207880899207911,0.384519722594009,1,4.1,3.5375,4.55,1.41956654860128,1.27406780117871
"NSFG 25-44",0.3,1.58489319246111,0.207880899207911,0.384519722594009,1,3.725,3.2,4.1,1.36480254233517,1.1609952224853
"NSFG 25-44",0.3,1.99526231496888,0.207880899207911,0.384519722594009,1,3.325,2.9375,3.6625,1.31750365908943,1.06148978535556
"NSFG 25-44",0.3,2.51188643150958,0.207880899207911,0.384519722594009,1,3,2.6375,3.3,1.27110400297127,0.923724917780268
"NSFG 25-44",0.3,3.16227766016838,0.207880899207911,0.384519722594009,1,2.65,2.3875,2.9625,1.22824669006227,0.77192901488749
"NSFG 25-44",0.3,3.98107170553497,0.207880899207911,0.384519722594009,1,2.35,2.2,2.6625,1.18855326360007,0.6434873268236
"NSFG 25-44",0.3,5.01187233627272,0.207880899207911,0.384519722594009,1,2.15,2,2.4125,1.15294781240377,0.522293377698582
"NSFG 25-44",0.3,6.30957344480193,0.207880899207911,0.384519722594009,1,1.9,1.8,2.15,1.12334855973195,0.419724051736784
"NSFG 25-44",0.3,7.94328234724282,0.207880899207911,0.384519722594009,1,1.725,1.65,1.9,1.09928313316704,0.336736419080675
"NSFG 25-44",0.3,10,0.207880899207911,0.384519722594009,1,1.55,1.45,1.7,1.07935244890285,0.270429830807351
"NSFG 25-44",0.3,12.5892541179417,0.207880899207911,0.384519722594009,1,1.35,1.3,1.5,1.06295338787368,0.217709584154615
"NSFG 25-44",0.3,15.8489319246111,0.207880899207911,0.384519722594009,1,1.2,1.15,1.3,1.04956687320144,0.175852466126078
"NSFG 25-44",0.3,19.9526231496888,0.207880899207911,0.384519722594009,1,1.05,1,1.1125,1.03873982309883,0.142639476298242
"NSFG 25-44",0.3,25.1188643150958,0.207880899207911,0.384519722594009,1,0.9,0.85,0.95,1.0300341048951,0.116553065853514
"NSFG 25-44",0.3,31.6227766016838,0.207880899207911,0.384519722594009,1,0.8,0.75,0.85,1.02304293133764,0.0967808281995253
"NSFG 25-44",0.3,39.8107170553497,0.207880899207911,0.384519722594009,1,0.65,0.65,0.7,1.01749492799586,0.0808131355354181
"NSFG 25-44",0.3,50.1187233627273,0.207880899207911,0.384519722594009,1,0.55,0.55,0.6,1.0130851516231,0.068237065328672
"NSFG 25-44",0.3,63.0957344480193,0.207880899207911,0.384519722594009,1,0.45,0.45,0.5,1.00960860935652,0.0582463647594775
"NSFG 25-44",0.3,79.4328234724282,0.207880899207911,0.384519722594009,1,0.4,0.35,0.4,1.00685928749283,0.0502932983896024
"NSFG 25-44",0.3,100,0.207880899207911,0.384519722594009,1,0.35,0.3,0.35,1.00476811327856,0.0441601660401076
"NSFG 25-44",0.3,125.892541179417,0.207880899207911,0.384519722594009,1,0.25,0.25,0.3,1.00312702630353,0.040228881680652
"NSFG 25-44",0.3,158.489319246111,0.207880899207911,0.384519722594009,1,0.2,0.2,0.25,1.00197702784452,0.0374412733468417
"NSFG 25-44",0.3,199.526231496888,0.207880899207911,0.384519722594009,1,0.2,0.15,0.2,1.0011806673746,0.0345895149592827
"NSFG 25-44",0.3,251.188643150958,0.207880899207911,0.384519722594009,1,0.15,0.15,0.15,1.00065835293771,0.0331586801133652
"NSFG 25-44",0.3,316.227766016838,0.207880899207911,0.384519722594009,1,0.1,0.1,0.1,1.00030675303867,0.0331854237039451
"NSFG 25-44",0.3,398.107170553497,0.207880899207911,0.384519722594009,1,0.1,0.1,0.1,1.00013239096252,0.0331530192573109
"NSFG 25-44",0.3,501.187233627272,0.207880899207911,0.384519722594009,1,0.1,0.05,0.1,1.00003847882389,0.0328216986622748
"NSFG 25-44",0.3,630.957344480194,0.207880899207911,0.384519722594009,1,0.05,0.05,0.05,1.00001026616593,0.0333096575955098
"NSFG 25-44",0.3,794.328234724282,0.207880899207911,0.384519722594009,1,0.05,0.05,0.05,1.00000194424063,0.0336510500377897
"NSFG 25-44",0.3,1000,0.207880899207911,0.384519722594009,0.98,0.05,0.05,0.05,1.00000019013969,0.03366446056075
"NSFG 25-44",0.3,1258.92541179417,0.207880899207911,0.384519722594009,0.82,0.05,0.05,0.05,1.00000000819409,0.0343469452352486
"NSFG 25-44",0.3,1584.89319246111,0.207880899207911,0.384519722594009,0.09,0.05,0.05,0.05,1.0000000000354,0.0343828640544823
"NSFG 25-44",0.3,1995.26231496888,0.207880899207911,0.384519722594009,0,NA,NA,NA,1,0.0352023166995093
"NSFG 25-44",0.3,2511.88643150958,0.207880899207911,0.384519722594009,0,NA,NA,NA,1,0.0362480904965102
"NSFG 25-44",0.3,3162.27766016838,0.207880899207911,0.384519722594009,0,NA,NA,NA,1,0.0371714821697368
"NSFG 25-44",0.6,1,0.415761798415822,1.0538708839689,1,5.35,4.8,6.85,1.98107949219236,1.80372589771336
"NSFG 25-44",0.6,1.25892541179417,0.415761798415822,1.0538708839689,1,4.825,4.2,5.6625,1.87452272947744,1.67178825024415
"NSFG 25-44",0.6,1.58489319246111,0.415761798415822,1.0538708839689,1,4.275,3.75,4.925,1.78612572633028,1.55757281252971
"NSFG 25-44",0.6,1.99526231496888,0.415761798415822,1.0538708839689,1,3.925,3.4,4.5,1.68693964686645,1.42210632576982
"NSFG 25-44",0.6,2.51188643150958,0.415761798415822,1.0538708839689,1,3.55,3.1,3.9625,1.59563884610408,1.26139836902796
"NSFG 25-44",0.6,3.16227766016838,0.415761798415822,1.0538708839689,1,3.225,2.85,3.6125,1.51222155445579,1.09202773903985
"NSFG 25-44",0.6,3.98107170553497,0.415761798415822,1.0538708839689,1,2.9,2.55,3.3,1.43512438421518,0.909218770491575
"NSFG 25-44",0.6,5.01187233627272,0.415761798415822,1.0538708839689,1,2.6,2.3375,2.95,1.36246791345264,0.735706527914147
"NSFG 25-44",0.6,6.30957344480193,0.415761798415822,1.0538708839689,1,2.35,2.15,2.7,1.30410373558491,0.59956327672648
"NSFG 25-44",0.6,7.94328234724282,0.415761798415822,1.0538708839689,1,2.1,1.95,2.45,1.25240755890494,0.489638004646613
"NSFG 25-44",0.6,10,0.415761798415822,1.0538708839689,1,1.9,1.7875,2.1625,1.20605768896336,0.394381135443214
"NSFG 25-44",0.6,12.5892541179417,0.415761798415822,1.0538708839689,1,1.7,1.6,1.95,1.16595748238723,0.318103492149828
"NSFG 25-44",0.6,15.8489319246111,0.415761798415822,1.0538708839689,1,1.5,1.45,1.7,1.13143826892874,0.256966805039961
"NSFG 25-44",0.6,19.9526231496888,0.415761798415822,1.0538708839689,1,1.35,1.25,1.5,1.1031022310785,0.208297038101165
"NSFG 25-44",0.6,25.1188643150958,0.415761798415822,1.0538708839689,1,1.2,1.1,1.3,1.08024454869959,0.169669578774192
"NSFG 25-44",0.6,31.6227766016838,0.415761798415822,1.0538708839689,1,1.05,1,1.15,1.06188665769712,0.139999246526551
"NSFG 25-44",0.6,39.8107170553497,0.415761798415822,1.0538708839689,1,0.9,0.85,0.95,1.04722726210366,0.116949687139183
"NSFG 25-44",0.6,50.1187233627273,0.415761798415822,1.0538708839689,1,0.8,0.75,0.85,1.03551500206074,0.0979179462754842
"NSFG 25-44",0.6,63.0957344480193,0.415761798415822,1.0538708839689,1,0.65,0.6,0.7,1.02622233023403,0.08403134145034
"NSFG 25-44",0.6,79.4328234724282,0.415761798415822,1.0538708839689,1,0.55,0.55,0.6,1.01879591209354,0.0726470351914549
"NSFG 25-44",0.6,100,0.415761798415822,1.0538708839689,1,0.45,0.45,0.5,1.01301954683293,0.0635967265242391
"NSFG 25-44",0.6,125.892541179417,0.415761798415822,1.0538708839689,1,0.4,0.35,0.4,1.00855170681566,0.0563427018919182
"NSFG 25-44",0.6,158.489319246111,0.415761798415822,1.0538708839689,1,0.3,0.3,0.35,1.00535756296548,0.0525758910408902
"NSFG 25-44",0.6,199.526231496888,0.415761798415822,1.0538708839689,1,0.25,0.25,0.3,1.00316721757332,0.0503595251199265
"NSFG 25-44",0.6,251.188643150958,0.415761798415822,1.0538708839689,1,0.2,0.2,0.25,1.00173276482799,0.0479361837479401
"NSFG 25-44",0.6,316.227766016838,0.415761798415822,1.0538708839689,1,0.2,0.15,0.2,1.00084308692487,0.0474166796936462
"NSFG 25-44",0.6,398.107170553497,0.415761798415822,1.0538708839689,1,0.15,0.15,0.15,1.00034202280971,0.0471870025023142
"NSFG 25-44",0.6,501.187233627272,0.415761798415822,1.0538708839689,1,0.1,0.1,0.1,1.00010967268807,0.0468265773812006
"NSFG 25-44",0.6,630.957344480194,0.415761798415822,1.0538708839689,1,0.1,0.1,0.1,1.00002884596584,0.0468415863761577
"NSFG 25-44",0.6,794.328234724282,0.415761798415822,1.0538708839689,1,0.05,0.05,0.1,1.00000441456876,0.0480236937023331
"NSFG 25-44",0.6,1000,0.415761798415822,1.0538708839689,1,0.05,0.05,0.05,1.00000052461707,0.0498818399563488
"NSFG 25-44",0.6,1258.92541179417,0.415761798415822,1.0538708839689,0.95,0.05,0.05,0.05,1.00000003529916,0.0503017710586591
"NSFG 25-44",0.6,1584.89319246111,0.415761798415822,1.0538708839689,0.49,0.05,0.05,0.05,1.00000000090844,0.0503752528958999
"NSFG 25-44",0.6,1995.26231496888,0.415761798415822,1.0538708839689,0.01,0.05,0.05,0.05,1.00000000000788,0.0507208683300197
"NSFG 25-44",0.6,2511.88643150958,0.415761798415822,1.0538708839689,0,NA,NA,NA,1.00000000000001,0.0512592966691076
"NSFG 25-44",0.6,3162.27766016838,0.415761798415822,1.0538708839689,0,NA,NA,NA,1,0.0532784700570911
"NSFG 25-44",0.9,1,0.623642697623733,2.47980417620043,1,5.75,5.1375,7.875,2.39002847354767,2.20470195949998
"NSFG 25-44",0.9,1.25892541179417,0.623642697623733,2.47980417620043,1,5.125,4.4875,6.3125,2.26096648007504,2.00172500497407
"NSFG 25-44",0.9,1.58489319246111,0.623642697623733,2.47980417620043,1,4.55,4,5.325,2.11551128882668,1.8498416080826
"NSFG 25-44",0.9,1.99526231496888,0.623642697623733,2.47980417620043,1,4.125,3.625,4.85,1.98522725850225,1.68104693936745
"NSFG 25-44",0.9,2.51188643150958,0.623642697623733,2.47980417620043,1,3.8,3.3375,4.35,1.87288698671044,1.48558239011505
"NSFG 25-44",0.9,3.16227766016838,0.623642697623733,2.47980417620043,1,3.45,3.05,3.95,1.75463974656595,1.31522088250593
"NSFG 25-44",0.9,3.98107170553497,0.623642697623733,2.47980417620043,1,3.125,2.8,3.6,1.64426784499241,1.10308814247034
"NSFG 25-44",0.9,5.01187233627272,0.623642697623733,2.47980417620043,1,2.8,2.5375,3.2625,1.54171891904624,0.90964013705858
"NSFG 25-44",0.9,6.30957344480193,0.623642697623733,2.47980417620043,1,2.55,2.3375,3,1.45828513925227,0.730568752928434
"NSFG 25-44",0.9,7.94328234724282,0.623642697623733,2.47980417620043,1,2.325,2.1,2.7,1.38367576544855,0.590341279801873
"NSFG 25-44",0.9,10,0.623642697623733,2.47980417620043,1,2.1,1.9375,2.45,1.31711783008067,0.475542899812275
"NSFG 25-44",0.9,12.5892541179417,0.623642697623733,2.47980417620043,1,1.9,1.75,2.15,1.25447384970647,0.383570860000362
"NSFG 25-44",0.9,15.8489319246111,0.623642697623733,2.47980417620043,1,1.7,1.5875,1.95,1.20114509554391,0.310925513679298
"NSFG 25-44",0.9,19.9526231496888,0.623642697623733,2.47980417620043,1,1.5,1.4,1.7,1.15801945708151,0.253740693353331
"NSFG 25-44",0.9,25.1188643150958,0.623642697623733,2.47980417620043,1,1.35,1.25,1.5,1.12329518433218,0.2096110638618
"NSFG 25-44",0.9,31.6227766016838,0.623642697623733,2.47980417620043,1,1.2,1.1,1.3,1.09533437961873,0.172191040170393
"NSFG 25-44",0.9,39.8107170553497,0.623642697623733,2.47980417620043,1,1.05,0.95,1.15,1.07286892995873,0.143357506809815
"NSFG 25-44",0.9,50.1187233627273,0.623642697623733,2.47980417620043,1,0.9,0.85,0.95,1.0548927112528,0.11987273271363
"NSFG 25-44",0.9,63.0957344480193,0.623642697623733,2.47980417620043,1,0.75,0.75,0.85,1.04059119237717,0.102530605865416
"NSFG 25-44",0.9,79.4328234724282,0.623642697623733,2.47980417620043,1,0.65,0.6,0.7,1.02936979993763,0.0892090662147414
"NSFG 25-44",0.9,100,0.623642697623733,2.47980417620043,1,0.55,0.5,0.6,1.02060364788294,0.0787468718166219
"NSFG 25-44",0.9,125.892541179417,0.623642697623733,2.47980417620043,1,0.45,0.45,0.5,1.01385388235136,0.0701100809671528
"NSFG 25-44",0.9,158.489319246111,0.623642697623733,2.47980417620043,1,0.4,0.35,0.4,1.00868537030275,0.0639455643357354
"NSFG 25-44",0.9,199.526231496888,0.623642697623733,2.47980417620043,1,0.3,0.3,0.35,1.00514630393122,0.0602441037557161
"NSFG 25-44",0.9,251.188643150958,0.623642697623733,2.47980417620043,1,0.25,0.25,0.2625,1.00283675078603,0.0571144430455773
"NSFG 25-44",0.9,316.227766016838,0.623642697623733,2.47980417620043,1,0.2,0.2,0.2125,1.00136847704371,0.0581124792124124
"NSFG 25-44",0.9,398.107170553497,0.623642697623733,2.47980417620043,1,0.15,0.15,0.2,1.00055023265658,0.0587898639568722
"NSFG 25-44",0.9,501.187233627272,0.623642697623733,2.47980417620043,1,0.15,0.15,0.15,1.00017969315406,0.0594696460971376
"NSFG 25-44",0.9,630.957344480194,0.623642697623733,2.47980417620043,1,0.1,0.1,0.1,1.00004469616166,0.0593443602067027
"NSFG 25-44",0.9,794.328234724282,0.623642697623733,2.47980417620043,1,0.1,0.1,0.1,1.00000749337874,0.0593028883923017
"NSFG 25-44",0.9,1000,0.623642697623733,2.47980417620043,1,0.05,0.05,0.1,1.00000078413834,0.0604843374750773
"NSFG 25-44",0.9,1258.92541179417,0.623642697623733,2.47980417620043,0.97,0.05,0.05,0.05,1.0000000553939,0.062525224449803
"NSFG 25-44",0.9,1584.89319246111,0.623642697623733,2.47980417620043,0.6,0.05,0.05,0.05,1.00000000160368,0.0630002450342889
"NSFG 25-44",0.9,1995.26231496888,0.623642697623733,2.47980417620043,0.01,0.05,0.05,0.05,1.00000000001789,0.0631892457058646
"NSFG 25-44",0.9,2511.88643150958,0.623642697623733,2.47980417620043,0,NA,NA,NA,1.00000000000005,0.0639337830476348
"NSFG 25-44",0.9,3162.27766016838,0.623642697623733,2.47980417620043,0,NA,NA,NA,1,0.0645714437544527
