"tau","c","gamma","cutoff","runs","sim","se","theory","z"
0.4,1,-2,235,500,0.05,0.00974679434480896,0.0483074546886629,0.176510235713219
0.4,1,-1.5,235,500,0.038,0.00855055553750749,0.0528627110252689,-1.48525783679572
0.4,1,-1,235,500,0.072,0.0115599307956406,0.0598446816905313,1.14587898333663
0.4,1,-0.5,235,500,0.08,0.0121326007104825,0.0701560165778377,0.861823579368469
0.4,1,0,235,500,0.068,0.0112584190719657,0.0844084487127809,-1.31980168494095
0.4,1,0.5,235,500,0.098,0.0132963152790538,0.102255211701013,-0.314041469810943
0.4,1,1,235,500,0.116,0.0143208938268531,0.12195773495052,-0.407102523846989
0.4,1,1.5,235,500,0.132,0.0151377673386798,0.140953447127826,-0.575345969567094
0.4,1,2,235,500,0.132,0.0151377673386798,0.157182114987107,-1.5470657419634
0.4,1,2.5,235,500,0.154,0.016142118820031,0.169819503925218,-0.942101761444514
0.4,1,3,235,500,0.158,0.0163117135825762,0.179014026823436,-1.22569632778528
0.4,1,3.5,235,500,0.172,0.0168769665520792,0.185355203926126,-0.768509057593122
0.4,1,4,235,500,0.19,0.0175442298206561,0.189522829996858,0.0272243160054418
0.4,1,4.5,235,500,0.182,0.0172554918793989,0.192120632906687,-0.574423782017815
0.4,1,5,235,500,0.204,0.0180213207063189,0.193620898185856,0.587352777940576
0.4,1,5.5,235,500,0.23,0.0188202019117755,0.194368308557573,2.0134481139377
0.4,1,6,235,500,0.188,0.0174731794473702,0.194606341854152,-0.373132817948264
0.4,5,-2,235,500,0.226,0.0187042241218394,0.208082548242713,0.986968882342792
0.4,5,-1.5,235,500,0.23,0.0188202019117755,0.227388792146116,0.139303303676179
0.4,5,-1,235,500,0.206,0.0180866801818355,0.255625409787703,-2.54384899431091
0.4,5,-0.5,235,500,0.31,0.0206833266183175,0.294824221102147,0.744227509727838
0.4,5,0,235,500,0.31,0.0206833266183175,0.344681694110396,-1.63173656764339
0.4,5,0.5,235,500,0.382,0.0217290588843604,0.400394221564116,-0.83943990405318
0.4,5,1,235,500,0.45,0.022248595461287,0.45290795024088,-0.130628156847692
0.4,5,1.5,235,500,0.5,0.0223606797749979,0.493465221207033,0.292269154780599
0.4,5,2,235,500,0.502,0.0223605008888441,0.51836921727759,-0.732548183095087
0.4,5,2.5,235,500,0.536,0.0223026455829796,0.528985532319851,0.314224974717767
0.4,5,3,235,500,0.508,0.0223578174247846,0.528922213027319,-0.937239115746143
0.4,5,3.5,235,500,0.5,0.0223606797749979,0.521866544188432,-0.978838087317832
0.4,5,4,235,500,0.5,0.0223606797749979,0.510728779157565,-0.479916086074263
0.4,5,4.5,235,500,0.472,0.0223255906976725,0.497536543719549,-1.14204281467077
0.4,5,5,235,500,0.464,0.0223026455829796,0.483598696540848,-0.876952286862347
0.4,5,5.5,235,500,0.45,0.022248595461287,0.469712688595122,-0.883200079851077
0.4,5,6,235,500,0.45,0.022248595461287,0.456339379776118,-0.284592768306191
0.4,20,-2,235,500,0.512,0.0223542389716134,0.534000290007046,-0.986165575213416
0.4,20,-1.5,235,500,0.596,0.0219446576642243,0.579533881683767,0.745884041474909
0.4,20,-1,235,500,0.616,0.021750586198997,0.636907686524872,-0.972174464293412
0.4,20,-0.5,235,500,0.668,0.0210606742532142,0.702213407604223,-1.6729933121939
0.4,20,0,235,500,0.756,0.0192074985357282,0.765946226958326,-0.525274603114739
0.4,20,0.5,235,500,0.8,0.0178885438199983,0.815721782763412,-0.906731622967942
0.4,20,1,235,500,0.856,0.0157012101444443,0.843764475972916,0.753541306380087
0.4,20,1.5,235,500,0.866,0.0152344346793703,0.851274292788083,0.925408283796688
0.4,20,2,235,500,0.836,0.0165592270351004,0.844269238874167,-0.509944431471174
0.4,20,2.5,235,500,0.828,0.0168769665520792,0.828203290429861,-0.012051081951036
0.4,20,3,235,500,0.78,0.0185256578830551,0.80655813606259,-1.50345184153782
0.4,20,3.5,235,500,0.778,0.0185858010319706,0.781490743638306,-0.18888876133909
0.4,20,4,235,500,0.756,0.0192074985357282,0.75448595274,0.0786612207120167
0.4,20,4.5,235,500,0.73,0.0198544705293292,0.726663859570236,0.167384028497677
0.4,20,5,235,500,0.7,0.0204939015319192,0.698886001208986,0.0543001560550754
0.4,20,5.5,235,500,0.652,0.0213023942316351,0.671783838798645,-0.942108256986622
0.4,20,6,235,500,0.606,0.021852414054287,0.645781317957814,-1.85988331971329
0.6,1,-2,1088,500,0.25,0.0193649167310371,0.239254590932962,0.563194163401049
0.6,1,-1.5,1088,500,0.222,0.0185858010319706,0.252183864363946,-1.5541888153279
0.6,1,-1,1088,500,0.29,0.0202928558857545,0.270915596814962,0.96019110214003
0.6,1,-0.5,1088,500,0.332,0.0210606742532142,0.296722270515225,1.72682021306628
0.6,1,0,1088,500,0.32,0.0208614476966485,0.329509380960832,-0.452383757847739
0.6,1,0.5,1088,500,0.368,0.0215673827804859,0.366706511789198,0.0600185715203359
0.6,1,1,1088,500,0.424,0.022100859711785,0.40354434988792,0.932316938832877
0.6,1,1.5,1088,500,0.45,0.022248595461287,0.435381333340552,0.659295705494238
0.6,1,2,1088,500,0.42,0.0220726074581142,0.460019969391063,-1.79549649779222
0.6,1,2.5,1088,500,0.48,0.0223427840700303,0.477750884340207,0.100683240553783
0.6,1,3,1088,500,0.458,0.0222816516443463,0.489980435397201,-1.430495798542
0.6,1,3.5,1088,500,0.512,0.0223542389716134,0.49819078890352,0.617570737481121
0.6,1,4,1088,500,0.516,0.0223492281745925,0.503577691067088,0.555556766524451
0.6,1,4.5,1088,500,0.534,0.0223089219820232,0.50701832908682,1.20677589620793
0.6,1,5,1088,500,0.474,0.022330427671677,0.509128459772589,-1.5712543631632
0.6,1,5.5,1088,500,0.496,0.0223599642217961,0.510330839879758,-0.641031487299408
0.6,1,6,1088,500,0.514,0.0223519126698366,0.510914268903352,0.138030978615782
0.6,5,-2,1088,500,0.744,0.0195173768729304,0.728685529572224,0.770159070137485
0.6,5,-1.5,1088,500,0.766,0.0189337793374698,0.752318907665229,0.708693354827499
0.6,5,-1,1088,500,0.768,0.0188772879408034,0.783015810557751,-0.814581367489197
0.6,5,-0.5,1088,500,0.826,0.0169542914921267,0.819545992794639,0.375270578949974
0.6,5,0,1088,500,0.838,0.016477621187538,0.857933312732599,-1.27670803044469
0.6,5,0.5,1088,500,0.892,0.0138806339912844,0.892440174574845,-0.0317684009268249
0.6,5,1,1088,500,0.928,0.0115599307956406,0.918670252965803,0.763221037783257
0.6,5,1.5,1088,500,0.93,0.0114105214604767,0.935801775852802,-0.529288561395195
0.6,5,2,1088,500,0.96,0.00876356092008266,0.945557916560395,1.42332283189236
0.6,5,2.5,1088,500,0.97,0.00762889244910426,0.950035315394762,2.04901909670656
0.6,5,3,1088,500,0.946,0.0101078187557949,0.950749097172703,-0.490745130813628
0.6,5,3.5,1088,500,0.95,0.00974679434480897,0.94867906804616,0.133862373740485
0.6,5,4,1088,500,0.946,0.0101078187557949,0.944532631635391,0.143349733537559
0.6,5,4.5,1088,500,0.948,0.00992935043192656,0.938902838018363,0.849317524619452
0.6,5,5,1088,500,0.924,0.0118510759005248,0.932299295046992,-0.738672503732334
0.6,5,5.5,1088,500,0.922,0.0119929979571415,0.925130629514544,-0.26598862029161
0.6,5,6,1088,500,0.93,0.0114105214604767,0.917700574566636,1.00073922475128
0.6,20,-2,1088,500,0.988,0.00486949689393063,0.987700076346877,0.0608459908595747
0.6,20,-1.5,1088,500,0.984,0.00561141693336006,0.991928033542914,-1.98116535454544
0.6,20,-1,1088,500,0.998,0.00199799899899875,0.995496646898535,0.836024900470806
0.6,20,-0.5,1088,500,0.998,0.00199799899899875,0.997922773195935,0.0379282354954793
0.6,20,0,1088,500,1,0,0.999191214711661,0.63617605718217
0.6,20,0.5,1088,500,0.998,0.00199799899899875,0.999696714757419,-2.17888378820753
0.6,20,1,1088,500,1,0,0.999859119322988,0.265424685337903
0.6,20,1.5,1088,500,1,0,0.999896684612052,0.227295031974373
0.6,20,2,1088,500,1,0,0.999872348836996,0.252653379062783
0.6,20,2.5,1088,500,1,0,0.999773524845141,0.336546027664575
0.6,20,3,1088,500,1,0,0.999532619519335,0.483528193243916
0.6,20,3.5,1088,500,0.998,0.00199799899899875,0.999014279597743,-0.722736471546288
0.6,20,4,1088,500,0.998,0.00199799899899875,0.998003931197774,-0.00196950013975101
0.6,20,4.5,1088,500,1,0,0.996243213544583,1.37312656390918
0.6,20,5,1088,500,0.998,0.00199799899899875,0.993531293657984,1.24642836867659
0.6,20,5.5,1088,500,0.996,0.00282276460230038,0.989820551101375,1.37655757545088
0.6,20,6,1088,500,0.986,0.00525433154644813,0.985218395371375,0.144825513758463
