"net","nB","tau","c","gamma","runs","majors","theory","cutoff"
1,41,0.4,1,-2,25,1,0.0550188988447172,277
1,41,0.4,1,-1.5,25,2,0.0602311153015557,277
1,41,0.4,1,-1,25,2,0.0679109839266357,277
1,41,0.4,1,-0.5,25,2,0.0783896020169703,277
1,41,0.4,1,0,25,2,0.0912463048469978,277
1,41,0.4,1,0.5,25,2,0.105155847821562,277
1,41,0.4,1,1,25,4,0.11843440058398,277
1,41,0.4,1,1.5,25,5,0.129887576816353,277
1,41,0.4,1,2,25,2,0.139157085095836,277
1,41,0.4,1,2.5,25,3,0.146457156976393,277
1,41,0.4,1,3,25,5,0.15217209242428,277
1,41,0.4,1,3.5,25,2,0.156625072748136,277
1,41,0.4,1,4,25,5,0.160024175404681,277
1,41,0.4,1,4.5,25,1,0.162494161111109,277
1,41,0.4,1,5,25,2,0.164125980710071,277
1,41,0.4,1,5.5,25,5,0.165013231107185,277
1,41,0.4,1,6,25,4,0.165267843500225,277
1,41,0.4,5,-2,25,9,0.232982450762886,277
1,41,0.4,5,-1.5,25,6,0.254847763982667,277
1,41,0.4,5,-1,25,3,0.285406542809256,277
1,41,0.4,5,-0.5,25,10,0.324242706654904,277
1,41,0.4,5,0,25,11,0.367786808438926,277
1,41,0.4,5,0.5,25,8,0.410125236960765,277
1,41,0.4,5,1,25,5,0.445904226066623,277
1,41,0.4,5,1.5,25,10,0.472566687955579,277
1,41,0.4,5,2,25,12,0.490141786325844,277
1,41,0.4,5,2.5,25,11,0.499808665041221,277
1,41,0.4,5,3,25,14,0.502836960113521,277
1,41,0.4,5,3.5,25,10,0.500247498290749,277
1,41,0.4,5,4,25,12,0.492866971986849,277
1,41,0.4,5,4.5,25,8,0.481465596513838,277
1,41,0.4,5,5,25,7,0.466841954748404,277
1,41,0.4,5,5.5,25,8,0.449836343144862,277
1,41,0.4,5,6,25,8,0.431298433628377,277
1,41,0.4,20,-2,25,13,0.573485330994831,277
1,41,0.4,20,-1.5,25,14,0.623545635641324,277
1,41,0.4,20,-1,25,17,0.682375423443179,277
1,41,0.4,20,-0.5,25,17,0.741771544768611,277
1,41,0.4,20,0,25,19,0.791781396914224,277
1,41,0.4,20,0.5,25,21,0.826390148193404,277
1,41,0.4,20,1,25,23,0.845545164708528,277
1,41,0.4,20,1.5,25,22,0.852557790819449,277
1,41,0.4,20,2,25,21,0.851082399843096,277
1,41,0.4,20,2.5,25,24,0.84381154491712,277
1,41,0.4,20,3,25,19,0.832370494312861,277
1,41,0.4,20,3.5,25,19,0.817607454428415,277
1,41,0.4,20,4,25,15,0.799908679337033,277
1,41,0.4,20,4.5,25,18,0.779436616866158,277
1,41,0.4,20,5,25,16,0.756281713002028,277
1,41,0.4,20,5.5,25,16,0.730546949140192,277
1,41,0.4,20,6,25,14,0.702393513757667,277
1,41,0.6,1,-2,25,5,0.24358136220742,1130
1,41,0.6,1,-1.5,25,5,0.257150478250007,1130
1,41,0.6,1,-1,25,6,0.276495069162386,1130
1,41,0.6,1,-0.5,25,6,0.301842086139528,1130
1,41,0.6,1,0,25,11,0.331467420372986,1130
1,41,0.6,1,0.5,25,10,0.36177847082864,1130
1,41,0.6,1,1,25,9,0.388993155951853,1130
1,41,0.6,1,1.5,25,9,0.410988837856361,1130
1,41,0.6,1,2,25,9,0.427644295863064,1130
1,41,0.6,1,2.5,25,8,0.43995184839507,1130
1,41,0.6,1,3,25,11,0.449088621578399,1130
1,41,0.6,1,3.5,25,14,0.455971297545056,1130
1,41,0.6,1,4,25,10,0.461186100845164,1130
1,41,0.6,1,4.5,25,12,0.465073128308142,1130
1,41,0.6,1,5,25,6,0.467834632202992,1130
1,41,0.6,1,5.5,25,9,0.469617835900174,1130
1,41,0.6,1,6,25,13,0.470562293264731,1130
1,41,0.6,5,-2,25,16,0.733434773367214,1130
1,41,0.6,5,-1.5,25,23,0.758310486830531,1130
1,41,0.6,5,-1,25,20,0.789851814850841,1130
1,41,0.6,5,-0.5,25,23,0.825191836115821,1130
1,41,0.6,5,0,25,22,0.859274503496006,1130
1,41,0.6,5,0.5,25,23,0.887473586820756,1130
1,41,0.6,5,1,25,22,0.907964623381339,1130
1,41,0.6,5,1.5,25,22,0.921528361583289,1130
1,41,0.6,5,2,25,25,0.929901057761659,1130
1,41,0.6,5,2.5,25,24,0.934595601246465,1130
1,41,0.6,5,3,25,24,0.936560125419974,1130
1,41,0.6,5,3.5,25,24,0.936254917104174,1130
1,41,0.6,5,4,25,25,0.933828969831742,1130
1,41,0.6,5,4.5,25,21,0.929280844483195,1130
1,41,0.6,5,5,25,20,0.922581119129884,1130
1,41,0.6,5,5.5,25,24,0.913758562123299,1130
1,41,0.6,5,6,25,22,0.90295378001772,1130
1,41,0.6,20,-2,25,25,0.987053155961341,1130
1,41,0.6,20,-1.5,25,25,0.991913448730839,1130
1,41,0.6,20,-1,25,25,0.995736278138205,1130
1,41,0.6,20,-0.5,25,25,0.998058503411987,1130
1,41,0.6,20,0,25,25,0.999160540566593,1130
1,41,0.6,20,0.5,25,25,0.999601602613491,1130
1,41,0.6,20,1,25,25,0.999764944482937,1130
1,41,0.6,20,1.5,25,25,0.999818186539775,1130
1,41,0.6,20,2,25,25,0.99981857079619,1130
1,41,0.6,20,2.5,25,25,0.999779525664884,1130
1,41,0.6,20,3,25,25,0.999694662402385,1130
1,41,0.6,20,3.5,25,25,0.999542461560723,1130
1,41,0.6,20,4,25,25,0.999282452272766,1130
1,41,0.6,20,4.5,25,25,0.998846012381395,1130
1,41,0.6,20,5,25,25,0.998122491519366,1130
1,41,0.6,20,5.5,25,25,0.996941753086457,1130
1,41,0.6,20,6,25,25,0.995056967143854,1130
2,60,0.4,1,-2,25,0,0.0327202037530282,153
2,60,0.4,1,-1.5,25,0,0.0363222236672049,153
2,60,0.4,1,-1,25,1,0.0416668346370199,153
2,60,0.4,1,-0.5,25,0,0.0491283483944498,153
2,60,0.4,1,0,25,1,0.0586603580368317,153
2,60,0.4,1,0.5,25,1,0.069581964903191,153
2,60,0.4,1,1,25,5,0.0807798647560694,153
2,60,0.4,1,1.5,25,1,0.0912369716286693,153
2,60,0.4,1,2,25,1,0.100386219438223,153
2,60,0.4,1,2.5,25,1,0.108069763584863,153
2,60,0.4,1,3,25,1,0.114329966284678,153
2,60,0.4,1,3.5,25,6,0.119263176427516,153
2,60,0.4,1,4,25,3,0.122975343144573,153
2,60,0.4,1,4.5,25,2,0.125587360426675,153
2,60,0.4,1,5,25,3,0.127244613563873,153
2,60,0.4,1,5.5,25,5,0.128114092857808,153
2,60,0.4,1,6,25,2,0.128371055591066,153
2,60,0.4,5,-2,25,5,0.146758102442575,153
2,60,0.4,5,-1.5,25,3,0.16303250328382,153
2,60,0.4,5,-1,25,3,0.186272109353663,153
2,60,0.4,5,-0.5,25,3,0.217139699919252,153
2,60,0.4,5,0,25,9,0.25413503110365,153
2,60,0.4,5,0.5,25,7,0.293251675391657,153
2,60,0.4,5,1,25,8,0.329473024250319,153
2,60,0.4,5,1.5,25,8,0.35897811397205,153
2,60,0.4,5,2,25,8,0.38006968826604,153
2,60,0.4,5,2.5,25,11,0.392672067995617,153
2,60,0.4,5,3,25,10,0.397536386274426,153
2,60,0.4,5,3.5,25,9,0.395778373867114,153
2,60,0.4,5,4,25,12,0.388682820875673,153
2,60,0.4,5,4.5,25,9,0.377586267195784,153
2,60,0.4,5,5,25,9,0.363770229591599,153
2,60,0.4,5,5.5,25,6,0.348374851651114,153
2,60,0.4,5,6,25,7,0.332347925522915,153
2,60,0.4,20,-2,25,10,0.417166534403771,153
2,60,0.4,20,-1.5,25,17,0.463136101195001,153
2,60,0.4,20,-1,25,13,0.521067855368418,153
2,60,0.4,20,-0.5,25,13,0.586300810725703,153
2,60,0.4,20,0,25,20,0.649571542774408,153
2,60,0.4,20,0.5,25,19,0.700890785112484,153
2,60,0.4,20,1,25,24,0.73449635356504,153
2,60,0.4,20,1.5,25,22,0.75015742471422,153
2,60,0.4,20,2,25,23,0.751049770734839,153
2,60,0.4,20,2.5,25,21,0.741215066097958,153
2,60,0.4,20,3,25,19,0.724072468408617,153
2,60,0.4,20,3.5,25,17,0.701994351884252,153
2,60,0.4,20,4,25,12,0.676488380337335,153
2,60,0.4,20,4.5,25,15,0.648527732033783,153
2,60,0.4,20,5,25,14,0.618805861066511,153
2,60,0.4,20,5.5,25,18,0.587891308217568,153
2,60,0.4,20,6,25,16,0.55631550763377,153
2,60,0.6,1,-2,25,8,0.231450176087256,1026
2,60,0.6,1,-1.5,25,4,0.246275258465775,1026
2,60,0.6,1,-1,25,6,0.267101288823162,1026
2,60,0.6,1,-0.5,25,8,0.294290830876596,1026
2,60,0.6,1,0,25,9,0.326353886632635,1026
2,60,0.6,1,0.5,25,8,0.359870637319407,1026
2,60,0.6,1,1,25,12,0.390961994824157,1026
2,60,0.6,1,1.5,25,14,0.417147185337641,1026
2,60,0.6,1,2,25,15,0.437887473275964,1026
2,60,0.6,1,2.5,25,11,0.453852059189069,1026
2,60,0.6,1,3,25,13,0.466024101707546,1026
2,60,0.6,1,3.5,25,15,0.475241032235113,1026
2,60,0.6,1,4,25,8,0.482105872787368,1026
2,60,0.6,1,4.5,25,13,0.487050493114461,1026
2,60,0.6,1,5,25,13,0.490415307724135,1026
2,60,0.6,1,5.5,25,14,0.492499094676044,1026
2,60,0.6,1,6,25,6,0.493577344297349,1026
2,60,0.6,5,-2,25,17,0.71780315026878,1026
2,60,0.6,5,-1.5,25,19,0.745486924154009,1026
2,60,0.6,5,-1,25,18,0.780045552844087,1026
2,60,0.6,5,-0.5,25,19,0.818666179970411,1026
2,60,0.6,5,0,25,20,0.856280538785485,1026
2,60,0.6,5,0.5,25,24,0.887976868686569,1026
2,60,0.6,5,1,25,23,0.911521186585583,1026
2,60,0.6,5,1.5,25,23,0.927479422685711,1026
2,60,0.6,5,2,25,25,0.937608957597076,1026
2,60,0.6,5,2.5,25,24,0.943531835889782,1026
2,60,0.6,5,3,25,25,0.946299124710146,1026
2,60,0.6,5,3.5,25,23,0.946460552301561,1026
2,60,0.6,5,4,25,25,0.944263874179737,1026
2,60,0.6,5,4.5,25,23,0.939832135544394,1026
2,60,0.6,5,5,25,24,0.933286451323692,1026
2,60,0.6,5,5.5,25,23,0.924817598884072,1026
2,60,0.6,5,6,25,24,0.91471448746994,1026
2,60,0.6,20,-2,25,24,0.98751284810859,1026
2,60,0.6,20,-1.5,25,25,0.992272188033578,1026
2,60,0.6,20,-1,25,25,0.995962494318265,1026
2,60,0.6,20,-0.5,25,25,0.998210643924222,1026
2,60,0.6,20,0,25,25,0.999283141166866,1026
2,60,0.6,20,0.5,25,25,0.999706318780831,1026
2,60,0.6,20,1,25,25,0.999857802963857,1026
2,60,0.6,20,1.5,25,25,0.999908350284269,1026
2,60,0.6,20,2,25,25,0.999916669028755,1026
2,60,0.6,20,2.5,25,25,0.999896395377079,1026
2,60,0.6,20,3,25,25,0.999840409348913,1026
2,60,0.6,20,3.5,25,25,0.999724258144545,1026
2,60,0.6,20,4,25,25,0.999500029464835,1026
2,60,0.6,20,4.5,25,25,0.999084666844787,1026
2,60,0.6,20,5,25,25,0.998345631716912,1026
2,60,0.6,20,5.5,25,25,0.997089133775532,1026
2,60,0.6,20,6,25,25,0.995059324262479,1026
3,44,0.4,1,-2,25,1,0.0357882804089766,183
3,44,0.4,1,-1.5,25,0,0.0384620054937963,183
3,44,0.4,1,-1,25,0,0.043182651337163,183
3,44,0.4,1,-0.5,25,3,0.0515805128731102,183
3,44,0.4,1,0,25,1,0.0659704515749067,183
3,44,0.4,1,0.5,25,1,0.0880353446910374,183
3,44,0.4,1,1,25,2,0.115867023431128,183
3,44,0.4,1,1.5,25,2,0.14330987045961,183
3,44,0.4,1,2,25,4,0.16481922759637,183
3,44,0.4,1,2.5,25,6,0.179159794991914,183
3,44,0.4,1,3,25,2,0.187879872837848,183
3,44,0.4,1,3.5,25,4,0.19290703250808,183
3,44,0.4,1,4,25,3,0.195655049568756,183
3,44,0.4,1,4.5,25,6,0.197011721580446,183
3,44,0.4,1,5,25,5,0.197512136509957,183
3,44,0.4,1,5.5,25,4,0.197479828104948,183
3,44,0.4,1,6,25,6,0.197114239880825,183
3,44,0.4,5,-2,25,5,0.158048000465461,183
3,44,0.4,5,-1.5,25,6,0.170043615607259,183
3,44,0.4,5,-1,25,5,0.190489958839875,183
3,44,0.4,5,-0.5,25,10,0.225045945370027,183
3,44,0.4,5,0,25,10,0.279583503462709,183
3,44,0.4,5,0.5,25,6,0.352471033820104,183
3,44,0.4,5,1,25,11,0.426325239385743,183
3,44,0.4,5,1.5,25,16,0.478936780075874,183
3,44,0.4,5,2,25,6,0.503839694038631,183
3,44,0.4,5,2.5,25,12,0.508691747859776,183
3,44,0.4,5,3,25,10,0.502810150650241,183
3,44,0.4,5,3.5,25,10,0.492170436358087,183
3,44,0.4,5,4,25,14,0.47984517186342,183
3,44,0.4,5,4.5,25,9,0.467275390097692,183
3,44,0.4,5,5,25,13,0.455098788221559,183
3,44,0.4,5,5.5,25,12,0.44357157514298,183
3,44,0.4,5,6,25,15,0.432769826298257,183
3,44,0.4,20,-2,25,9,0.430538823450504,183
3,44,0.4,20,-1.5,25,7,0.464340616345935,183
3,44,0.4,20,-1,25,13,0.515843656024874,183
3,44,0.4,20,-0.5,25,12,0.589381075894915,183
3,44,0.4,20,0,25,19,0.678010150412138,183
3,44,0.4,20,0.5,25,21,0.754498013529045,183
3,44,0.4,20,1,25,19,0.791417758631962,183
3,44,0.4,20,1.5,25,21,0.790162790688822,183
3,44,0.4,20,2,25,19,0.768080185899752,183
3,44,0.4,20,2.5,25,18,0.738098387203036,183
3,44,0.4,20,3,25,18,0.70671794550871,183
3,44,0.4,20,3.5,25,18,0.67681220942315,183
3,44,0.4,20,4,25,17,0.64936919029212,183
3,44,0.4,20,4.5,25,16,0.624496807804416,183
3,44,0.4,20,5,25,17,0.601997646010092,183
3,44,0.4,20,5.5,25,15,0.581636287156717,183
3,44,0.4,20,6,25,11,0.563222322955537,183
3,44,0.6,1,-2,25,7,0.221464863834437,1036
3,44,0.6,1,-1.5,25,7,0.23051003967091,1036
3,44,0.6,1,-1,25,5,0.245242881519859,1036
3,44,0.6,1,-0.5,25,4,0.26895770063038,1036
3,44,0.6,1,0,25,7,0.305103239646684,1036
3,44,0.6,1,0.5,25,10,0.353839781618845,1036
3,44,0.6,1,1,25,11,0.40778252637804,1036
3,44,0.6,1,1.5,25,12,0.454898714634227,1036
3,44,0.6,1,2,25,11,0.488203174084749,1036
3,44,0.6,1,2.5,25,13,0.50863864179555,1036
3,44,0.6,1,3,25,15,0.520307163952108,1036
3,44,0.6,1,3.5,25,8,0.52676415185773,1036
3,44,0.6,1,4,25,11,0.530250044727106,1036
3,44,0.6,1,4.5,25,13,0.532034700090683,1036
3,44,0.6,1,5,25,18,0.532824014963986,1036
3,44,0.6,1,5.5,25,12,0.53301743423069,1036
3,44,0.6,1,6,25,13,0.532848172395259,1036
3,44,0.6,5,-2,25,16,0.696795560893182,1036
3,44,0.6,5,-1.5,25,19,0.715084049857938,1036
3,44,0.6,5,-1,25,17,0.742491523110722,1036
3,44,0.6,5,-0.5,25,19,0.781401435318245,1036
3,44,0.6,5,0,25,20,0.830505146477173,1036
3,44,0.6,5,0.5,25,22,0.881013442992823,1036
3,44,0.6,5,1,25,25,0.920399657549935,1036
3,44,0.6,5,1.5,25,21,0.943449052499748,1036
3,44,0.6,5,2,25,24,0.953785854374371,1036
3,44,0.6,5,2.5,25,25,0.956689483081741,1036
3,44,0.6,5,3,25,23,0.955608831493571,1036
3,44,0.6,5,3.5,25,25,0.952381192618688,1036
3,44,0.6,5,4,25,22,0.947965408122883,1036
3,44,0.6,5,4.5,25,25,0.942881509236225,1036
3,44,0.6,5,5,25,24,0.937426311729871,1036
3,44,0.6,5,5.5,25,23,0.931778002991737,1036
3,44,0.6,5,6,25,24,0.926048979252282,1036
3,44,0.6,20,-2,25,25,0.981800285820408,1036
3,44,0.6,20,-1.5,25,25,0.986395136442616,1036
3,44,0.6,20,-1,25,25,0.991350541729625,1036
3,44,0.6,20,-0.5,25,25,0.995686891020034,1036
3,44,0.6,20,0,25,25,0.998421587012627,1036
3,44,0.6,20,0.5,25,25,0.999534276230393,1036
3,44,0.6,20,1,25,25,0.999819358278156,1036
3,44,0.6,20,1.5,25,25,0.999834375005792,1036
3,44,0.6,20,2,25,25,0.999701084431173,1036
3,44,0.6,20,2.5,25,25,0.999353229483789,1036
3,44,0.6,20,3,25,25,0.998673238682126,1036
3,44,0.6,20,3.5,25,25,0.997562946068341,1036
3,44,0.6,20,4,25,25,0.995975047087025,1036
3,44,0.6,20,4.5,25,25,0.993913521638827,1036
3,44,0.6,20,5,25,25,0.991424038896724,1036
3,44,0.6,20,5.5,25,24,0.988582932869135,1036
3,44,0.6,20,6,25,25,0.985482821794386,1036
4,49,0.4,1,-2,25,1,0.0533183010043191,235
4,49,0.4,1,-1.5,25,1,0.058952547506044,235
4,49,0.4,1,-1,25,2,0.0668749748871366,235
4,49,0.4,1,-0.5,25,3,0.077820311990798,235
4,49,0.4,1,0,25,4,0.0924899485492298,235
4,49,0.4,1,0.5,25,1,0.111115494808353,235
4,49,0.4,1,1,25,2,0.132793817333003,235
4,49,0.4,1,1.5,25,5,0.155222357526969,235
4,49,0.4,1,2,25,1,0.175552646284616,235
4,49,0.4,1,2.5,25,2,0.191828285923923,235
4,49,0.4,1,3,25,3,0.203623221114739,235
4,49,0.4,1,3.5,25,6,0.211593048963485,235
4,49,0.4,1,4,25,10,0.216741783884728,235
4,49,0.4,1,4.5,25,6,0.219975472241239,235
4,49,0.4,1,5,25,8,0.221965575826374,235
4,49,0.4,1,5.5,25,9,0.223165284035936,235
4,49,0.4,1,6,25,6,0.223867070992476,235
4,49,0.4,5,-2,25,6,0.228061148724128,235
4,49,0.4,5,-1.5,25,6,0.251782717086444,235
4,49,0.4,5,-1,25,4,0.283311566106458,235
4,49,0.4,5,-0.5,25,9,0.324015516436562,235
4,49,0.4,5,0,25,5,0.374092823820867,235
4,49,0.4,5,0.5,25,11,0.43066400558356,235
4,49,0.4,5,1,25,14,0.486421758331218,235
4,49,0.4,5,1.5,25,16,0.532047886777443,235
4,49,0.4,5,2,25,10,0.561763655878364,235
4,49,0.4,5,2.5,25,14,0.575988333576521,235
4,49,0.4,5,3,25,15,0.578981573063047,235
4,49,0.4,5,3.5,25,18,0.575403840234893,235
4,49,0.4,5,4,25,16,0.568648458837322,235
4,49,0.4,5,4.5,25,17,0.560721048622275,235
4,49,0.4,5,5,25,15,0.552660637754102,235
4,49,0.4,5,5.5,25,16,0.544951847351957,235
4,49,0.4,5,6,25,16,0.537793482539309,235
4,49,0.4,20,-2,25,14,0.575092363870269,235
4,49,0.4,20,-1.5,25,17,0.628376329684345,235
4,49,0.4,20,-1,25,18,0.687879905017058,235
4,49,0.4,20,-0.5,25,19,0.749712776188843,235
4,49,0.4,20,0,25,19,0.807324712360756,235
4,49,0.4,20,0.5,25,18,0.852057081392183,235
4,49,0.4,20,1,25,20,0.877279171467969,235
4,49,0.4,20,1.5,25,23,0.882490425093135,235
4,49,0.4,20,2,25,20,0.871905790436849,235
4,49,0.4,20,2.5,25,22,0.850908452832791,235
4,49,0.4,20,3,25,16,0.82440235089862,235
4,49,0.4,20,3.5,25,21,0.796319208933175,235
4,49,0.4,20,4,25,17,0.769294719955137,235
4,49,0.4,20,4.5,25,16,0.744650615846181,235
4,49,0.4,20,5,25,23,0.722738168184774,235
4,49,0.4,20,5.5,25,14,0.703379789624622,235
4,49,0.4,20,6,25,19,0.686200773313077,235
4,49,0.6,1,-2,25,5,0.252564293452129,1062
4,49,0.6,1,-1.5,25,5,0.268341660024351,1062
4,49,0.6,1,-1,25,9,0.28885484490722,1062
4,49,0.6,1,-0.5,25,12,0.314462774735583,1062
4,49,0.6,1,0,25,7,0.344869012223342,1062
4,49,0.6,1,0.5,25,12,0.378755447565125,1062
4,49,0.6,1,1,25,11,0.413557805302071,1062
4,49,0.6,1,1.5,25,7,0.445891319090722,1062
4,49,0.6,1,2,25,9,0.472823676882908,1062
4,49,0.6,1,2.5,25,15,0.493079294125272,1062
4,49,0.6,1,3,25,12,0.507114848009586,1062
4,49,0.6,1,3.5,25,10,0.516298576160831,1062
4,49,0.6,1,4,25,13,0.522096544439591,1062
4,49,0.6,1,4.5,25,21,0.525682026030439,1062
4,49,0.6,1,5,25,10,0.527871797060464,1062
4,49,0.6,1,5.5,25,15,0.52919520031623,1062
4,49,0.6,1,6,25,13,0.529983507195386,1062
4,49,0.6,5,-2,25,21,0.750338397893355,1062
4,49,0.6,5,-1.5,25,19,0.777617110154563,1062
4,49,0.6,5,-1,25,22,0.808634347275469,1062
4,49,0.6,5,-0.5,25,23,0.841552205403725,1062
4,49,0.6,5,0,25,25,0.873846622603163,1062
4,49,0.6,5,0.5,25,22,0.902731586054598,1062
4,49,0.6,5,1,25,25,0.925836794668027,1062
4,49,0.6,5,1.5,25,24,0.942057048766322,1062
4,49,0.6,5,2,25,25,0.95188574176587,1062
4,49,0.6,5,2.5,25,25,0.956814706637378,1062
4,49,0.6,5,3,25,25,0.958469600616536,1062
4,49,0.6,5,3.5,25,24,0.958147321830177,1062
4,49,0.6,5,4,25,25,0.956737261735991,1062
4,49,0.6,5,4.5,25,23,0.954796697416401,1062
4,49,0.6,5,5,25,25,0.952652690682309,1062
4,49,0.6,5,5.5,25,25,0.950487331593506,1062
4,49,0.6,5,6,25,24,0.948397195663186,1062
4,49,0.6,20,-2,25,25,0.990740709589877,1062
4,49,0.6,20,-1.5,25,25,0.994683244835409,1062
4,49,0.6,20,-1,25,25,0.99731201642632,1062
4,49,0.6,20,-0.5,25,25,0.998799313803429,1062
4,49,0.6,20,0,25,25,0.999514953814137,1062
4,49,0.6,20,0.5,25,25,0.999808635107381,1062
4,49,0.6,20,1,25,25,0.999910272350113,1062
4,49,0.6,20,1.5,25,25,0.999932519232633,1062
4,49,0.6,20,2,25,25,0.999907652610148,1062
4,49,0.6,20,2.5,25,25,0.999815187034466,1062
4,49,0.6,20,3,25,25,0.999594805005197,1062
4,49,0.6,20,3.5,25,25,0.999170070900237,1062
4,49,0.6,20,4,25,25,0.998487846102651,1062
4,49,0.6,20,4.5,25,25,0.997540915586525,1062
4,49,0.6,20,5,25,25,0.996358078248652,1062
4,49,0.6,20,5.5,25,25,0.994981464079219,1062
4,49,0.6,20,6,25,25,0.993451221581591,1062
5,43,0.4,1,-2,25,2,0.063404211144516,304
5,43,0.4,1,-1.5,25,2,0.0694187661311668,304
5,43,0.4,1,-1,25,0,0.0783591189885083,304
5,43,0.4,1,-0.5,25,2,0.0910900214524698,304
5,43,0.4,1,0,25,2,0.107992021580453,304
5,43,0.4,1,0.5,25,4,0.128343600828019,304
5,43,0.4,1,1,25,7,0.150153328273908,304
5,43,0.4,1,1.5,25,7,0.170905434128485,304
5,43,0.4,1,2,25,4,0.18868216637953,304
5,43,0.4,1,2.5,25,1,0.20269393604802,304
5,43,0.4,1,3,25,4,0.2130607456295,304
5,43,0.4,1,3.5,25,7,0.220346421922425,304
5,43,0.4,1,4,25,6,0.225214126150007,304
5,43,0.4,1,4.5,25,5,0.228261403656462,304
5,43,0.4,1,5,25,8,0.229970182761267,304
5,43,0.4,1,5.5,25,10,0.230709315580116,304
5,43,0.4,1,6,25,7,0.230754633143498,304
5,43,0.4,5,-2,25,12,0.264906193726955,304
5,43,0.4,5,-1.5,25,12,0.28928918247257,304
5,43,0.4,5,-1,25,12,0.323477893535441,304
5,43,0.4,5,-0.5,25,10,0.3685839665899,304
5,43,0.4,5,0,25,10,0.422790765958596,304
5,43,0.4,5,0.5,25,12,0.480134287219024,304
5,43,0.4,5,1,25,18,0.532095760170069,304
5,43,0.4,5,1.5,25,18,0.571761360276518,304
5,43,0.4,5,2,25,16,0.596731413401447,304
5,43,0.4,5,2.5,25,14,0.608556854189934,304
5,43,0.4,5,3,25,14,0.61050125633566,304
5,43,0.4,5,3.5,25,14,0.605810767838478,304
5,43,0.4,5,4,25,18,0.596992137894308,304
5,43,0.4,5,4.5,25,13,0.585733225361652,304
5,43,0.4,5,5,25,14,0.573078256683212,304
5,43,0.4,5,5.5,25,14,0.559644733572838,304
5,43,0.4,5,6,25,16,0.545799033454267,304
5,43,0.4,20,-2,25,17,0.630950690177313,304
5,43,0.4,20,-1.5,25,20,0.681025482601384,304
5,43,0.4,20,-1,25,21,0.739110725034315,304
5,43,0.4,20,-0.5,25,19,0.798830440870231,304
5,43,0.4,20,0,25,22,0.850898072875552,304
5,43,0.4,20,0.5,25,21,0.887522590977241,304
5,43,0.4,20,1,25,24,0.906497495087327,304
5,43,0.4,20,1.5,25,24,0.910511173767766,304
5,43,0.4,20,2,25,24,0.903686737109719,304
5,43,0.4,20,2.5,25,23,0.889510920815337,304
5,43,0.4,20,3,25,21,0.870614253164504,304
5,43,0.4,20,3.5,25,21,0.849122446938933,304
5,43,0.4,20,4,25,22,0.82680960779379,304
5,43,0.4,20,4.5,25,20,0.805016678366436,304
5,43,0.4,20,5,25,20,0.784552325022032,304
5,43,0.4,20,5.5,25,21,0.765704508600312,304
5,43,0.4,20,6,25,19,0.748356644026035,304
5,43,0.6,1,-2,25,8,0.24534734808895,1093
5,43,0.6,1,-1.5,25,6,0.259228728994107,1093
5,43,0.6,1,-1,25,10,0.278752268950205,1093
5,43,0.6,1,-0.5,25,9,0.304710033165125,1093
5,43,0.6,1,0,25,4,0.336483946603788,1093
5,43,0.6,1,0.5,25,8,0.371439327961294,1093
5,43,0.6,1,1,25,13,0.405570976913759,1093
5,43,0.6,1,1.5,25,13,0.43530326239949,1093
5,43,0.6,1,2,25,15,0.458884315534274,1093
5,43,0.6,1,2.5,25,14,0.476360411926253,1093
5,43,0.6,1,3,25,12,0.488730060867559,1093
5,43,0.6,1,3.5,25,13,0.497197882710206,1093
5,43,0.6,1,4,25,17,0.502816791861726,1093
5,43,0.6,1,4.5,25,14,0.506398416470641,1093
5,43,0.6,1,5,25,15,0.508535270326794,1093
5,43,0.6,1,5.5,25,12,0.509650706182057,1093
5,43,0.6,1,6,25,14,0.510045854897307,1093
5,43,0.6,5,-2,25,20,0.73696805851509,1093
5,43,0.6,5,-1.5,25,21,0.762140699210331,1093
5,43,0.6,5,-1,25,16,0.793499984450533,1093
5,43,0.6,5,-0.5,25,20,0.82908005715059,1093
5,43,0.6,5,0,25,21,0.864839893027087,1093
5,43,0.6,5,0.5,25,22,0.896099400882086,1093
5,43,0.6,5,1,25,22,0.919838137986484,1093
5,43,0.6,5,1.5,25,24,0.935702594951859,1093
5,43,0.6,5,2,25,25,0.945088903496555,1093
5,43,0.6,5,2.5,25,25,0.949763200168204,1093
5,43,0.6,5,3,25,21,0.951147197758201,1093
5,43,0.6,5,3.5,25,24,0.950210965424423,1093
5,43,0.6,5,4,25,24,0.947582558474209,1093
5,43,0.6,5,4.5,25,25,0.943667579341582,1093
5,43,0.6,5,5,25,21,0.938733121048987,1093
5,43,0.6,5,5.5,25,23,0.932962832931551,1093
5,43,0.6,5,6,25,24,0.926493763465812,1093
5,43,0.6,20,-2,25,25,0.987984567252469,1093
5,43,0.6,20,-1.5,25,25,0.992585685414778,1093
5,43,0.6,20,-1,25,25,0.996108879415306,1093
5,43,0.6,20,-0.5,25,25,0.998267446798003,1093
5,43,0.6,20,0,25,25,0.999311697100348,1093
5,43,0.6,20,0.5,25,25,0.999721947452578,1093
5,43,0.6,20,1,25,25,0.999859031961347,1093
5,43,0.6,20,1.5,25,25,0.999889901619522,1093
5,43,0.6,20,2,25,25,0.999863498583287,1093
5,43,0.6,20,2.5,25,25,0.999772654340528,1093
5,43,0.6,20,3,25,25,0.999579349193089,1093
5,43,0.6,20,3.5,25,25,0.999230387261934,1093
5,43,0.6,20,4,25,25,0.998677632478068,1093
5,43,0.6,20,4.5,25,25,0.997894693505903,1093
5,43,0.6,20,5,25,25,0.996876547168264,1093
5,43,0.6,20,5.5,25,25,0.99562297476647,1093
5,43,0.6,20,6,25,25,0.994119166969552,1093
6,45,0.4,1,-2,25,2,0.0624926335141763,286
6,45,0.4,1,-1.5,25,0,0.0683870369530601,286
6,45,0.4,1,-1,25,4,0.0764486070479798,286
6,45,0.4,1,-0.5,25,2,0.0870123693510537,286
6,45,0.4,1,0,25,0,0.100211596409643,286
6,45,0.4,1,0.5,25,3,0.115960131105747,286
6,45,0.4,1,1,25,4,0.133945579164948,286
6,45,0.4,1,1.5,25,4,0.15343994288593,286
6,45,0.4,1,2,25,5,0.172982772939455,286
6,45,0.4,1,2.5,25,3,0.190488997333647,286
6,45,0.4,1,3,25,6,0.204131719174589,286
6,45,0.4,1,3.5,25,10,0.21328981137462,286
6,45,0.4,1,4,25,5,0.21860124359513,286
6,45,0.4,1,4.5,25,5,0.221265161852052,286
6,45,0.4,1,5,25,5,0.222385510977981,286
6,45,0.4,1,5.5,25,10,0.222718302855274,286
6,45,0.4,1,6,25,4,0.222698385679033,286
6,45,0.4,5,-2,25,5,0.262258493587534,286
6,45,0.4,5,-1.5,25,6,0.286271965296307,286
6,45,0.4,5,-1,25,9,0.317259579265764,286
6,45,0.4,5,-0.5,25,10,0.355085091315326,286
6,45,0.4,5,0,25,7,0.398463691806984,286
6,45,0.4,5,0.5,25,12,0.444870195357836,286
6,45,0.4,5,1,25,13,0.490074666005156,286
6,45,0.4,5,1.5,25,15,0.527474636207093,286
6,45,0.4,5,2,25,14,0.549414700720331,286
6,45,0.4,5,2.5,25,11,0.551495567417892,286
6,45,0.4,5,3,25,13,0.535698081871891,286
6,45,0.4,5,3.5,25,12,0.508659619725963,286
6,45,0.4,5,4,25,13,0.477700253673671,286
6,45,0.4,5,4.5,25,11,0.448216181531706,286
6,45,0.4,5,5,25,5,0.423057549170645,286
6,45,0.4,5,5.5,25,11,0.40305615443728,286
6,45,0.4,5,6,25,7,0.387869876818922,286
6,45,0.4,20,-2,25,15,0.630948646498672,286
6,45,0.4,20,-1.5,25,14,0.680168445552415,286
6,45,0.4,20,-1,25,14,0.732978212949609,286
6,45,0.4,20,-0.5,25,14,0.784353823448541,286
6,45,0.4,20,0,25,17,0.829115114205033,286
6,45,0.4,20,0.5,25,21,0.862745904099786,286
6,45,0.4,20,1,25,21,0.881383031932093,286
6,45,0.4,20,1.5,25,21,0.883324819648963,286
6,45,0.4,20,2,25,19,0.870301772908392,286
6,45,0.4,20,2.5,25,19,0.844482266798721,286
6,45,0.4,20,3,25,18,0.806491412934874,286
6,45,0.4,20,3.5,25,16,0.757304046529233,286
6,45,0.4,20,4,25,16,0.700020983396957,286
6,45,0.4,20,4.5,25,14,0.639675764403519,286
6,45,0.4,20,5,25,11,0.581631636710649,286
6,45,0.4,20,5.5,25,8,0.529943056173689,286
6,45,0.4,20,6,25,5,0.486662343248475,286
6,45,0.6,1,-2,25,8,0.255065190596163,1104
6,45,0.6,1,-1.5,25,5,0.26966059915138,1104
6,45,0.6,1,-1,25,5,0.288642123408215,1104
6,45,0.6,1,-0.5,25,7,0.311897305063262,1104
6,45,0.6,1,0,25,7,0.338496992861072,1104
6,45,0.6,1,0.5,25,7,0.366911397139606,1104
6,45,0.6,1,1,25,13,0.39553144228893,1104
6,45,0.6,1,1.5,25,13,0.422988773265352,1104
6,45,0.6,1,2,25,12,0.448006309999692,1104
6,45,0.6,1,2.5,25,15,0.469220663143453,1104
6,45,0.6,1,3,25,7,0.485530713159576,1104
6,45,0.6,1,3.5,25,13,0.496711586853414,1104
6,45,0.6,1,4,25,12,0.503533311458308,1104
6,45,0.6,1,4.5,25,12,0.50726297699088,1104
6,45,0.6,1,5,25,12,0.509095023943268,1104
6,45,0.6,1,5.5,25,12,0.509886235746541,1104
6,45,0.6,1,6,25,9,0.510156799990112,1104
6,45,0.6,5,-2,25,24,0.753725839375465,1104
6,45,0.6,5,-1.5,25,20,0.778843734131207,1104
6,45,0.6,5,-1,25,23,0.807657656629704,1104
6,45,0.6,5,-0.5,25,22,0.837955894580642,1104
6,45,0.6,5,0,25,21,0.867009791148454,1104
6,45,0.6,5,0.5,25,20,0.892570327949022,1104
6,45,0.6,5,1,25,23,0.913371994851687,1104
6,45,0.6,5,1.5,25,24,0.928758266952406,1104
6,45,0.6,5,2,25,23,0.938017935280427,1104
6,45,0.6,5,2.5,25,24,0.940249462248131,1104
6,45,0.6,5,3,25,23,0.934909205249649,1104
6,45,0.6,5,3.5,25,22,0.922557505643257,1104
6,45,0.6,5,4,25,21,0.90518902725321,1104
6,45,0.6,5,4.5,25,24,0.885729259582166,1104
6,45,0.6,5,5,25,24,0.866952238310074,1104
6,45,0.6,5,5.5,25,23,0.850650839510702,1104
6,45,0.6,5,6,25,22,0.837506646334465,1104
6,45,0.6,20,-2,25,25,0.990853456488209,1104
6,45,0.6,20,-1.5,25,25,0.994560089438513,1104
6,45,0.6,20,-1,25,25,0.997127226810932,1104
6,45,0.6,20,-0.5,25,25,0.998618667918608,1104
6,45,0.6,20,0,25,25,0.99936328561944,1104
6,45,0.6,20,0.5,25,25,0.999696047918715,1104
6,45,0.6,20,1,25,25,0.999826817498271,1104
6,45,0.6,20,1.5,25,25,0.999847270266552,1104
6,45,0.6,20,2,25,25,0.999762319825734,1104
6,45,0.6,20,2.5,25,25,0.999460556354767,1104
6,45,0.6,20,3,25,25,0.998556836806561,1104
6,45,0.6,20,3.5,25,25,0.996075488230848,1104
6,45,0.6,20,4,25,25,0.990231236473127,1104
6,45,0.6,20,4.5,25,25,0.978994404908593,1104
6,45,0.6,20,5,25,25,0.961556406999941,1104
6,45,0.6,20,5.5,25,24,0.939310483304297,1104
6,45,0.6,20,6,25,22,0.915185081896454,1104
7,62,0.4,1,-2,25,4,0.0607092671044699,295
7,62,0.4,1,-1.5,25,0,0.0657091660693465,295
7,62,0.4,1,-1,25,4,0.0730177298302088,295
7,62,0.4,1,-0.5,25,4,0.0831238449517131,295
7,62,0.4,1,0,25,1,0.0959807444486882,295
7,62,0.4,1,0.5,25,4,0.110673113842999,295
7,62,0.4,1,1,25,3,0.125597826130665,295
7,62,0.4,1,1.5,25,3,0.139196459724678,295
7,62,0.4,1,2,25,4,0.150600545924951,295
7,62,0.4,1,2.5,25,4,0.159692777808008,295
7,62,0.4,1,3,25,6,0.166778233962118,295
7,62,0.4,1,3.5,25,3,0.172263022596278,295
7,62,0.4,1,4,25,7,0.176494315158742,295
7,62,0.4,1,4.5,25,5,0.179723919966827,295
7,62,0.4,1,5,25,2,0.182125338522178,295
7,62,0.4,1,5.5,25,5,0.183822224440759,295
7,62,0.4,1,6,25,3,0.184911861569479,295
7,62,0.4,5,-2,25,4,0.259483313181635,295
7,62,0.4,5,-1.5,25,7,0.279628750814988,295
7,62,0.4,5,-1,25,7,0.307792950131344,295
7,62,0.4,5,-0.5,25,11,0.344498875699556,295
7,62,0.4,5,0,25,6,0.387766701346969,295
7,62,0.4,5,0.5,25,8,0.432806541693121,295
7,62,0.4,5,1,25,11,0.47386498473132,295
7,62,0.4,5,1.5,25,8,0.506945291970839,295
7,62,0.4,5,2,25,15,0.530902251313852,295
7,62,0.4,5,2.5,25,10,0.546571872220993,295
7,62,0.4,5,3,25,12,0.5554452846937,295
7,62,0.4,5,3.5,25,12,0.558891886094923,295
7,62,0.4,5,4,25,8,0.557947643764,295
7,62,0.4,5,4.5,25,12,0.553371064848432,295
7,62,0.4,5,5,25,12,0.545757361225922,295
7,62,0.4,5,5.5,25,9,0.535627589062577,295
7,62,0.4,5,6,25,16,0.523477163540235,295
7,62,0.4,20,-2,25,18,0.645717690976165,295
7,62,0.4,20,-1.5,25,16,0.685457101916881,295
7,62,0.4,20,-1,25,18,0.733022564280606,295
7,62,0.4,20,-0.5,25,19,0.783549790305038,295
7,62,0.4,20,0,25,20,0.829621078867372,295
7,62,0.4,20,0.5,25,24,0.864999517997667,295
7,62,0.4,20,1,25,23,0.88770634899186,295
7,62,0.4,20,1.5,25,19,0.899412988580652,295
7,62,0.4,20,2,25,21,0.902990823939962,295
7,62,0.4,20,2.5,25,20,0.900937499810991,295
7,62,0.4,20,3,25,24,0.894987848069069,295
7,62,0.4,20,3.5,25,23,0.886219580986816,295
7,62,0.4,20,4,25,21,0.875239811410519,295
7,62,0.4,20,4.5,25,21,0.862341552387637,295
7,62,0.4,20,5,25,19,0.847622936543314,295
7,62,0.4,20,5.5,25,19,0.83107878164692,295
7,62,0.4,20,6,25,19,0.812672644872354,295
7,62,0.6,1,-2,25,7,0.249024579504481,1119
7,62,0.6,1,-1.5,25,6,0.261159979710279,1119
7,62,0.6,1,-1,25,5,0.278240772331209,1119
7,62,0.6,1,-0.5,25,9,0.300836232400368,1119
7,62,0.6,1,0,25,11,0.328155153606885,1119
7,62,0.6,1,0.5,25,11,0.357656114856431,1119
7,62,0.6,1,1,25,7,0.385867973243465,1119
7,62,0.6,1,1.5,25,10,0.410029990159194,1119
7,62,0.6,1,2,25,5,0.429082788714322,1119
7,62,0.6,1,2.5,25,12,0.443398000154038,1119
7,62,0.6,1,3,25,8,0.453964197195484,1119
7,62,0.6,1,3.5,25,13,0.461781338528659,1119
7,62,0.6,1,4,25,15,0.467621832647348,1119
7,62,0.6,1,4.5,25,12,0.472012990344589,1119
7,62,0.6,1,5,25,7,0.475296621372009,1119
7,62,0.6,1,5.5,25,12,0.477694904115584,1119
7,62,0.6,1,6,25,19,0.479360492531365,1119
7,62,0.6,5,-2,25,20,0.749345151147742,1119
7,62,0.6,5,-1.5,25,19,0.770036592494303,1119
7,62,0.6,5,-1,25,21,0.796402410278234,1119
7,62,0.6,5,-0.5,25,19,0.826963012296136,1119
7,62,0.6,5,0,25,20,0.858274242895474,1119
7,62,0.6,5,0.5,25,23,0.886201239910548,1119
7,62,0.6,5,1,25,23,0.908040100862781,1119
7,62,0.6,5,1.5,25,22,0.923424412243599,1119
7,62,0.6,5,2,25,24,0.933506083474265,1119
7,62,0.6,5,2.5,25,23,0.939760552846682,1119
7,62,0.6,5,3,25,24,0.943357959652925,1119
7,62,0.6,5,3.5,25,23,0.94504729852589,1119
7,62,0.6,5,4,25,24,0.945245663114201,1119
7,62,0.6,5,4.5,25,25,0.944156855552107,1119
7,62,0.6,5,5,25,23,0.941865364713068,1119
7,62,0.6,5,5.5,25,23,0.938401128882156,1119
7,62,0.6,5,6,25,22,0.933782276586516,1119
7,62,0.6,20,-2,25,25,0.992383499861081,1119
7,62,0.6,20,-1.5,25,25,0.994902566212272,1119
7,62,0.6,20,-1,25,25,0.997043142838778,1119
7,62,0.6,20,-0.5,25,25,0.998517421753285,1119
7,62,0.6,20,0,25,25,0.999327715533545,1119
7,62,0.6,20,0.5,25,25,0.999694861431037,1119
7,62,0.6,20,1,25,25,0.999842828863497,1119
7,62,0.6,20,1.5,25,25,0.999899077975498,1119
7,62,0.6,20,2,25,25,0.99991670260111,1119
7,62,0.6,20,2.5,25,25,0.999913866554699,1119
7,62,0.6,20,3,25,25,0.999894426578744,1119
7,62,0.6,20,3.5,25,25,0.999855283319796,1119
7,62,0.6,20,4,25,25,0.999787954129082,1119
7,62,0.6,20,4.5,25,25,0.999677544429873,1119
7,62,0.6,20,5,25,25,0.99950010649372,1119
7,62,0.6,20,5.5,25,25,0.999218735644023,1119
7,62,0.6,20,6,25,25,0.99877886174586,1119
8,58,0.4,1,-2,25,1,0.0465144328448265,226
8,58,0.4,1,-1.5,25,0,0.0506337782856667,226
8,58,0.4,1,-1,25,0,0.0569348324657524,226
8,58,0.4,1,-0.5,25,2,0.0662429132800417,226
8,58,0.4,1,0,25,0,0.0792113692396406,226
8,58,0.4,1,0.5,25,0,0.0958617513144866,226
8,58,0.4,1,1,25,1,0.115251703837242,226
8,58,0.4,1,1.5,25,2,0.135616181608677,226
8,58,0.4,1,2,25,3,0.154895555574681,226
8,58,0.4,1,2.5,25,5,0.171306156265199,226
8,58,0.4,1,3,25,3,0.183789415708792,226
8,58,0.4,1,3.5,25,3,0.192216449958949,226
8,58,0.4,1,4,25,4,0.197218337601565,226
8,58,0.4,1,4.5,25,9,0.199764431655942,226
8,58,0.4,1,5,25,6,0.200778411236478,226
8,58,0.4,1,5.5,25,7,0.200951877316092,226
8,58,0.4,1,6,25,7,0.200726684235346,226
8,58,0.4,5,-2,25,3,0.20352550451528,226
8,58,0.4,5,-1.5,25,4,0.221138405639387,226
8,58,0.4,5,-1,25,5,0.247000448870647,226
8,58,0.4,5,-0.5,25,6,0.283155719572761,226
8,58,0.4,5,0,25,6,0.329902642841263,226
8,58,0.4,5,0.5,25,8,0.384063721843059,226
8,58,0.4,5,1,25,8,0.438452045553669,226
8,58,0.4,5,1.5,25,13,0.483691535542408,226
8,58,0.4,5,2,25,16,0.511924182641906,226
8,58,0.4,5,2.5,25,13,0.520230537626853,226
8,58,0.4,5,3,25,14,0.511184244461285,226
8,58,0.4,5,3.5,25,15,0.490478806445482,226
8,58,0.4,5,4,25,10,0.464098217340591,226
8,58,0.4,5,4.5,25,10,0.436726133101761,226
8,58,0.4,5,5,25,11,0.41133962269556,226
8,58,0.4,5,5.5,25,13,0.38942209055266,226
8,58,0.4,5,6,25,13,0.371396663949925,226
8,58,0.4,20,-2,25,9,0.539798281911977,226
8,58,0.4,20,-1.5,25,11,0.581890761360859,226
8,58,0.4,20,-1,25,14,0.635741534288901,226
8,58,0.4,20,-0.5,25,17,0.69820693088937,226
8,58,0.4,20,0,25,19,0.761156845787123,226
8,58,0.4,20,0.5,25,20,0.813382266307255,226
8,58,0.4,20,1,25,23,0.845557153844883,226
8,58,0.4,20,1.5,25,21,0.855037978343711,226
8,58,0.4,20,2,25,22,0.845912014743239,226
8,58,0.4,20,2.5,25,17,0.823451475877276,226
8,58,0.4,20,3,25,18,0.79063575919331,226
8,58,0.4,20,3.5,25,20,0.749261808567112,226
8,58,0.4,20,4,25,18,0.701456815206606,226
8,58,0.4,20,4.5,25,20,0.650051518079054,226
8,58,0.4,20,5,25,17,0.598222502456015,226
8,58,0.4,20,5.5,25,16,0.548885634162015,226
8,58,0.4,20,6,25,12,0.504206935924733,226
8,58,0.6,1,-2,25,3,0.241867261278221,1087
8,58,0.6,1,-1.5,25,4,0.254104541981609,1087
8,58,0.6,1,-1,25,7,0.27180046588754,1087
8,58,0.6,1,-0.5,25,6,0.296116333169182,1087
8,58,0.6,1,0,25,7,0.327015576655794,1087
8,58,0.6,1,0.5,25,10,0.362444498422732,1087
8,58,0.6,1,1,25,12,0.398655704785674,1087
8,58,0.6,1,1.5,25,9,0.431847910433014,1087
8,58,0.6,1,2,25,13,0.459637384872968,1087
8,58,0.6,1,2.5,25,17,0.481225120323096,1087
8,58,0.6,1,3,25,10,0.496833091856942,1087
8,58,0.6,1,3.5,25,11,0.507256066294386,1087
8,58,0.6,1,4,25,14,0.513609315816428,1087
8,58,0.6,1,4.5,25,15,0.517086357767296,1087
8,58,0.6,1,5,25,12,0.518733026016597,1087
8,58,0.6,1,5.5,25,14,0.519327895711849,1087
8,58,0.6,1,6,25,15,0.519379797779587,1087
8,58,0.6,5,-2,25,12,0.736422948057299,1087
8,58,0.6,5,-1.5,25,17,0.758203906823775,1087
8,58,0.6,5,-1,25,16,0.786651814702388,1087
8,58,0.6,5,-0.5,25,22,0.820685680799165,1087
8,58,0.6,5,0,25,20,0.856815813092283,1087
8,58,0.6,5,0.5,25,23,0.890108803742203,1087
8,58,0.6,5,1,25,25,0.916654636446821,1087
8,58,0.6,5,1.5,25,23,0.935099293991626,1087
8,58,0.6,5,2,25,24,0.945918381648575,1087
8,58,0.6,5,2.5,25,25,0.949970203931719,1087
8,58,0.6,5,3,25,24,0.947874123473096,1087
8,58,0.6,5,3.5,25,23,0.940223938616175,1087
8,58,0.6,5,4,25,23,0.928021302664571,1087
8,58,0.6,5,4.5,25,25,0.912831454642255,1087
8,58,0.6,5,5,25,24,0.896506497882597,1087
8,58,0.6,5,5.5,25,21,0.880705275149509,1087
8,58,0.6,5,6,25,24,0.866553575913608,1087
8,58,0.6,20,-2,25,23,0.990394870861169,1087
8,58,0.6,20,-1.5,25,23,0.993578917978529,1087
8,58,0.6,20,-1,25,24,0.996332357704094,1087
8,58,0.6,20,-0.5,25,24,0.998246180665019,1087
8,58,0.6,20,0,25,25,0.999282053497427,1087
8,58,0.6,20,0.5,25,24,0.999723305622234,1087
8,58,0.6,20,1,25,25,0.99987781073426,1087
8,58,0.6,20,1.5,25,25,0.999915396569282,1087
8,58,0.6,20,2,25,25,0.999888357389884,1087
8,58,0.6,20,2.5,25,25,0.999767977941516,1087
8,58,0.6,20,3,25,25,0.99941270036819,1087
8,58,0.6,20,3.5,25,25,0.998449881204567,1087
8,58,0.6,20,4,25,24,0.996113987441672,1087
8,58,0.6,20,4.5,25,25,0.991230971798245,1087
8,58,0.6,20,5,25,25,0.982596628510281,1087
8,58,0.6,20,5.5,25,25,0.969665233042246,1087
8,58,0.6,20,6,25,24,0.953013205335664,1087
9,51,0.4,1,-2,25,0,0.0384912109622546,182
9,51,0.4,1,-1.5,25,1,0.0423134110674467,182
9,51,0.4,1,-1,25,3,0.0483602640203723,182
9,51,0.4,1,-0.5,25,1,0.0579197423622724,182
9,51,0.4,1,0,25,2,0.0723414738077268,182
9,51,0.4,1,0.5,25,1,0.0918173751638381,182
9,51,0.4,1,1,25,1,0.114001456653374,182
9,51,0.4,1,1.5,25,4,0.134782172276485,182
9,51,0.4,1,2,25,5,0.151149577006239,182
9,51,0.4,1,2.5,25,6,0.162585697064711,182
9,51,0.4,1,3,25,2,0.17008885902883,182
9,51,0.4,1,3.5,25,3,0.174911536388207,182
9,51,0.4,1,4,25,5,0.178023273790889,182
9,51,0.4,1,4.5,25,5,0.180057878859069,182
9,51,0.4,1,5,25,4,0.181403568836177,182
9,51,0.4,1,5.5,25,8,0.182294166548605,182
9,51,0.4,1,6,25,3,0.182871688014191,182
9,51,0.4,5,-2,25,3,0.169710642151248,182
9,51,0.4,5,-1.5,25,3,0.186684402138143,182
9,51,0.4,5,-1,25,3,0.212391762945867,182
9,51,0.4,5,-0.5,25,8,0.250803064407155,182
9,51,0.4,5,0,25,6,0.304247786071244,182
9,51,0.4,5,0.5,25,11,0.368301284668031,182
9,51,0.4,5,1,25,14,0.430211950449742,182
9,51,0.4,5,1.5,25,15,0.477531905373233,182
9,51,0.4,5,2,25,11,0.506919092728605,182
9,51,0.4,5,2.5,25,14,0.52224516036329,182
9,51,0.4,5,3,25,18,0.528759233202723,182
9,51,0.4,5,3.5,25,13,0.530329333804372,182
9,51,0.4,5,4,25,12,0.529263122365448,182
9,51,0.4,5,4.5,25,10,0.526822369895534,182
9,51,0.4,5,5,25,15,0.523671557633109,182
9,51,0.4,5,5.5,25,15,0.520152762680785,182
9,51,0.4,5,6,25,10,0.516437061204354,182
9,51,0.4,20,-2,25,12,0.46141915619069,182
9,51,0.4,20,-1.5,25,13,0.506831681183784,182
9,51,0.4,20,-1,25,11,0.566963329824677,182
9,51,0.4,20,-0.5,25,18,0.641728186879587,182
9,51,0.4,20,0,25,14,0.721447485604907,182
9,51,0.4,20,0.5,25,19,0.786725081665032,182
9,51,0.4,20,1,25,19,0.823712444757856,182
9,51,0.4,20,1.5,25,21,0.834464466251646,182
9,51,0.4,20,2,25,20,0.828882705249076,182
9,51,0.4,20,2.5,25,22,0.815646088609779,182
9,51,0.4,20,3,25,22,0.799876428729535,182
9,51,0.4,20,3.5,25,22,0.783983275983261,182
9,51,0.4,20,4,25,22,0.76893318845042,182
9,51,0.4,20,4.5,25,21,0.755070773939862,182
9,51,0.4,20,5,25,15,0.742494485363333,182
9,51,0.4,20,5.5,25,14,0.731194726330166,182
9,51,0.4,20,6,25,19,0.721101220280852,182
9,51,0.6,1,-2,25,5,0.236524047111072,1047
9,51,0.6,1,-1.5,25,6,0.249697259382706,1047
9,51,0.6,1,-1,25,5,0.268631373383213,1047
9,51,0.6,1,-0.5,25,9,0.295411513743361,1047
9,51,0.6,1,0,25,9,0.331304144778173,1047
9,51,0.6,1,0.5,25,11,0.374408263869074,1047
9,51,0.6,1,1,25,17,0.418387092144312,1047
9,51,0.6,1,1.5,25,10,0.455731843706451,1047
9,51,0.6,1,2,25,9,0.48276930143223,1047
9,51,0.6,1,2.5,25,11,0.500350811662024,1047
9,51,0.6,1,3,25,14,0.511183793197149,1047
9,51,0.6,1,3.5,25,10,0.517766379611851,1047
9,51,0.6,1,4,25,11,0.521806993776475,1047
9,51,0.6,1,4.5,25,20,0.524340166182873,1047
9,51,0.6,1,5,25,10,0.525963792524275,1047
9,51,0.6,1,5.5,25,9,0.527020298710198,1047
9,51,0.6,1,6,25,11,0.527708026881839,1047
9,51,0.6,5,-2,25,21,0.724737456767065,1047
9,51,0.6,5,-1.5,25,18,0.749256077660014,1047
9,51,0.6,5,-1,25,17,0.780689679997192,1047
9,51,0.6,5,-0.5,25,23,0.818886007851225,1047
9,51,0.6,5,0,25,19,0.860728071365646,1047
9,51,0.6,5,0.5,25,22,0.89951232587805,1047
9,51,0.6,5,1,25,21,0.928717436982501,1047
9,51,0.6,5,1.5,25,24,0.946848700795915,1047
9,51,0.6,5,2,25,23,0.956669608484779,1047
9,51,0.6,5,2.5,25,22,0.961539000576759,1047
9,51,0.6,5,3,25,25,0.96374159719832,1047
9,51,0.6,5,3.5,25,25,0.964546912173734,1047
9,51,0.6,5,4,25,22,0.964612702726211,1047
9,51,0.6,5,4.5,25,25,0.964273532154075,1047
9,51,0.6,5,5,25,25,0.963699138240509,1047
9,51,0.6,5,5.5,25,24,0.962975224384961,1047
9,51,0.6,5,6,25,24,0.962144145313521,1047
9,51,0.6,20,-2,25,24,0.987551421250282,1047
9,51,0.6,20,-1.5,25,23,0.991982778076467,1047
9,51,0.6,20,-1,25,25,0.995603199056557,1047
9,51,0.6,20,-0.5,25,25,0.998051704728641,1047
9,51,0.6,20,0,25,25,0.999317224192329,1047
9,51,0.6,20,0.5,25,25,0.999788400376363,1047
9,51,0.6,20,1,25,25,0.999920444467228,1047
9,51,0.6,20,1.5,25,25,0.999949762041439,1047
9,51,0.6,20,2,25,25,0.999946091317658,1047
9,51,0.6,20,2.5,25,25,0.99992239493276,1047
9,51,0.6,20,3,25,25,0.999878547392808,1047
9,51,0.6,20,3.5,25,25,0.999813216472624,1047
9,51,0.6,20,4,25,25,0.999726691304777,1047
9,51,0.6,20,4.5,25,25,0.99962099038335,1047
9,51,0.6,20,5,25,25,0.999499200685729,1047
9,51,0.6,20,5.5,25,25,0.999364720399326,1047
9,51,0.6,20,6,25,25,0.999220650525209,1047
10,43,0.4,1,-2,25,2,0.0509492011130417,241
10,43,0.4,1,-1.5,25,1,0.0559384035529538,241
10,43,0.4,1,-1,25,1,0.0635811269068642,241
10,43,0.4,1,-0.5,25,1,0.0751947485510059,241
10,43,0.4,1,0,25,1,0.0922460117638934,241
10,43,0.4,1,0.5,25,1,0.115480919125305,241
10,43,0.4,1,1,25,2,0.143529352122636,241
10,43,0.4,1,1.5,25,3,0.172443242804124,241
10,43,0.4,1,2,25,4,0.197581330205249,241
10,43,0.4,1,2.5,25,6,0.216236372797813,241
10,43,0.4,1,3,25,6,0.228314833354806,241
10,43,0.4,1,3.5,25,4,0.235228713245369,241
10,43,0.4,1,4,25,5,0.238675753965576,241
10,43,0.4,1,4.5,25,5,0.240040027370998,241
10,43,0.4,1,5,25,6,0.24026869480884,241
10,43,0.4,1,5.5,25,6,0.239945486745024,241
10,43,0.4,1,6,25,5,0.23940298095104,241
10,43,0.4,5,-2,25,6,0.217665131338658,241
10,43,0.4,5,-1.5,25,7,0.238922768614022,241
10,43,0.4,5,-1,25,2,0.269787131460892,241
10,43,0.4,5,-0.5,25,9,0.313556420000977,241
10,43,0.4,5,0,25,5,0.371995551584607,241
10,43,0.4,5,0.5,25,10,0.441267045784412,241
10,43,0.4,5,1,25,10,0.508864110834045,241
10,43,0.4,5,1.5,25,11,0.558611920800527,241
10,43,0.4,5,2,25,12,0.581945610983477,241
10,43,0.4,5,2.5,25,15,0.58176706372893,241
10,43,0.4,5,3,25,9,0.566345341655878,241
10,43,0.4,5,3.5,25,13,0.543286178416253,241
10,43,0.4,5,4,25,13,0.517733242947132,241
10,43,0.4,5,4.5,25,11,0.492739835142135,241
10,43,0.4,5,5,25,15,0.469957669153116,241
10,43,0.4,5,5.5,25,10,0.45014124221454,241
10,43,0.4,5,6,25,12,0.433479599824203,241
10,43,0.4,20,-2,25,15,0.547844827205465,241
10,43,0.4,20,-1.5,25,18,0.598180554288587,241
10,43,0.4,20,-1,25,12,0.660153112290498,241
10,43,0.4,20,-0.5,25,15,0.730618088896743,241
10,43,0.4,20,0,25,18,0.799916845487944,241
10,43,0.4,20,0.5,25,15,0.852796832716498,241
10,43,0.4,20,1,25,22,0.877922342669531,241
10,43,0.4,20,1.5,25,22,0.876936385039578,241
10,43,0.4,20,2,25,17,0.85884755581547,241
10,43,0.4,20,2.5,25,20,0.830548250160283,241
10,43,0.4,20,3,25,17,0.796088354192879,241
10,43,0.4,20,3.5,25,14,0.75822218765801,241
10,43,0.4,20,4,25,17,0.718764720216062,241
10,43,0.4,20,4.5,25,18,0.678809614508222,241
10,43,0.4,20,5,25,16,0.639160130799942,241
10,43,0.4,20,5.5,25,19,0.600677323306407,241
10,43,0.4,20,6,25,10,0.564338423112671,241
10,43,0.6,1,-2,25,6,0.247386309654453,1095
10,43,0.6,1,-1.5,25,7,0.261130220133742,1095
10,43,0.6,1,-1,25,7,0.280499080331521,1095
10,43,0.6,1,-0.5,25,8,0.306954922320537,1095
10,43,0.6,1,0,25,8,0.341112792895607,1095
10,43,0.6,1,0.5,25,4,0.381423526571827,1095
10,43,0.6,1,1,25,7,0.423441245806029,1095
10,43,0.6,1,1.5,25,15,0.461310084080193,1095
10,43,0.6,1,2,25,10,0.490842041670677,1095
10,43,0.6,1,2.5,25,9,0.511130923879786,1095
10,43,0.6,1,3,25,13,0.523666431372782,1095
10,43,0.6,1,3.5,25,16,0.530699158434064,1095
10,43,0.6,1,4,25,15,0.534233920686211,1095
10,43,0.6,1,4.5,25,9,0.535722736322023,1095
10,43,0.6,1,5,25,14,0.536104428146879,1095
10,43,0.6,1,5.5,25,17,0.535941496557121,1095
10,43,0.6,1,6,25,9,0.535550474300524,1095
10,43,0.6,5,-2,25,19,0.74024852116762,1095
10,43,0.6,5,-1.5,25,15,0.764994388199135,1095
10,43,0.6,5,-1,25,19,0.795838283848194,1095
10,43,0.6,5,-0.5,25,21,0.831742337584222,1095
10,43,0.6,5,0,25,21,0.869534085054022,1095
10,43,0.6,5,0.5,25,21,0.904167760762451,1095
10,43,0.6,5,1,25,23,0.93091393246112,1095
10,43,0.6,5,1.5,25,25,0.947854768786073,1095
10,43,0.6,5,2,25,25,0.955853208862435,1095
10,43,0.6,5,2.5,25,25,0.956711336720516,1095
10,43,0.6,5,3,25,23,0.952050635068055,1095
10,43,0.6,5,3.5,25,25,0.943272814424351,1095
10,43,0.6,5,4,25,23,0.931757951448648,1095
10,43,0.6,5,4.5,25,22,0.918874872694014,1095
10,43,0.6,5,5,25,21,0.905838533191714,1095
10,43,0.6,5,5.5,25,21,0.893566589893253,1095
10,43,0.6,5,6,25,21,0.882624921376062,1095
10,43,0.6,20,-2,25,24,0.988459867360774,1095
10,43,0.6,20,-1.5,25,24,0.99286664489256,1095
10,43,0.6,20,-1,25,25,0.996243828355062,1095
10,43,0.6,20,-0.5,25,25,0.998362196515557,1095
10,43,0.6,20,0,25,25,0.999405107162482,1095
10,43,0.6,20,0.5,25,25,0.999798631584233,1095
10,43,0.6,20,1,25,25,0.999910165827709,1095
10,43,0.6,20,1.5,25,25,0.999913412220005,1095
10,43,0.6,20,2,25,25,0.999830507131207,1095
10,43,0.6,20,2.5,25,25,0.999566948996594,1095
10,43,0.6,20,3,25,25,0.998881521947957,1095
10,43,0.6,20,3.5,25,25,0.997346372316533,1095
10,43,0.6,20,4,25,25,0.99435248912959,1095
10,43,0.6,20,4.5,25,25,0.989203277727843,1095
10,43,0.6,20,5,25,25,0.981335372835468,1095
10,43,0.6,20,5.5,25,25,0.970605886745742,1095
10,43,0.6,20,6,25,25,0.957455061608159,1095
11,61,0.4,1,-2,25,2,0.0465753745759494,209
11,61,0.4,1,-1.5,25,1,0.0515243216788958,209
11,61,0.4,1,-1,25,2,0.0585123314206643,209
11,61,0.4,1,-0.5,25,1,0.068036020842797,209
11,61,0.4,1,0,25,3,0.080397518615662,209
11,61,0.4,1,0.5,25,4,0.0954932756503722,209
11,61,0.4,1,1,25,3,0.112664041611079,209
11,61,0.4,1,1.5,25,2,0.130698171401331,209
11,61,0.4,1,2,25,4,0.148042864350664,209
11,61,0.4,1,2.5,25,3,0.163212552519584,209
11,61,0.4,1,3,25,3,0.175230379087698,209
11,61,0.4,1,3.5,25,2,0.183840959295861,209
11,61,0.4,1,4,25,7,0.189394664211778,209
11,61,0.4,1,4.5,25,5,0.192553222288914,209
11,61,0.4,1,5,25,3,0.19402125669217,209
11,61,0.4,1,5.5,25,3,0.194396071319017,209
11,61,0.4,1,6,25,3,0.194122075878154,209
11,61,0.4,5,-2,25,8,0.20370613671934,209
11,61,0.4,5,-1.5,25,10,0.224898764423773,209
11,61,0.4,5,-1,25,4,0.253443238880012,209
11,61,0.4,5,-0.5,25,9,0.290151595286856,209
11,61,0.4,5,0,25,5,0.334459798655147,209
11,61,0.4,5,0.5,25,10,0.383659634664999,209
11,61,0.4,5,1,25,12,0.432652141315626,209
11,61,0.4,5,1.5,25,11,0.474825064372661,209
11,61,0.4,5,2,25,10,0.504258115285704,209
11,61,0.4,5,2.5,25,14,0.518175272548779,209
11,61,0.4,5,3,25,12,0.517720521970671,209
11,61,0.4,5,3.5,25,13,0.506581439870135,209
11,61,0.4,5,4,25,14,0.488963473198538,209
11,61,0.4,5,4.5,25,14,0.46832091859725,209
11,61,0.4,5,5,25,7,0.447020241893103,209
11,61,0.4,5,5.5,25,11,0.426495922001562,209
11,61,0.4,5,6,25,13,0.407526091238537,209
11,61,0.4,20,-2,25,14,0.540796625782937,209
11,61,0.4,20,-1.5,25,22,0.590990682022661,209
11,61,0.4,20,-1,25,15,0.648949301815388,209
11,61,0.4,20,-0.5,25,17,0.710397662753445,209
11,61,0.4,20,0,25,16,0.768652113671568,209
11,61,0.4,20,0.5,25,23,0.816048344912965,209
11,61,0.4,20,1,25,22,0.846382805712964,209
11,61,0.4,20,1.5,25,22,0.857451501182262,209
11,61,0.4,20,2,25,20,0.851571056270116,209
11,61,0.4,20,2.5,25,20,0.833018039654961,209
11,61,0.4,20,3,25,22,0.80547357838862,209
11,61,0.4,20,3.5,25,21,0.771801556815342,209
11,61,0.4,20,4,25,21,0.734571240606588,209
11,61,0.4,20,4.5,25,19,0.696046911702417,209
11,61,0.4,20,5,25,17,0.657921712163522,209
11,61,0.4,20,5.5,25,14,0.621230402823128,209
11,61,0.4,20,6,25,15,0.586492340747884,209
11,61,0.6,1,-2,25,5,0.245525547504786,1058
11,61,0.6,1,-1.5,25,5,0.261010503142355,1058
11,61,0.6,1,-1,25,6,0.281464713254081,1058
11,61,0.6,1,-0.5,25,9,0.307065435863319,1058
11,61,0.6,1,0,25,6,0.336991805119999,1058
11,61,0.6,1,0.5,25,9,0.36935099845475,1058
11,61,0.6,1,1,25,10,0.401643294600629,1058
11,61,0.6,1,1.5,25,11,0.431501806699295,1058
11,61,0.6,1,2,25,8,0.457225543213635,1058
11,61,0.6,1,2.5,25,17,0.477939559410763,1058
11,61,0.6,1,3,25,13,0.493528914045656,1058
11,61,0.6,1,3.5,25,15,0.504470115256204,1058
11,61,0.6,1,4,25,15,0.511596062205042,1058
11,61,0.6,1,4.5,25,16,0.515849079413477,1058
11,61,0.6,1,5,25,13,0.518094850571746,1058
11,61,0.6,1,5.5,25,12,0.519029402313198,1058
11,61,0.6,1,6,25,9,0.519162460553644,1058
11,61,0.6,5,-2,25,20,0.742155484727901,1058
11,61,0.6,5,-1.5,25,16,0.769147955205803,1058
11,61,0.6,5,-1,25,21,0.800628392443465,1058
11,61,0.6,5,-0.5,25,15,0.834394033023883,1058
11,61,0.6,5,0,25,23,0.867260163519196,1058
11,61,0.6,5,0.5,25,22,0.896138707858272,1058
11,61,0.6,5,1,25,22,0.919106400287028,1058
11,61,0.6,5,1.5,25,24,0.935673053823783,1058
11,61,0.6,5,2,25,24,0.946279682815496,1058
11,61,0.6,5,2.5,25,24,0.951656220185773,1058
11,61,0.6,5,3,25,23,0.952480262010796,1058
11,61,0.6,5,3.5,25,24,0.949352024576943,1058
11,61,0.6,5,4,25,23,0.942899270560942,1058
11,61,0.6,5,4.5,25,25,0.933847945582878,1058
11,61,0.6,5,5,25,22,0.923002383102146,1058
11,61,0.6,5,5.5,25,24,0.911165317185823,1058
11,61,0.6,5,6,25,22,0.899051810205608,1058
11,61,0.6,20,-2,25,25,0.991052861524992,1058
11,61,0.6,20,-1.5,25,25,0.994678113072466,1058
11,61,0.6,20,-1,25,25,0.997238481564663,1058
11,61,0.6,20,-0.5,25,25,0.998741048801038,1058
11,61,0.6,20,0,25,25,0.999476846231449,1058
11,61,0.6,20,0.5,25,25,0.999785821229558,1058
11,61,0.6,20,1,25,25,0.999900527964417,1058
11,61,0.6,20,1.5,25,25,0.99993415701601,1058
11,61,0.6,20,2,25,25,0.999924594779109,1058
11,61,0.6,20,2.5,25,25,0.999863172372273,1058
11,61,0.6,20,3,25,25,0.999691215599808,1058
11,61,0.6,20,3.5,25,25,0.999272404869169,1058
11,61,0.6,20,4,25,25,0.998366641690612,1058
11,61,0.6,20,4.5,25,25,0.996639854431808,1058
11,61,0.6,20,5,25,25,0.993719926543317,1058
11,61,0.6,20,5.5,25,25,0.989273760059578,1058
11,61,0.6,20,6,25,24,0.983075715889738,1058
12,49,0.4,1,-2,25,1,0.0432902806600077,212
12,49,0.4,1,-1.5,25,2,0.0477427079944766,212
12,49,0.4,1,-1,25,1,0.0549127659963996,212
12,49,0.4,1,-0.5,25,1,0.0660938200457803,212
12,49,0.4,1,0,25,0,0.0824981532748236,212
12,49,0.4,1,0.5,25,2,0.10436014164605,212
12,49,0.4,1,1,25,7,0.129957117877197,212
12,49,0.4,1,1.5,25,4,0.155771263691829,212
12,49,0.4,1,2,25,3,0.178228606239416,212
12,49,0.4,1,2.5,25,6,0.195430459789838,212
12,49,0.4,1,3,25,1,0.207379249259393,212
12,49,0.4,1,3.5,25,7,0.215122271893431,212
12,49,0.4,1,4,25,6,0.219901011978,212
12,49,0.4,1,4.5,25,6,0.222737621111306,212
12,49,0.4,1,5,25,6,0.224350620489253,212
12,49,0.4,1,5.5,25,6,0.225206149657833,212
12,49,0.4,1,6,25,6,0.225594372162004,212
12,49,0.4,5,-2,25,10,0.188703436420553,212
12,49,0.4,5,-1.5,25,8,0.208081382322323,212
12,49,0.4,5,-1,25,5,0.23789292131424,212
12,49,0.4,5,-0.5,25,8,0.281523906696305,212
12,49,0.4,5,0,25,11,0.340074317940801,212
12,49,0.4,5,0.5,25,7,0.408675520012293,212
12,49,0.4,5,1,25,10,0.475074521634948,212
12,49,0.4,5,1.5,25,11,0.525503853209405,212
12,49,0.4,5,2,25,18,0.553703224617953,212
12,49,0.4,5,2.5,25,17,0.562643667891889,212
12,49,0.4,5,3,25,15,0.55934760989495,212
12,49,0.4,5,3.5,25,14,0.550153303236774,212
12,49,0.4,5,4,25,17,0.539110693941321,212
12,49,0.4,5,4.5,25,12,0.528277670239758,212
12,49,0.4,5,5,25,9,0.518481347360784,212
12,49,0.4,5,5.5,25,14,0.50992406567923,212
12,49,0.4,5,6,25,10,0.502538249373164,212
12,49,0.4,20,-2,25,10,0.497901014192537,212
12,49,0.4,20,-1.5,25,14,0.547269326834972,212
12,49,0.4,20,-1,25,13,0.612614189500907,212
12,49,0.4,20,-0.5,25,19,0.690102911329952,212
12,49,0.4,20,0,25,17,0.767787029246631,212
12,49,0.4,20,0.5,25,21,0.828285490416754,212
12,49,0.4,20,1,25,20,0.859665019970373,212
12,49,0.4,20,1.5,25,23,0.863071014209986,212
12,49,0.4,20,2,25,22,0.84670246673317,212
12,49,0.4,20,2.5,25,21,0.818084724945751,212
12,49,0.4,20,3,25,16,0.782989457267731,212
12,49,0.4,20,3.5,25,20,0.746272760564251,212
12,49,0.4,20,4,25,19,0.711525639387135,212
12,49,0.4,20,4.5,25,18,0.680629340615594,212
12,49,0.4,20,5,25,18,0.654055738623317,212
12,49,0.4,20,5.5,25,18,0.631520774522558,212
12,49,0.4,20,6,25,15,0.612494503642625,212
12,49,0.6,1,-2,25,8,0.237394494080851,1089
12,49,0.6,1,-1.5,25,4,0.250942994308547,1089
12,49,0.6,1,-1,25,5,0.27126013703983,1089
12,49,0.6,1,-0.5,25,8,0.300032281831716,1089
12,49,0.6,1,0,25,9,0.337296510099931,1089
12,49,0.6,1,0.5,25,10,0.380088168404033,1089
12,49,0.6,1,1,25,10,0.422838195617178,1089
12,49,0.6,1,1.5,25,12,0.460020362962803,1089
12,49,0.6,1,2,25,12,0.488688982080102,1089
12,49,0.6,1,2.5,25,13,0.508801452507754,1089
12,49,0.6,1,3,25,10,0.521972697927928,1089
12,49,0.6,1,3.5,25,14,0.530194072753161,1089
12,49,0.6,1,4,25,16,0.535155684664251,1089
12,49,0.6,1,4.5,25,10,0.538069968878099,1089
12,49,0.6,1,5,25,12,0.539731154483592,1089
12,49,0.6,1,5.5,25,11,0.540633933510092,1089
12,49,0.6,1,6,25,15,0.541078257807429,1089
12,49,0.6,5,-2,25,21,0.725401070176314,1089
12,49,0.6,5,-1.5,25,22,0.750503128116511,1089
12,49,0.6,5,-1,25,20,0.784038016760599,1089
12,49,0.6,5,-0.5,25,22,0.82442212318008,1089
12,49,0.6,5,0,25,21,0.866601359863758,1089
12,49,0.6,5,0.5,25,21,0.903768002677958,1089
12,49,0.6,5,1,25,23,0.931218906981059,1089
12,49,0.6,5,1.5,25,24,0.948358295890475,1089
12,49,0.6,5,2,25,24,0.957296107990957,1089
12,49,0.6,5,2.5,25,24,0.96065596008469,1089
12,49,0.6,5,3,25,24,0.96055885721611,1089
12,49,0.6,5,3.5,25,24,0.958520596307834,1089
12,49,0.6,5,4,25,25,0.955564586206848,1089
12,49,0.6,5,4.5,25,24,0.952322409278349,1089
12,49,0.6,5,5,25,25,0.949133314640524,1089
12,49,0.6,5,5.5,25,24,0.946145383394603,1089
12,49,0.6,5,6,25,24,0.943398603480658,1089
12,49,0.6,20,-2,25,25,0.987120826447789,1089
12,49,0.6,20,-1.5,25,24,0.991809371622185,1089
12,49,0.6,20,-1,25,25,0.995731999419358,1089
12,49,0.6,20,-0.5,25,25,0.998236596359648,1089
12,49,0.6,20,0,25,25,0.999408296645139,1089
12,49,0.6,20,0.5,25,25,0.999815397432629,1089
12,49,0.6,20,1,25,25,0.99992631253646,1089
12,49,0.6,20,1.5,25,25,0.999941283871411,1089
12,49,0.6,20,2,25,25,0.999898835167176,1089
12,49,0.6,20,2.5,25,25,0.999745026557321,1089
12,49,0.6,20,3,25,25,0.999336006008849,1089
12,49,0.6,20,3.5,25,25,0.998471028146309,1089
12,49,0.6,20,4,25,25,0.997004578366234,1089
12,49,0.6,20,4.5,25,25,0.994942709363425,1089
12,49,0.6,20,5,25,24,0.992431927302266,1089
12,49,0.6,20,5.5,25,25,0.989679842633811,1089
12,49,0.6,20,6,25,25,0.986883542703699,1089
13,48,0.4,1,-2,25,1,0.0349336732564876,175
13,48,0.4,1,-1.5,25,0,0.0379734544464845,175
13,48,0.4,1,-1,25,3,0.043196390333654,175
13,48,0.4,1,-0.5,25,2,0.0516346659111623,175
13,48,0.4,1,0,25,3,0.0638366438529334,175
13,48,0.4,1,0.5,25,3,0.0788477336735248,175
13,48,0.4,1,1,25,2,0.0941202828997947,175
13,48,0.4,1,1.5,25,1,0.107159417919369,175
13,48,0.4,1,2,25,2,0.117013182140345,175
13,48,0.4,1,2.5,25,1,0.124051736174382,175
13,48,0.4,1,3,25,3,0.129050055503735,175
13,48,0.4,1,3.5,25,1,0.132659241107352,175
13,48,0.4,1,4,25,3,0.135302387530467,175
13,48,0.4,1,4.5,25,2,0.137231134006107,175
13,48,0.4,1,5,25,2,0.138597478374274,175
13,48,0.4,1,5.5,25,6,0.139502541602751,175
13,48,0.4,1,6,25,3,0.140023088118008,175
13,48,0.4,5,-2,25,3,0.154936684631532,175
13,48,0.4,5,-1.5,25,2,0.168560936297971,175
13,48,0.4,5,-1,25,7,0.191178678412491,175
13,48,0.4,5,-0.5,25,9,0.225841248710327,175
13,48,0.4,5,0,25,7,0.272203714300256,175
13,48,0.4,5,0.5,25,10,0.323521518761726,175
13,48,0.4,5,1,25,10,0.369387468558595,175
13,48,0.4,5,1.5,25,10,0.403023180385217,175
13,48,0.4,5,2,25,11,0.423975622738837,175
13,48,0.4,5,2.5,25,12,0.435077862189914,175
13,48,0.4,5,3,25,8,0.439351451637695,175
13,48,0.4,5,3.5,25,13,0.438959331184131,175
13,48,0.4,5,4,25,11,0.435277958265856,175
13,48,0.4,5,4.5,25,10,0.429196046935188,175
13,48,0.4,5,5,25,13,0.421338423284682,175
13,48,0.4,5,5.5,25,5,0.412187831781573,175
13,48,0.4,5,6,25,9,0.402140853134767,175
13,48,0.4,20,-2,25,6,0.426724175028316,175
13,48,0.4,20,-1.5,25,11,0.465087770289158,175
13,48,0.4,20,-1,25,14,0.521775961318857,175
13,48,0.4,20,-0.5,25,12,0.594492823895542,175
13,48,0.4,20,0,25,21,0.669758515733428,175
13,48,0.4,20,0.5,25,20,0.729087058161519,175
13,48,0.4,20,1,25,16,0.763472125695645,175
13,48,0.4,20,1.5,25,20,0.776478053569603,175
13,48,0.4,20,2,25,23,0.775833924982434,175
13,48,0.4,20,2.5,25,22,0.767459001773078,175
13,48,0.4,20,3,25,19,0.754691327170833,175
13,48,0.4,20,3.5,25,20,0.739252886490408,175
13,48,0.4,20,4,25,19,0.722061978843538,175
13,48,0.4,20,4.5,25,19,0.703656997529595,175
13,48,0.4,20,5,25,17,0.684390427631398,175
13,48,0.4,20,5.5,25,17,0.664516980180636,175
13,48,0.4,20,6,25,15,0.644235744555894,175
13,48,0.6,1,-2,25,8,0.219477928643375,1013
13,48,0.6,1,-1.5,25,4,0.22998756817446,1013
13,48,0.6,1,-1,25,15,0.247348169252094,1013
13,48,0.6,1,-0.5,25,8,0.27408050282812,1013
13,48,0.6,1,0,25,6,0.310516944756842,1013
13,48,0.6,1,0.5,25,8,0.352305703341194,1013
13,48,0.6,1,1,25,16,0.391652526482106,1013
13,48,0.6,1,1.5,25,14,0.4226638384252,1013
13,48,0.6,1,2,25,7,0.44430329027643,1013
13,48,0.6,1,2.5,25,14,0.458601998057015,1013
13,48,0.6,1,3,25,11,0.468055978906705,1013
13,48,0.6,1,3.5,25,13,0.47450541035254,1013
13,48,0.6,1,4,25,15,0.479067471341644,1013
13,48,0.6,1,4.5,25,12,0.482369019199721,1013
13,48,0.6,1,5,25,14,0.484759583104072,1013
13,48,0.6,1,5.5,25,10,0.486445448548402,1013
13,48,0.6,1,6,25,9,0.487562213594204,1013
13,48,0.6,5,-2,25,20,0.693838266006971,1013
13,48,0.6,5,-1.5,25,16,0.715013558522725,1013
13,48,0.6,5,-1,25,18,0.746971399239776,1013
13,48,0.6,5,-0.5,25,20,0.789763278205669,1013
13,48,0.6,5,0,25,20,0.837496969970606,1013
13,48,0.6,5,0.5,25,20,0.879967023969701,1013
13,48,0.6,5,1,25,24,0.910326802361614,1013
13,48,0.6,5,1.5,25,25,0.928792799448487,1013
13,48,0.6,5,2,25,22,0.938995349455189,1013
13,48,0.6,5,2.5,25,25,0.944243110645817,1013
13,48,0.6,5,3,25,23,0.946578065138411,1013
13,48,0.6,5,3.5,25,23,0.947078096081095,1013
13,48,0.6,5,4,25,24,0.946272564456395,1013
13,48,0.6,5,4.5,25,24,0.944414868124772,1013
13,48,0.6,5,5,25,22,0.941632052631042,1013
13,48,0.6,5,5.5,25,20,0.938001338031196,1013
13,48,0.6,5,6,25,22,0.933587400026511,1013
13,48,0.6,20,-2,25,25,0.981739574471183,1013
13,48,0.6,20,-1.5,25,25,0.986895342410925,1013
13,48,0.6,20,-1,25,25,0.992295466308896,1013
13,48,0.6,20,-0.5,25,25,0.996487103509321,1013
13,48,0.6,20,0,25,25,0.998716804901794,1013
13,48,0.6,20,0.5,25,25,0.999546553757618,1013
13,48,0.6,20,1,25,25,0.999797018822236,1013
13,48,0.6,20,1.5,25,25,0.999865795984035,1013
13,48,0.6,20,2,25,25,0.99987318015349,1013
13,48,0.6,20,2.5,25,25,0.999847870566704,1013
13,48,0.6,20,3,25,25,0.999791706679423,1013
13,48,0.6,20,3.5,25,25,0.999695836305893,1013
13,48,0.6,20,4,25,25,0.999544056365267,1013
13,48,0.6,20,4.5,25,25,0.999312880792856,1013
13,48,0.6,20,5,25,25,0.998970799079325,1013
13,48,0.6,20,5.5,25,25,0.998477588429746,1013
13,48,0.6,20,6,25,25,0.997784234960355,1013
14,55,0.4,1,-2,25,1,0.0460287672475516,238
14,55,0.4,1,-1.5,25,2,0.0493473185018625,238
14,55,0.4,1,-1,25,1,0.0546143091511894,238
14,55,0.4,1,-0.5,25,2,0.0627648628601021,238
14,55,0.4,1,0,25,1,0.0746622387212607,238
14,55,0.4,1,0.5,25,4,0.0903818066129289,238
14,55,0.4,1,1,25,2,0.108487580218976,238
14,55,0.4,1,1.5,25,0,0.126357784695524,238
14,55,0.4,1,2,25,1,0.141665799836753,238
14,55,0.4,1,2.5,25,1,0.153456570118685,238
14,55,0.4,1,3,25,5,0.16195734245687,238
14,55,0.4,1,3.5,25,5,0.167872839900004,238
14,55,0.4,1,4,25,4,0.171910851194023,238
14,55,0.4,1,4.5,25,7,0.174622344337481,238
14,55,0.4,1,5,25,6,0.17639750208701,238
14,55,0.4,1,5.5,25,4,0.177504244261686,238
14,55,0.4,1,6,25,2,0.178126143900992,238
14,55,0.4,5,-2,25,4,0.201612557063897,238
14,55,0.4,5,-1.5,25,8,0.215836872034892,238
14,55,0.4,5,-1,25,5,0.237615517780413,238
14,55,0.4,5,-0.5,25,9,0.269665889971286,238
14,55,0.4,5,0,25,6,0.31320541529161,238
14,55,0.4,5,0.5,25,8,0.365151991712909,238
14,55,0.4,5,1,25,10,0.417214555841155,238
14,55,0.4,5,1.5,25,8,0.46009710587462,238
14,55,0.4,5,2,25,11,0.489172219305278,238
14,55,0.4,5,2.5,25,12,0.505319211534844,238
14,55,0.4,5,3,25,12,0.511937123483445,238
14,55,0.4,5,3.5,25,8,0.512391704109687,238
14,55,0.4,5,4,25,9,0.509127865173555,238
14,55,0.4,5,4.5,25,12,0.503702140039101,238
14,55,0.4,5,5,25,9,0.497048137218325,238
14,55,0.4,5,5.5,25,10,0.489712201608559,238
14,55,0.4,5,6,25,9,0.482012062878609,238
14,55,0.4,20,-2,25,15,0.53568684751903,238
14,55,0.4,20,-1.5,25,15,0.570131278560742,238
14,55,0.4,20,-1,25,16,0.616857112190028,238
14,55,0.4,20,-0.5,25,19,0.674849315224406,238
14,55,0.4,20,0,25,17,0.736810837060218,238
14,55,0.4,20,0.5,25,19,0.789848378744355,238
14,55,0.4,20,1,25,20,0.823371317361537,238
14,55,0.4,20,1.5,25,19,0.835853328952994,238
14,55,0.4,20,2,25,22,0.832391227679665,238
14,55,0.4,20,2.5,25,19,0.819148132590524,238
14,55,0.4,20,3,25,17,0.800795227956431,238
14,55,0.4,20,3.5,25,19,0.780348866525282,238
14,55,0.4,20,4,25,19,0.75962137889531,238
14,55,0.4,20,4.5,25,18,0.739616982870771,238
14,55,0.4,20,5,25,16,0.720808988267774,238
14,55,0.4,20,5.5,25,18,0.703339756988899,238
14,55,0.4,20,6,25,12,0.687166082588687,238
14,55,0.6,1,-2,25,4,0.233143495443404,1103
14,55,0.6,1,-1.5,25,7,0.242831460000138,1103
14,55,0.6,1,-1,25,8,0.257451178488567,1103
14,55,0.6,1,-0.5,25,6,0.278748797820454,1103
14,55,0.6,1,0,25,6,0.307731424892488,1103
14,55,0.6,1,0.5,25,9,0.343147752217795,1103
14,55,0.6,1,1,25,8,0.380721400611858,1103
14,55,0.6,1,1.5,25,11,0.414927864817996,1103
14,55,0.6,1,2,25,4,0.442131468542135,1103
14,55,0.6,1,2.5,25,11,0.461772453749782,1103
14,55,0.6,1,3,25,13,0.475195745722865,1103
14,55,0.6,1,3.5,25,11,0.484160303344483,1103
14,55,0.6,1,4,25,15,0.490113745199688,1103
14,55,0.6,1,4.5,25,12,0.49406401258787,1103
14,55,0.6,1,5,25,12,0.496669383007582,1103
14,55,0.6,1,5.5,25,12,0.498353404185472,1103
14,55,0.6,1,6,25,9,0.499391009870329,1103
14,55,0.6,5,-2,25,18,0.721583193022305,1103
14,55,0.6,5,-1.5,25,19,0.73967329796899,1103
14,55,0.6,5,-1,25,19,0.764789658678345,1103
14,55,0.6,5,-0.5,25,21,0.797305111718853,1103
14,55,0.6,5,0,25,23,0.834928953624318,1103
14,55,0.6,5,0.5,25,22,0.872200001524511,1103
14,55,0.6,5,1,25,24,0.903034719169503,1103
14,55,0.6,5,1.5,25,22,0.924517494341089,1103
14,55,0.6,5,2,25,24,0.937536775671208,1103
14,55,0.6,5,2.5,25,23,0.944551015729138,1103
14,55,0.6,5,3,25,23,0.947768492223365,1103
14,55,0.6,5,3.5,25,23,0.948665730022727,1103
14,55,0.6,5,4,25,24,0.948124157043214,1103
14,55,0.6,5,4.5,25,23,0.946650941310522,1103
14,55,0.6,5,5,25,21,0.944537356779689,1103
14,55,0.6,5,5.5,25,22,0.941953126074137,1103
14,55,0.6,5,6,25,23,0.938999530409067,1103
14,55,0.6,20,-2,25,24,0.988387735068623,1103
14,55,0.6,20,-1.5,25,24,0.991498505647088,1103
14,55,0.6,20,-1,25,25,0.994590186284166,1103
14,55,0.6,20,-0.5,25,25,0.997117976974886,1103
14,55,0.6,20,0,25,25,0.99871855297247,1103
14,55,0.6,20,0.5,25,25,0.999481255441108,1103
14,55,0.6,20,1,25,25,0.99976426783761,1103
14,55,0.6,20,1.5,25,25,0.999846773314264,1103
14,55,0.6,20,2,25,25,0.999845312836842,1103
14,55,0.6,20,2.5,25,25,0.999785760505702,1103
14,55,0.6,20,3,25,25,0.999658655396678,1103
14,55,0.6,20,3.5,25,25,0.999443588807461,1103
14,55,0.6,20,4,25,25,0.99912132794042,1103
14,55,0.6,20,4.5,25,25,0.998679704311848,1103
14,55,0.6,20,5,25,25,0.998114404223633,1103
14,55,0.6,20,5.5,25,25,0.997426706468697,1103
14,55,0.6,20,6,25,25,0.996620652773544,1103
15,52,0.4,1,-2,25,0,0.0621966589181112,313
15,52,0.4,1,-1.5,25,2,0.0676985648922069,313
15,52,0.4,1,-1,25,2,0.0765841288078933,313
15,52,0.4,1,-0.5,25,6,0.0903182993185314,313
15,52,0.4,1,0,25,2,0.109836348567379,313
15,52,0.4,1,0.5,25,3,0.13430549917004,313
15,52,0.4,1,1,25,3,0.160694873590907,313
15,52,0.4,1,1.5,25,2,0.185314588289635,313
15,52,0.4,1,2,25,3,0.205839999038535,313
15,52,0.4,1,2.5,25,7,0.221741341802749,313
15,52,0.4,1,3,25,3,0.233509398094056,313
15,52,0.4,1,3.5,25,5,0.241931582847478,313
15,52,0.4,1,4,25,3,0.247772968207104,313
15,52,0.4,1,4.5,25,4,0.251686984240656,313
15,52,0.4,1,5,25,6,0.254200427676042,313
15,52,0.4,1,5.5,25,3,0.255719528686584,313
15,52,0.4,1,6,25,4,0.256545351554519,313
15,52,0.4,5,-2,25,8,0.262954683222164,313
15,52,0.4,5,-1.5,25,6,0.285082612721872,313
15,52,0.4,5,-1,25,3,0.319073908592944,313
15,52,0.4,5,-0.5,25,7,0.367977935996668,313
15,52,0.4,5,0,25,13,0.430787025350402,313
15,52,0.4,5,0.5,25,13,0.499483921500675,313
15,52,0.4,5,1,25,16,0.561658920336012,313
15,52,0.4,5,1.5,25,16,0.607990045148283,313
15,52,0.4,5,2,25,17,0.63617333322697,313
15,52,0.4,5,2.5,25,15,0.648777956377864,313
15,52,0.4,5,3,25,11,0.649893592526674,313
15,52,0.4,5,3.5,25,13,0.643397894351807,313
15,52,0.4,5,4,25,11,0.632446539199009,313
15,52,0.4,5,4.5,25,17,0.619397206006412,313
15,52,0.4,5,5,25,15,0.605862164233423,313
15,52,0.4,5,5.5,25,10,0.592825544956678,313
15,52,0.4,5,6,25,12,0.580795935965315,313
15,52,0.4,20,-2,25,15,0.639819470430884,313
15,52,0.4,20,-1.5,25,13,0.684191826421473,313
15,52,0.4,20,-1,25,19,0.741498841803097,313
15,52,0.4,20,-0.5,25,21,0.805915066113583,313
15,52,0.4,20,0,25,20,0.86500243141784,313
15,52,0.4,20,0.5,25,20,0.907008679084821,313
15,52,0.4,20,1,25,22,0.929032348678385,313
15,52,0.4,20,1.5,25,20,0.935353594006905,313
15,52,0.4,20,2,25,22,0.931124571678453,313
15,52,0.4,20,2.5,25,21,0.919599070740328,313
15,52,0.4,20,3,25,23,0.902399253212361,313
15,52,0.4,20,3.5,25,23,0.880471386343046,313
15,52,0.4,20,4,25,18,0.854803169580364,313
15,52,0.4,20,4.5,25,18,0.826694163528179,313
15,52,0.4,20,5,25,23,0.797650796806599,313
15,52,0.4,20,5.5,25,16,0.769113245630645,313
15,52,0.4,20,6,25,18,0.742219578350714,313
15,52,0.6,1,-2,25,8,0.249373361381252,1156
15,52,0.6,1,-1.5,25,4,0.261599781397772,1156
15,52,0.6,1,-1,25,10,0.280273859528721,1156
15,52,0.6,1,-0.5,25,8,0.307241276164378,1156
15,52,0.6,1,0,25,13,0.342551787287759,1156
15,52,0.6,1,0.5,25,6,0.382781021306678,1156
15,52,0.6,1,1,25,9,0.421801846031807,1156
15,52,0.6,1,1.5,25,13,0.454408032837708,1156
15,52,0.6,1,2,25,13,0.478847640867652,1156
15,52,0.6,1,2.5,25,12,0.4960790404758,1156
15,52,0.6,1,3,25,12,0.507908860374906,1156
15,52,0.6,1,3.5,25,13,0.515937210439089,1156
15,52,0.6,1,4,25,13,0.521327311948657,1156
15,52,0.6,1,4.5,25,13,0.52488510565816,1156
15,52,0.6,1,5,25,12,0.52717102220676,1156
15,52,0.6,1,5.5,25,14,0.528578172519219,1156
15,52,0.6,1,6,25,12,0.529382065535669,1156
15,52,0.6,5,-2,25,18,0.747164905366878,1156
15,52,0.6,5,-1.5,25,24,0.76834799737971,1156
15,52,0.6,5,-1,25,21,0.797445630978417,1156
15,52,0.6,5,-0.5,25,22,0.833557658642304,1156
15,52,0.6,5,0,25,21,0.87206955552027,1156
15,52,0.6,5,0.5,25,25,0.906107905087466,1156
15,52,0.6,5,1,25,24,0.931036772322633,1156
15,52,0.6,5,1.5,25,25,0.946693800121658,1156
15,52,0.6,5,2,25,25,0.955376406206812,1156
15,52,0.6,5,2.5,25,25,0.959410371976548,1156
15,52,0.6,5,3,25,24,0.960367890896688,1156
15,52,0.6,5,3.5,25,24,0.959218333807776,1156
15,52,0.6,5,4,25,23,0.956611151739294,1156
15,52,0.6,5,4.5,25,23,0.953044399813708,1156
15,52,0.6,5,5,25,23,0.948922842871524,1156
15,52,0.6,5,5.5,25,22,0.944562612220887,1156
15,52,0.6,5,6,25,23,0.94018735486329,1156
15,52,0.6,20,-2,25,25,0.990986516602377,1156
15,52,0.6,20,-1.5,25,25,0.994035629769617,1156
15,52,0.6,20,-1,25,25,0.996752014134977,1156
15,52,0.6,20,-0.5,25,25,0.998603448165177,1156
15,52,0.6,20,0,25,25,0.999513412322565,1156
15,52,0.6,20,0.5,25,25,0.999840161969697,1156
15,52,0.6,20,1,25,25,0.999935041444238,1156
15,52,0.6,20,1.5,25,25,0.999956760054787,1156
15,52,0.6,20,2,25,25,0.999948486154816,1156
15,52,0.6,20,2.5,25,25,0.999907285508006,1156
15,52,0.6,20,3,25,25,0.999799305891307,1156
15,52,0.6,20,3.5,25,24,0.999550685185052,1156
15,52,0.6,20,4,25,25,0.999039381402236,1156
15,52,0.6,20,4.5,25,25,0.998111425765167,1156
15,52,0.6,20,5,25,25,0.996630785438813,1156
15,52,0.6,20,5.5,25,25,0.994539983068817,1156
15,52,0.6,20,6,25,24,0.991891924171953,1156
16,56,0.4,1,-2,25,0,0.0503528607758733,238
16,56,0.4,1,-1.5,25,0,0.0556181497877041,238
16,56,0.4,1,-1,25,2,0.0633429436864673,238
16,56,0.4,1,-0.5,25,2,0.074006702768039,238
16,56,0.4,1,0,25,2,0.0874692757335737,238
16,56,0.4,1,0.5,25,2,0.102697776848172,238
16,56,0.4,1,1,25,3,0.11809922348634,238
16,56,0.4,1,1.5,25,3,0.132288928259878,238
16,56,0.4,1,2,25,3,0.144562318205946,238
16,56,0.4,1,2.5,25,6,0.15478719004422,238
16,56,0.4,1,3,25,6,0.163073498667824,238
16,56,0.4,1,3.5,25,1,0.169560980785808,238
16,56,0.4,1,4,25,1,0.174374723439388,238
16,56,0.4,1,4.5,25,3,0.177660396550432,238
16,56,0.4,1,5,25,3,0.17961815325179,238
16,56,0.4,1,5.5,25,4,0.18050232343824,238
16,56,0.4,1,6,25,6,0.180592099008212,238
16,56,0.4,5,-2,25,5,0.21795480470728,238
16,56,0.4,5,-1.5,25,5,0.240177467817014,238
16,56,0.4,5,-1,25,3,0.271226354564695,238
16,56,0.4,5,-0.5,25,6,0.311449524083196,238
16,56,0.4,5,0,25,6,0.358294115037235,238
16,56,0.4,5,0.5,25,12,0.406294530715564,238
16,56,0.4,5,1,25,12,0.449363346419293,238
16,56,0.4,5,1.5,25,9,0.483412817770573,238
16,56,0.4,5,2,25,15,0.506966247197573,238
16,56,0.4,5,2.5,25,12,0.5201788254976,238
16,56,0.4,5,3,25,14,0.523875451202289,238
16,56,0.4,5,3.5,25,11,0.519186025971797,238
16,56,0.4,5,4,25,11,0.507502403407062,238
16,56,0.4,5,4.5,25,12,0.490442517291111,238
16,56,0.4,5,5,25,12,0.469733824508358,238
16,56,0.4,5,5.5,25,10,0.44705728807107,238
16,56,0.4,5,6,25,8,0.423904888478706,238
16,56,0.4,20,-2,25,14,0.563578580820245,238
16,56,0.4,20,-1.5,25,14,0.614434544377601,238
16,56,0.4,20,-1,25,15,0.674786828930709,238
16,56,0.4,20,-0.5,25,15,0.737954055345492,238
16,56,0.4,20,0,25,17,0.794303647629473,238
16,56,0.4,20,0.5,25,20,0.836267695601816,238
16,56,0.4,20,1,25,22,0.861704831164304,238
16,56,0.4,20,1.5,25,23,0.872655066896805,238
16,56,0.4,20,2,25,24,0.872534045597909,238
16,56,0.4,20,2.5,25,23,0.864416038880919,238
16,56,0.4,20,3,25,17,0.850389481713605,238
16,56,0.4,20,3.5,25,19,0.83153894994394,238
16,56,0.4,20,4,25,23,0.808270263464501,238
16,56,0.4,20,4.5,25,17,0.780702448380398,238
16,56,0.4,20,5,25,20,0.748970909516172,238
16,56,0.4,20,5.5,25,16,0.7134221073789,238
16,56,0.4,20,6,25,16,0.674717346610301,238
16,56,0.6,1,-2,25,8,0.241134898922708,1070
16,56,0.6,1,-1.5,25,5,0.256004907419803,1070
16,56,0.6,1,-1,25,5,0.276726687701661,1070
16,56,0.6,1,-0.5,25,10,0.303624266879543,1070
16,56,0.6,1,0,25,8,0.335217786706418,1070
16,56,0.6,1,0.5,25,12,0.368142674543315,1070
16,56,0.6,1,1,25,8,0.398582745822197,1070
16,56,0.6,1,1.5,25,9,0.424105817386379,1070
16,56,0.6,1,2,25,10,0.444215729306792,1070
16,56,0.6,1,2.5,25,12,0.459620376220043,1070
16,56,0.6,1,3,25,10,0.471321884246479,1070
16,56,0.6,1,3.5,25,12,0.480144452972279,1070
16,56,0.6,1,4,25,11,0.486652727639262,1070
16,56,0.6,1,4.5,25,8,0.491237954831218,1070
16,56,0.6,1,5,25,10,0.494220780425643,1070
16,56,0.6,1,5.5,25,11,0.495910542573884,1070
16,56,0.6,1,6,25,20,0.496616584391953,1070
16,56,0.6,5,-2,25,17,0.733725638308221,1070
16,56,0.6,5,-1.5,25,16,0.760391114140836,1070
16,56,0.6,5,-1,25,20,0.793304054463181,1070
16,56,0.6,5,-0.5,25,21,0.829777719963669,1070
16,56,0.6,5,0,25,23,0.865091958263579,1070
16,56,0.6,5,0.5,25,23,0.894721421360224,1070
16,56,0.6,5,1,25,21,0.91664653885069,1070
16,56,0.6,5,1.5,25,21,0.931437082468526,1070
16,56,0.6,5,2,25,24,0.940728675692101,1070
16,56,0.6,5,2.5,25,24,0.945970544303225,1070
16,56,0.6,5,3,25,23,0.948018977178167,1070
16,56,0.6,5,3.5,25,24,0.947219264219683,1070
16,56,0.6,5,4,25,25,0.943626453038995,1070
16,56,0.6,5,4.5,25,23,0.937220810118379,1070
16,56,0.6,5,5,25,25,0.928078704587298,1070
16,56,0.6,5,5.5,25,25,0.916483074780682,1070
16,56,0.6,5,6,25,24,0.902956988357815,1070
16,56,0.6,20,-2,25,25,0.989421086076305,1070
16,56,0.6,20,-1.5,25,25,0.993556731173153,1070
16,56,0.6,20,-1,25,25,0.996680870555082,1070
16,56,0.6,20,-0.5,25,25,0.998543974939127,1070
16,56,0.6,20,0,25,25,0.999418580890136,1070
16,56,0.6,20,0.5,25,25,0.999760106905973,1070
16,56,0.6,20,1,25,25,0.999881644630295,1070
16,56,0.6,20,1.5,25,25,0.999921366222211,1070
16,56,0.6,20,2,25,25,0.999925501316125,1070
16,56,0.6,20,2.5,25,25,0.999903111108956,1070
16,56,0.6,20,3,25,25,0.999844127621681,1070
16,56,0.6,20,3.5,25,25,0.999717801627037,1070
16,56,0.6,20,4,25,25,0.999457965287743,1070
16,56,0.6,20,4.5,25,25,0.998934338049742,1070
16,56,0.6,20,5,25,25,0.997909791094245,1070
16,56,0.6,20,5.5,25,25,0.995994455590798,1070
16,56,0.6,20,6,25,24,0.992628553820306,1070
17,48,0.4,1,-2,25,0,0.0298070020057111,141
17,48,0.4,1,-1.5,25,1,0.0324305729079555,141
17,48,0.4,1,-1,25,1,0.0367179039479208,141
17,48,0.4,1,-0.5,25,3,0.0436360761881617,141
17,48,0.4,1,0,25,0,0.0542683391656009,141
17,48,0.4,1,0.5,25,1,0.0690469009073532,141
17,48,0.4,1,1,25,0,0.0866686590999323,141
17,48,0.4,1,1.5,25,7,0.104176858900271,141
17,48,0.4,1,2,25,4,0.118828728699646,141
17,48,0.4,1,2.5,25,7,0.129593864123793,141
17,48,0.4,1,3,25,7,0.136875591098431,141
17,48,0.4,1,3.5,25,4,0.141570715886083,141
17,48,0.4,1,4,25,4,0.144504458797032,141
17,48,0.4,1,4.5,25,3,0.146278358519521,141
17,48,0.4,1,5,25,6,0.14729296564546,141
17,48,0.4,1,5.5,25,7,0.147806289999497,141
17,48,0.4,1,6,25,6,0.147983499599605,141
17,48,0.4,5,-2,25,4,0.13344885013141,141
17,48,0.4,5,-1.5,25,3,0.145494197949185,141
17,48,0.4,5,-1,25,2,0.164498004940767,141
17,48,0.4,5,-0.5,25,4,0.193726849373187,141
17,48,0.4,5,0,25,8,0.235598626717614,141
17,48,0.4,5,0.5,25,6,0.287849741896092,141
17,48,0.4,5,1,25,7,0.34081567411889,141
17,48,0.4,5,1.5,25,17,0.382540320066037,141
17,48,0.4,5,2,25,11,0.407667592100873,141
17,48,0.4,5,2.5,25,13,0.41854571725214,141
17,48,0.4,5,3,25,12,0.420199806976658,141
17,48,0.4,5,3.5,25,8,0.416779153084232,141
17,48,0.4,5,4,25,14,0.410842431216188,141
17,48,0.4,5,4.5,25,11,0.40377694766744,141
17,48,0.4,5,5,25,15,0.396294667027192,141
17,48,0.4,5,5.5,25,11,0.388754027629327,141
17,48,0.4,5,6,25,14,0.38133422492526,141
17,48,0.4,20,-2,25,8,0.377454621583571,141
17,48,0.4,20,-1.5,25,9,0.41349197400201,141
17,48,0.4,20,-1,25,14,0.464422163978759,141
17,48,0.4,20,-0.5,25,10,0.531473128600499,141
17,48,0.4,20,0,25,22,0.607739283561707,141
17,48,0.4,20,0.5,25,21,0.674671949385848,141
17,48,0.4,20,1,25,23,0.713200694423128,141
17,48,0.4,20,1.5,25,23,0.720086674512249,141
17,48,0.4,20,2,25,17,0.705392068872774,141
17,48,0.4,20,2.5,25,17,0.680444924920557,141
17,48,0.4,20,3,25,18,0.652756665680359,141
17,48,0.4,20,3.5,25,20,0.62621363060306,141
17,48,0.4,20,4,25,18,0.602283579966354,141
17,48,0.4,20,4.5,25,18,0.581128739820461,141
17,48,0.4,20,5,25,23,0.562394769775542,141
17,48,0.4,20,5.5,25,17,0.545633363595263,141
17,48,0.4,20,6,25,15,0.530462702301748,141
17,48,0.6,1,-2,25,7,0.218764139467226,975
17,48,0.6,1,-1.5,25,7,0.229769660010458,975
17,48,0.6,1,-1,25,9,0.246501455438223,975
17,48,0.6,1,-0.5,25,9,0.271163797373689,975
17,48,0.6,1,0,25,5,0.305229485642115,975
17,48,0.6,1,0.5,25,10,0.347349375381371,975
17,48,0.6,1,1,25,8,0.391974261432046,975
17,48,0.6,1,1.5,25,12,0.431727920017888,975
17,48,0.6,1,2,25,11,0.462054852792266,975
17,48,0.6,1,2.5,25,11,0.482763333861988,975
17,48,0.6,1,3,25,11,0.496028137807552,975
17,48,0.6,1,3.5,25,15,0.504271303413865,975
17,48,0.6,1,4,25,8,0.509325299057863,975
17,48,0.6,1,4.5,25,13,0.5123896632069,975
17,48,0.6,1,5,25,9,0.514207295015645,975
17,48,0.6,1,5.5,25,12,0.515231504057616,975
17,48,0.6,1,6,25,15,0.515740061000538,975
17,48,0.6,5,-2,25,18,0.692399500561192,975
17,48,0.6,5,-1.5,25,20,0.714765957843446,975
17,48,0.6,5,-1,25,20,0.745680455052451,975
17,48,0.6,5,-0.5,25,22,0.785503534487144,975
17,48,0.6,5,0,25,17,0.831176801064813,975
17,48,0.6,5,0.5,25,22,0.875426709602122,975
17,48,0.6,5,1,25,24,0.910341681893136,975
17,48,0.6,5,1.5,25,24,0.932838878680874,975
17,48,0.6,5,2,25,23,0.945038431873244,975
17,48,0.6,5,2.5,25,24,0.950576138497957,975
17,48,0.6,5,3,25,25,0.952257878564693,975
17,48,0.6,5,3.5,25,25,0.951774538079163,975
17,48,0.6,5,4,25,24,0.950060764909305,975
17,48,0.6,5,4.5,25,25,0.947622112685528,975
17,48,0.6,5,5,25,24,0.944734198691789,975
17,48,0.6,5,5.5,25,24,0.941551425415571,975
17,48,0.6,5,6,25,25,0.938164214497701,975
17,48,0.6,20,-2,25,25,0.981485601020442,975
17,48,0.6,20,-1.5,25,25,0.986980742140957,975
17,48,0.6,20,-1,25,25,0.992190854271738,975
17,48,0.6,20,-0.5,25,25,0.996190380520934,975
17,48,0.6,20,0,25,25,0.998509313122103,975
17,48,0.6,20,0.5,25,25,0.999480449222553,975
17,48,0.6,20,1,25,25,0.999779952521321,975
17,48,0.6,20,1.5,25,25,0.999836638232637,975
17,48,0.6,20,2,25,25,0.999783362839457,975
17,48,0.6,20,2.5,25,25,0.999617503748077,975
17,48,0.6,20,3,25,25,0.999296198559177,975
17,48,0.6,20,3.5,25,25,0.998783181056505,975
17,48,0.6,20,4,25,25,0.99806703192484,975
17,48,0.6,20,4.5,25,25,0.997156168156679,975
17,48,0.6,20,5,25,25,0.996066693481871,975
17,48,0.6,20,5.5,25,25,0.994814603526248,975
17,48,0.6,20,6,25,25,0.993413355066737,975
18,51,0.4,1,-2,25,2,0.0440403849877333,227
18,51,0.4,1,-1.5,25,0,0.0473009756087824,227
18,51,0.4,1,-1,25,4,0.0527597209570515,227
18,51,0.4,1,-0.5,25,1,0.0614886826261013,227
18,51,0.4,1,0,25,3,0.0743151741150202,227
18,51,0.4,1,0.5,25,4,0.0909162256268528,227
18,51,0.4,1,1,25,4,0.10929758141963,227
18,51,0.4,1,1.5,25,3,0.126740551510285,227
18,51,0.4,1,2,25,6,0.141411263878718,227
18,51,0.4,1,2.5,25,1,0.152837073159765,227
18,51,0.4,1,3,25,5,0.16130847236922,227
18,51,0.4,1,3.5,25,4,0.167291408458454,227
18,51,0.4,1,4,25,5,0.171224914759779,227
18,51,0.4,1,4.5,25,4,0.173520546838695,227
18,51,0.4,1,5,25,6,0.174579600935184,227
18,51,0.4,1,5.5,25,4,0.174778030596915,227
18,51,0.4,1,6,25,6,0.174437584300801,227
18,51,0.4,5,-2,25,6,0.192955863453569,227
18,51,0.4,5,-1.5,25,4,0.207039118992585,227
18,51,0.4,5,-1,25,5,0.229807535614723,227
18,51,0.4,5,-0.5,25,7,0.2643501210875,227
18,51,0.4,5,0,25,9,0.3113237156011,227
18,51,0.4,5,0.5,25,9,0.365873393623795,227
18,51,0.4,5,1,25,11,0.418107673414876,227
18,51,0.4,5,1.5,25,14,0.458727058475477,227
18,51,0.4,5,2,25,10,0.483707738012875,227
18,51,0.4,5,2.5,25,11,0.493754006398973,227
18,51,0.4,5,3,25,15,0.491605713150772,227
18,51,0.4,5,3.5,25,13,0.480355232126352,227
18,51,0.4,5,4,25,12,0.462893629784472,227
18,51,0.4,5,4.5,25,10,0.441767963106149,227
18,51,0.4,5,5,25,11,0.419109551638662,227
18,51,0.4,5,5.5,25,10,0.396582127351006,227
18,51,0.4,5,6,25,8,0.375367250021312,227
18,51,0.4,20,-2,25,14,0.513543878241217,227
18,51,0.4,20,-1.5,25,15,0.548843769996195,227
18,51,0.4,20,-1,25,15,0.59945429149218,227
18,51,0.4,20,-0.5,25,18,0.663619880076942,227
18,51,0.4,20,0,25,18,0.731087885334755,227
18,51,0.4,20,0.5,25,15,0.786330211302865,227
18,51,0.4,20,1,25,20,0.819083438191296,227
18,51,0.4,20,1.5,25,21,0.829756426385054,227
18,51,0.4,20,2,25,20,0.82471028505277,227
18,51,0.4,20,2.5,25,22,0.809819531720129,227
18,51,0.4,20,3,25,21,0.788293407336008,227
18,51,0.4,20,3.5,25,17,0.761510213071281,227
18,51,0.4,20,4,25,19,0.730182769432332,227
18,51,0.4,20,4.5,25,19,0.694989822813408,227
18,51,0.4,20,5,25,14,0.656802291908492,227
18,51,0.4,20,5.5,25,13,0.616707841249276,227
18,51,0.4,20,6,25,11,0.575941473805394,227
18,51,0.6,1,-2,25,2,0.228177158791832,1069
18,51,0.6,1,-1.5,25,11,0.237628190288876,1069
18,51,0.6,1,-1,25,8,0.252851820250008,1069
18,51,0.6,1,-0.5,25,5,0.276045290287413,1069
18,51,0.6,1,0,25,9,0.308103615040543,1069
18,51,0.6,1,0.5,25,11,0.346579811911336,1069
18,51,0.6,1,1,25,8,0.385585467477345,1069
18,51,0.6,1,1.5,25,10,0.419205708683107,1069
18,51,0.6,1,2,25,11,0.444872081119929,1069
18,51,0.6,1,2.5,25,10,0.463194404401143,1069
18,51,0.6,1,3,25,12,0.475935237588417,1069
18,51,0.6,1,3.5,25,14,0.484671534226118,1069
18,51,0.6,1,4,25,13,0.490492963128891,1069
18,51,0.6,1,4.5,25,14,0.49414125191466,1069
18,51,0.6,1,5,25,11,0.496178941866206,1069
18,51,0.6,1,5.5,25,13,0.497072132906854,1069
18,51,0.6,1,6,25,12,0.497207796841088,1069
18,51,0.6,5,-2,25,20,0.71158945075792,1069
18,51,0.6,5,-1.5,25,21,0.729746012934344,1069
18,51,0.6,5,-1,25,19,0.756698167604708,1069
18,51,0.6,5,-0.5,25,20,0.792973259409289,1069
18,51,0.6,5,0,25,19,0.8349674948779,1069
18,51,0.6,5,0.5,25,24,0.875019601670096,1069
18,51,0.6,5,1,25,24,0.906210182417276,1069
18,51,0.6,5,1.5,25,24,0.926632917716076,1069
18,51,0.6,5,2,25,24,0.938171571656976,1069
18,51,0.6,5,2.5,25,24,0.943303627795203,1069
18,51,0.6,5,3,25,25,0.94365264323957,1069
18,51,0.6,5,3.5,25,22,0.940021584981374,1069
18,51,0.6,5,4,25,23,0.932827928404245,1069
18,51,0.6,5,4.5,25,22,0.9224750958048,1069
18,51,0.6,5,5,25,22,0.90955543105124,1069
18,51,0.6,5,5.5,25,21,0.894883178276555,1069
18,51,0.6,5,6,25,24,0.879397639726774,1069
18,51,0.6,20,-2,25,25,0.986139457603981,1069
18,51,0.6,20,-1.5,25,24,0.989742261185805,1069
18,51,0.6,20,-1,25,25,0.993583853540082,1069
18,51,0.6,20,-0.5,25,25,0.996766780180266,1069
18,51,0.6,20,0,25,25,0.998674467307157,1069
18,51,0.6,20,0.5,25,25,0.999496251762316,1069
18,51,0.6,20,1,25,25,0.999772481001961,1069
18,51,0.6,20,1.5,25,25,0.999843837292795,1069
18,51,0.6,20,2,25,25,0.999827549790794,1069
18,51,0.6,20,2.5,25,25,0.999736398957885,1069
18,51,0.6,20,3,25,25,0.999526313699525,1069
18,51,0.6,20,3.5,25,25,0.99908840158448,1069
18,51,0.6,20,4,25,25,0.998212628666533,1069
18,51,0.6,20,4.5,25,25,0.996540456300464,1069
18,51,0.6,20,5,25,25,0.993536024804276,1069
18,51,0.6,20,5.5,25,25,0.988523750132649,1069
18,51,0.6,20,6,25,25,0.980832009894961,1069
19,47,0.4,1,-2,25,2,0.0484244622219518,235
19,47,0.4,1,-1.5,25,2,0.0532839926156552,235
19,47,0.4,1,-1,25,0,0.0612761103908757,235
19,47,0.4,1,-0.5,25,2,0.0738842462290658,235
19,47,0.4,1,0,25,4,0.0920501497517787,235
19,47,0.4,1,0.5,25,3,0.11474560127465,235
19,47,0.4,1,1,25,1,0.138566042992954,235
19,47,0.4,1,1.5,25,5,0.15973774172662,235
19,47,0.4,1,2,25,3,0.176375452501067,235
19,47,0.4,1,2.5,25,4,0.188563018224208,235
19,47,0.4,1,3,25,2,0.197218564098655,235
19,47,0.4,1,3.5,25,5,0.203290330392033,235
19,47,0.4,1,4,25,8,0.207507882667658,235
19,47,0.4,1,4.5,25,6,0.210387611508842,235
19,47,0.4,1,5,25,10,0.21229207384958,235
19,47,0.4,1,5.5,25,7,0.213479938235514,235
19,47,0.4,1,6,25,7,0.214139021737603,235
19,47,0.4,5,-2,25,3,0.208690465738145,235
19,47,0.4,5,-1.5,25,4,0.22943354186816,235
19,47,0.4,5,-1,25,9,0.261929113340554,235
19,47,0.4,5,-0.5,25,5,0.309783617001987,235
19,47,0.4,5,0,25,7,0.37227935966475,235
19,47,0.4,5,0.5,25,12,0.440546086621214,235
19,47,0.4,5,1,25,12,0.500925302130902,235
19,47,0.4,5,1.5,25,14,0.544397556768045,235
19,47,0.4,5,2,25,14,0.570312884510796,235
19,47,0.4,5,2.5,25,22,0.582559141087234,235
19,47,0.4,5,3,25,16,0.585487624004112,235
19,47,0.4,5,3.5,25,15,0.582438464162965,235
19,47,0.4,5,4,25,12,0.575706536585569,235
19,47,0.4,5,4.5,25,15,0.566830169927049,235
19,47,0.4,5,5,25,10,0.556835497901609,235
19,47,0.4,5,5.5,25,17,0.546397601251583,235
19,47,0.4,5,6,25,13,0.535946594479457,235
19,47,0.4,20,-2,25,14,0.535065655909061,235
19,47,0.4,20,-1.5,25,18,0.585071914918928,235
19,47,0.4,20,-1,25,16,0.651820999287748,235
19,47,0.4,20,-0.5,25,21,0.729933251429602,235
19,47,0.4,20,0,25,20,0.80393866767726,235
19,47,0.4,20,0.5,25,20,0.857040860130919,235
19,47,0.4,20,1,25,23,0.884332673092118,235
19,47,0.4,20,1.5,25,23,0.891707749639412,235
19,47,0.4,20,2,25,20,0.886756819208481,235
19,47,0.4,20,2.5,25,22,0.87464451721672,235
19,47,0.4,20,3,25,21,0.85824611649159,235
19,47,0.4,20,3.5,25,16,0.839134825285494,235
19,47,0.4,20,4,25,22,0.818296542827596,235
19,47,0.4,20,4.5,25,19,0.796491268032163,235
19,47,0.4,20,5,25,16,0.774383261072553,235
19,47,0.4,20,5.5,25,17,0.752554449015454,235
19,47,0.4,20,6,25,22,0.731477889942625,235
19,47,0.6,1,-2,25,5,0.239916751344686,1089
19,47,0.6,1,-1.5,25,4,0.253070819226024,1089
19,47,0.6,1,-1,25,3,0.273255481965546,1089
19,47,0.6,1,-0.5,25,12,0.302614969591645,1089
19,47,0.6,1,0,25,9,0.341164172808037,1089
19,47,0.6,1,0.5,25,7,0.384635217350391,1089
19,47,0.6,1,1,25,15,0.425621348710607,1089
19,47,0.6,1,1.5,25,12,0.458381088102047,1089
19,47,0.6,1,2,25,15,0.481667987771837,1089
19,47,0.6,1,2.5,25,8,0.497248459976805,1089
19,47,0.6,1,3,25,10,0.507495038167925,1089
19,47,0.6,1,3.5,25,15,0.514266904431414,1089
19,47,0.6,1,4,25,14,0.518782880183521,1089
19,47,0.6,1,4.5,25,13,0.521800050791859,1089
19,47,0.6,1,5,25,14,0.523791679848661,1089
19,47,0.6,1,5.5,25,11,0.525063385397047,1089
19,47,0.6,1,6,25,16,0.525820092653919,1089
19,47,0.6,5,-2,25,17,0.72912435192125,1089
19,47,0.6,5,-1.5,25,20,0.753326519420014,1089
19,47,0.6,5,-1,25,17,0.786418467771021,1089
19,47,0.6,5,-0.5,25,18,0.827276092102818,1089
19,47,0.6,5,0,25,23,0.870234452877536,1089
19,47,0.6,5,0.5,25,23,0.907041582233343,1089
19,47,0.6,5,1,25,24,0.932753885383783,1089
19,47,0.6,5,1.5,25,22,0.948091116720288,1089
19,47,0.6,5,2,25,25,0.956300727041364,1089
19,47,0.6,5,2.5,25,25,0.960209183344745,1089
19,47,0.6,5,3,25,23,0.961555747546629,1089
19,47,0.6,5,3.5,25,23,0.961298030601709,1089
19,47,0.6,5,4,25,24,0.959966146321959,1089
19,47,0.6,5,4.5,25,24,0.957876587976611,1089
19,47,0.6,5,5,25,24,0.955238881975414,1089
19,47,0.6,5,5.5,25,25,0.952204198785906,1089
19,47,0.6,5,6,25,23,0.948886699166321,1089
19,47,0.6,20,-2,25,25,0.98737264407709,1089
19,47,0.6,20,-1.5,25,25,0.991893498210097,1089
19,47,0.6,20,-1,25,25,0.99577819054529,1089
19,47,0.6,20,-0.5,25,25,0.998302446763869,1089
19,47,0.6,20,0,25,25,0.999457136361995,1089
19,47,0.6,20,0.5,25,25,0.99983347990124,1089
19,47,0.6,20,1,25,25,0.999932820203132,1089
19,47,0.6,20,1.5,25,25,0.999954395525341,1089
19,47,0.6,20,2,25,25,0.999948190772444,1089
19,47,0.6,20,2.5,25,25,0.999918643016926,1089
19,47,0.6,20,3,25,25,0.99985348560949,1089
19,47,0.6,20,3.5,25,25,0.999728916691688,1089
19,47,0.6,20,4,25,25,0.999511201576532,1089
19,47,0.6,20,4.5,25,25,0.999160517229341,1089
19,47,0.6,20,5,25,25,0.998637933179602,1089
19,47,0.6,20,5.5,25,25,0.997913427464407,1089
19,47,0.6,20,6,25,25,0.996971653029387,1089
20,37,0.4,1,-2,25,2,0.0610929884295556,298
20,37,0.4,1,-1.5,25,2,0.067965708043113,298
20,37,0.4,1,-1,25,3,0.078639905070868,298
20,37,0.4,1,-0.5,25,0,0.0937545395431275,298
20,37,0.4,1,0,25,2,0.112484852199576,298
20,37,0.4,1,0.5,25,5,0.132283729005784,298
20,37,0.4,1,1,25,2,0.150244943526646,298
20,37,0.4,1,1.5,25,3,0.164783426301794,298
20,37,0.4,1,2,25,4,0.175866958405891,298
20,37,0.4,1,2.5,25,4,0.184197333752643,298
20,37,0.4,1,3,25,6,0.190509026312665,298
20,37,0.4,1,3.5,25,4,0.195319461822956,298
20,37,0.4,1,4,25,1,0.198939334887285,298
20,37,0.4,1,4.5,25,2,0.201552900010973,298
20,37,0.4,1,5,25,5,0.203287870963157,298
20,37,0.4,1,5.5,25,2,0.204257243761675,298
20,37,0.4,1,6,25,4,0.204577157265958,298
20,37,0.4,5,-2,25,4,0.253288501870014,298
20,37,0.4,5,-1.5,25,5,0.281528873558936,298
20,37,0.4,5,-1,25,7,0.322652978994016,298
20,37,0.4,5,-0.5,25,5,0.375886727869209,298
20,37,0.4,5,0,25,8,0.434642487213195,298
20,37,0.4,5,0.5,25,11,0.488873063451486,298
20,37,0.4,5,1,25,13,0.531271635269391,298
20,37,0.4,5,1.5,25,10,0.560241303118778,298
20,37,0.4,5,2,25,14,0.577795292256446,298
20,37,0.4,5,2.5,25,15,0.586651115596762,298
20,37,0.4,5,3,25,10,0.588926853376742,298
20,37,0.4,5,3.5,25,16,0.586031594594447,298
20,37,0.4,5,4,25,11,0.578926010831318,298
20,37,0.4,5,4.5,25,13,0.568362182270708,298
20,37,0.4,5,5,25,15,0.555016448873589,298
20,37,0.4,5,5.5,25,13,0.539537971760269,298
20,37,0.4,5,6,25,9,0.522552378246471,298
20,37,0.4,20,-2,25,14,0.596472584953463,298
20,37,0.4,20,-1.5,25,20,0.658211836481077,298
20,37,0.4,20,-1,25,20,0.730837721657641,298
20,37,0.4,20,-0.5,25,19,0.801076588447418,298
20,37,0.4,20,0,25,23,0.855000882544175,298
20,37,0.4,20,0.5,25,22,0.887838765535786,298
20,37,0.4,20,1,25,22,0.903526999511528,298
20,37,0.4,20,1.5,25,23,0.908016203458457,298
20,37,0.4,20,2,25,22,0.905628554727168,298
20,37,0.4,20,2.5,25,21,0.898821873030969,298
20,37,0.4,20,3,25,24,0.888870890621286,298
20,37,0.4,20,3.5,25,23,0.876423225791656,298
20,37,0.4,20,4,25,23,0.861816395400305,298
20,37,0.4,20,4.5,25,21,0.845242841876458,298
20,37,0.4,20,5,25,18,0.826833723255673,298
20,37,0.4,20,5.5,25,20,0.806699490229534,298
20,37,0.4,20,6,25,20,0.784948367485246,298
20,37,0.6,1,-2,25,8,0.247908611264539,1133
20,37,0.6,1,-1.5,25,5,0.263572637545616,1133
20,37,0.6,1,-1,25,11,0.286918264675974,1133
20,37,0.6,1,-0.5,25,13,0.318349059420297,1133
20,37,0.6,1,0,25,9,0.355021920585535,1133
20,37,0.6,1,0.5,25,11,0.391222046720109,1133
20,37,0.6,1,1,25,8,0.42171599333433,1133
20,37,0.6,1,1.5,25,9,0.444546305915976,1133
20,37,0.6,1,2,25,11,0.460611049519635,1133
20,37,0.6,1,2.5,25,7,0.471788833549436,1133
20,37,0.6,1,3,25,12,0.479723190258455,1133
20,37,0.6,1,3.5,25,11,0.485507000649932,1133
20,37,0.6,1,4,25,12,0.489778946927216,1133
20,37,0.6,1,4.5,25,15,0.492896483632405,1133
20,37,0.6,1,5,25,13,0.495070590640477,1133
20,37,0.6,1,5.5,25,16,0.49644776943688,1133
20,37,0.6,1,6,25,18,0.497152072284805,1133
20,37,0.6,5,-2,25,17,0.736908873142711,1133
20,37,0.6,5,-1.5,25,19,0.765488642256397,1133
20,37,0.6,5,-1,25,20,0.802578900175697,1133
20,37,0.6,5,-0.5,25,21,0.843822398088892,1133
20,37,0.6,5,0,25,20,0.881729837125207,1133
20,37,0.6,5,0.5,25,22,0.910557191834111,1133
20,37,0.6,5,1,25,22,0.929470667873068,1133
20,37,0.6,5,1.5,25,22,0.940798154588236,1133
20,37,0.6,5,2,25,22,0.947198870058537,1133
20,37,0.6,5,2.5,25,25,0.950504751984768,1133
20,37,0.6,5,3,25,23,0.951724728799164,1133
20,37,0.6,5,3.5,25,25,0.951329743582461,1133
20,37,0.6,5,4,25,24,0.949494890475223,1133
20,37,0.6,5,4.5,25,23,0.946256849025298,1133
20,37,0.6,5,5,25,23,0.94160926835648,1133
20,37,0.6,5,5.5,25,24,0.935559549780767,1133
20,37,0.6,5,6,25,24,0.928161479205865,1133
20,37,0.6,20,-2,25,25,0.985560541490557,1133
20,37,0.6,20,-1.5,25,25,0.991729775570424,1133
20,37,0.6,20,-1,25,25,0.996271056553304,1133
20,37,0.6,20,-0.5,25,25,0.998646737165652,1133
20,37,0.6,20,0,25,25,0.999543577812618,1133
20,37,0.6,20,0.5,25,25,0.999820790408435,1133
20,37,0.6,20,1,25,25,0.999902842070721,1133
20,37,0.6,20,1.5,25,25,0.99992443297278,1133
20,37,0.6,20,2,25,25,0.999920509214519,1133
20,37,0.6,20,2.5,25,25,0.999896987879886,1133
20,37,0.6,20,3,25,25,0.999848877594785,1133
20,37,0.6,20,3.5,25,25,0.99976338220111,1133
20,37,0.6,20,4,25,25,0.99961844485147,1133
20,37,0.6,20,4.5,25,25,0.999379217284988,1133
20,37,0.6,20,5,25,25,0.998993084937273,1133
20,37,0.6,20,5.5,25,25,0.998383586940311,1133
20,37,0.6,20,6,25,25,0.99744390225362,1133
