"net","tau","k","runs","majors","cutoff","R","theory"
1,0.4,1,50,0,192,1.10975047220068,0.0345916826944286
1,0.4,2,50,6,192,1.10975047220068,0.0674281098634458
1,0.4,3,50,3,192,1.10975047220068,0.098612517654695
1,0.4,4,50,5,192,1.10975047220068,0.128241542553232
1,0.4,5,50,4,192,1.10975047220068,0.15640566649942
1,0.4,6,50,11,192,1.10975047220068,0.183189630841614
1,0.4,7,50,8,192,1.10975047220068,0.20867282136748
1,0.4,8,50,10,192,1.10975047220068,0.232929626492015
1,0.4,9,50,10,192,1.10975047220068,0.256029770527742
1,0.4,10,50,12,192,1.10975047220068,0.278038623821407
1,0.5,1,50,4,645,1.38718809025085,0.13123843414491
1,0.5,2,50,14,645,1.38718809025085,0.238931043987226
1,0.5,3,50,14,645,1.38718809025085,0.327797332054108
1,0.5,4,50,21,645,1.38718809025085,0.401551424555356
1,0.5,5,50,21,645,1.38718809025085,0.463124628776567
1,0.5,6,50,24,645,1.38718809025085,0.514837403035879
1,0.5,7,50,33,645,1.38718809025085,0.55853246220045
1,0.5,8,50,35,645,1.38718809025085,0.595677984742304
1,0.5,9,50,31,645,1.38718809025085,0.62744778627275
1,0.5,10,50,30,645,1.38718809025085,0.654783721880209
1,0.6,1,50,7,1041,1.66462570830102,0.237806426870557
1,0.6,2,50,22,1041,1.66462570830102,0.403216283276199
1,0.6,3,50,22,1041,1.66462570830102,0.520096739599017
1,0.6,4,50,32,1041,1.66462570830102,0.604101246387538
1,0.6,5,50,35,1041,1.66462570830102,0.665572707180117
1,0.6,6,50,41,1041,1.66462570830102,0.711401665957142
1,0.6,7,50,42,1041,1.66462570830102,0.74622064773449
1,0.6,8,50,37,1041,1.66462570830102,0.773175377849064
1,0.6,9,50,37,1041,1.66462570830102,0.794425329600607
1,0.6,10,50,38,1041,1.66462570830102,0.811470428916554
1,0.8,1,50,27,1666,2.21950094440136,0.470242716026414
1,0.8,2,50,38,1666,2.21950094440136,0.688968145637087
1,0.8,3,50,44,1666,2.21950094440136,0.794642908271295
1,0.8,4,50,41,1666,2.21950094440136,0.848282759602375
1,0.8,5,50,44,1666,2.21950094440136,0.877198814470312
1,0.8,6,50,49,1666,2.21950094440136,0.893872611001418
1,0.8,7,50,44,1666,2.21950094440136,0.90416661992186
1,0.8,8,50,47,1666,2.21950094440136,0.910933141477757
1,0.8,9,50,44,1666,2.21950094440136,0.915621961669353
1,0.8,10,50,46,1666,2.21950094440136,0.919008943733298
2,0.4,1,50,1,262,1.15868337290916,0.046712744608669
2,0.4,2,50,6,262,1.15868337290916,0.0902246213872667
2,0.4,3,50,3,262,1.15868337290916,0.130789858040922
2,0.4,4,50,7,262,1.15868337290916,0.168640735208429
2,0.4,5,50,11,262,1.15868337290916,0.203989585370414
2,0.4,6,50,9,262,1.15868337290916,0.23703060276631
2,0.4,7,50,13,262,1.15868337290916,0.267941482689037
2,0.4,8,50,12,262,1.15868337290916,0.296884906702048
2,0.4,9,50,9,262,1.15868337290916,0.324009888683957
2,0.4,10,50,12,262,1.15868337290916,0.349452995131894
2,0.5,1,50,3,708,1.44835421613645,0.141799513256767
2,0.5,2,50,11,708,1.44835421613645,0.256111143162934
2,0.5,3,50,14,708,1.44835421613645,0.348887909465503
2,0.5,4,50,22,708,1.44835421613645,0.424712633527575
2,0.5,5,50,19,708,1.44835421613645,0.487125664047788
2,0.5,6,50,27,708,1.44835421613645,0.538872115941198
2,0.5,7,50,28,708,1.44835421613645,0.582088775140496
2,0.5,8,50,29,708,1.44835421613645,0.618445701145669
2,0.5,9,50,33,708,1.44835421613645,0.649253754689676
2,0.5,10,50,39,708,1.44835421613645,0.675546448268561
2,0.6,1,50,8,1095,1.73802505936374,0.245996221406315
2,0.6,2,50,17,1095,1.73802505936374,0.414523489023188
2,0.6,3,50,21,1095,1.73802505936374,0.532000748386688
2,0.6,4,50,33,1095,1.73802505936374,0.615441934636132
2,0.6,5,50,32,1095,1.73802505936374,0.67589469503767
2,0.6,6,50,38,1095,1.73802505936374,0.720598730266024
2,0.6,7,50,37,1095,1.73802505936374,0.754346831905635
2,0.6,8,50,32,1095,1.73802505936374,0.780347596938995
2,0.6,9,50,36,1095,1.73802505936374,0.800775414836717
2,0.6,10,50,43,1095,1.73802505936374,0.817123316323162
2,0.8,1,50,24,1709,2.31736674581832,0.472540204500569
2,0.8,2,50,40,1709,2.31736674581832,0.69109941743081
2,0.8,3,50,42,1709,2.31736674581832,0.796183730171776
2,0.8,4,50,42,1709,2.31736674581832,0.849323619080052
2,0.8,5,50,42,1709,2.31736674581832,0.877899327632143
2,0.8,6,50,44,1709,2.31736674581832,0.894357040580545
2,0.8,7,50,45,1709,2.31736674581832,0.90451550334738
2,0.8,8,50,46,1709,2.31736674581832,0.911195278576229
2,0.8,9,50,46,1709,2.31736674581832,0.91582636596064
2,0.8,10,50,44,1709,2.31736674581832,0.919173035594594
3,0.4,1,50,0,246,1.14182398346207,0.043761764748399
3,0.4,2,50,3,246,1.14182398346207,0.0847143038416331
3,0.4,3,50,6,246,1.14182398346207,0.12306664371003
3,0.4,4,50,8,246,1.14182398346207,0.159010905819905
3,0.4,5,50,11,246,1.14182398346207,0.192723749088259
3,0.4,6,50,11,246,1.14182398346207,0.22436768453614
3,0.4,7,50,10,246,1.14182398346207,0.254092273814331
3,0.4,8,50,10,246,1.14182398346207,0.282035222152095
3,0.4,9,50,20,246,1.14182398346207,0.308323375300316
3,0.4,10,50,11,246,1.14182398346207,0.333073629153242
3,0.5,1,50,6,698,1.42727997932759,0.140440566715966
3,0.5,2,50,14,698,1.42727997932759,0.253917589946403
3,0.5,3,50,20,698,1.42727997932759,0.346214570795059
3,0.5,4,50,20,698,1.42727997932759,0.421796587326004
3,0.5,5,50,21,698,1.42727997932759,0.484122614488546
3,0.5,6,50,26,698,1.42727997932759,0.535881875836546
3,0.5,7,50,32,698,1.42727997932759,0.579173066106984
3,0.5,8,50,30,698,1.42727997932759,0.61564054248668
3,0.5,9,50,37,698,1.42727997932759,0.646578048338725
3,0.5,10,50,33,698,1.42727997932759,0.673007896016444
3,0.6,1,50,13,1089,1.71273597519311,0.246457771541748
3,0.6,2,50,20,1089,1.71273597519311,0.415155614503433
3,0.6,3,50,26,1089,1.71273597519311,0.532661459155329
3,0.6,4,50,30,1089,1.71273597519311,0.616067441910092
3,0.6,5,50,35,1089,1.71273597519311,0.676461008623813
3,0.6,6,50,34,1089,1.71273597519311,0.721101154992545
3,0.6,7,50,35,1089,1.71273597519311,0.75478926194448
3,0.6,8,50,41,1089,1.71273597519311,0.780737105730337
3,0.6,9,50,37,1089,1.71273597519311,0.80111965880993
3,0.6,10,50,44,1089,1.71273597519311,0.817429398508013
3,0.8,1,50,21,1705,2.28364796692415,0.478145210307784
3,0.8,2,50,39,1705,2.28364796692415,0.696248536525082
3,0.8,3,50,45,1705,2.28364796692415,0.79987542187376
3,0.8,4,50,46,1705,2.28364796692415,0.851801440489444
3,0.8,5,50,47,1705,2.28364796692415,0.879559965757674
3,0.8,6,50,45,1705,2.28364796692415,0.895503150442256
3,0.8,7,50,44,1705,2.28364796692415,0.905340684858759
3,0.8,8,50,44,1705,2.28364796692415,0.911815687898812
3,0.8,9,50,44,1705,2.28364796692415,0.916310568607415
3,0.8,10,50,47,1705,2.28364796692415,0.919562017102077
4,0.4,1,50,0,292,1.1689682193421,0.0522191370027075
4,0.4,2,50,2,292,1.1689682193421,0.10043830752477
4,0.4,3,50,3,292,1.1689682193421,0.145012656637763
4,0.4,4,50,9,292,1.1689682193421,0.186263056289408
4,0.4,5,50,9,292,1.1689682193421,0.224479594812246
4,0.4,6,50,10,292,1.1689682193421,0.259924697619184
4,0.4,7,50,13,292,1.1689682193421,0.292835919157075
4,0.4,8,50,12,292,1.1689682193421,0.323428441741949
4,0.4,9,50,21,292,1.1689682193421,0.351897312954486
4,0.4,10,50,18,292,1.1689682193421,0.378419449773852
4,0.5,1,50,10,745,1.46121027417763,0.150393336439021
4,0.5,2,50,20,745,1.46121027417763,0.26986599493937
4,0.5,3,50,19,745,1.46121027417763,0.365520273415847
4,0.5,4,50,19,745,1.46121027417763,0.442724670307994
4,0.5,5,50,20,745,1.46121027417763,0.505553709462811
4,0.5,6,50,26,745,1.46121027417763,0.55711320106407
4,0.5,7,50,33,745,1.46121027417763,0.599781362269736
4,0.5,8,50,30,745,1.46121027417763,0.635388021863685
4,0.5,9,50,33,745,1.46121027417763,0.66534816948027
4,0.5,10,50,31,745,1.46121027417763,0.690761766512529
4,0.6,1,50,15,1132,1.75345232901316,0.256485845915889
4,0.6,2,50,24,1132,1.75345232901316,0.428755106993681
4,0.6,3,50,21,1132,1.75345232901316,0.546752511884603
4,0.6,4,50,33,1132,1.75345232901316,0.629308053285178
4,0.6,5,50,37,1132,1.75345232901316,0.688374119711137
4,0.6,6,50,36,1132,1.75345232901316,0.731617690883634
4,0.6,7,50,40,1132,1.75345232901316,0.764014682047833
4,0.6,8,50,36,1132,1.75345232901316,0.788836408542375
4,0.6,9,50,40,1132,1.75345232901316,0.808263996582875
4,0.6,10,50,38,1132,1.75345232901316,0.823773890686099
4,0.8,1,50,26,1736,2.33793643868421,0.485282573506649
4,0.8,2,50,37,1736,2.33793643868421,0.702701932234315
4,0.8,3,50,36,1736,2.33793643868421,0.804439956635718
4,0.8,4,50,45,1736,2.33793643868421,0.854833589018421
4,0.8,5,50,40,1736,2.33793643868421,0.881578806151181
4,0.8,6,50,46,1736,2.33793643868421,0.896892391776805
4,0.8,7,50,45,1736,2.33793643868421,0.906340695375713
4,0.8,8,50,47,1736,2.33793643868421,0.91256843856462
4,0.8,9,50,49,1736,2.33793643868421,0.91689892616313
4,0.8,10,50,47,1736,2.33793643868421,0.920035186527238
5,0.4,1,50,3,204,1.11952743463951,0.0368089714969597
5,0.4,2,50,4,204,1.11952743463951,0.0716304558086878
5,0.4,3,50,5,204,1.11952743463951,0.104588840730944
5,0.4,4,50,6,204,1.11952743463951,0.135800052513951
5,0.4,5,50,4,204,1.11952743463951,0.165372163136539
5,0.4,6,50,10,204,1.11952743463951,0.193405952336584
5,0.4,7,50,13,204,1.11952743463951,0.219995427863572
5,0.4,8,50,12,204,1.11952743463951,0.245228307147143
5,0.4,9,50,18,204,1.11952743463951,0.269186463325988
5,0.4,10,50,14,204,1.11952743463951,0.291946338351826
5,0.5,1,50,7,651,1.39940929329939,0.131653954191387
5,0.5,2,50,10,651,1.39940929329939,0.239612749009523
5,0.5,3,50,22,651,1.39940929329939,0.328640856965527
5,0.5,4,50,16,651,1.39940929329939,0.402484580982252
5,0.5,5,50,26,651,1.39940929329939,0.464098157414437
5,0.5,6,50,20,651,1.39940929329939,0.5158183029903
5,0.5,7,50,31,651,1.39940929329939,0.559499190968681
5,0.5,8,50,30,651,1.39940929329939,0.596617014177574
5,0.5,9,50,31,651,1.39940929329939,0.628351139878522
5,0.5,10,50,33,651,1.39940929329939,0.655647220976788
5,0.6,1,50,12,1042,1.67929115195927,0.236068175181509
5,0.6,2,50,17,1042,1.67929115195927,0.400794280692446
5,0.6,3,50,24,1042,1.67929115195927,0.517525930265216
5,0.6,4,50,23,1042,1.67929115195927,0.601634551010519
5,0.6,5,50,28,1042,1.67929115195927,0.663313992032859
5,0.6,6,50,35,1042,1.67929115195927,0.709379148373859
5,0.6,7,50,39,1042,1.67929115195927,0.744426659679232
5,0.6,8,50,42,1042,1.67929115195927,0.771587333821503
5,0.6,9,50,38,1042,1.67929115195927,0.793016342338352
5,0.6,10,50,37,1042,1.67929115195927,0.810214332895253
5,0.8,1,50,15,1664,2.23905486927903,0.464676682485892
5,0.8,2,50,32,1664,2.23905486927903,0.683755014972038
5,0.8,3,50,44,1664,2.23905486927903,0.790842700648775
5,0.8,4,50,43,1664,2.23905486927903,0.845698976885835
5,0.8,5,50,42,1664,2.23905486927903,0.875452393310159
5,0.8,6,50,47,1664,2.23905486927903,0.892662307424493
5,0.8,7,50,46,1664,2.23905486927903,0.903294588570784
5,0.8,8,50,47,1664,2.23905486927903,0.910278298378328
5,0.8,9,50,47,1664,2.23905486927903,0.915111783390774
5,0.8,10,50,46,1664,2.23905486927903,0.918599678362788
6,0.4,1,50,1,205,1.11642714646435,0.0367368786496015
6,0.4,2,50,7,205,1.11642714646435,0.0714940477447528
6,0.4,3,50,5,205,1.11642714646435,0.104395165646135
6,0.4,4,50,9,205,1.11642714646435,0.135555495264412
6,0.4,5,50,9,205,1.11642714646435,0.165082505410694
6,0.4,6,50,9,205,1.11642714646435,0.193076427432376
6,0.4,7,50,6,205,1.11642714646435,0.219630770552937
6,0.4,8,50,8,205,1.11642714646435,0.244832799066554
6,0.4,9,50,8,205,1.11642714646435,0.268763974292736
6,0.4,10,50,8,205,1.11642714646435,0.291500363970051
6,0.5,1,50,6,666,1.39553393308044,0.132908537428421
6,0.5,2,50,9,666,1.39553393308044,0.241668162418712
6,0.5,3,50,19,666,1.39553393308044,0.331180857280662
6,0.5,4,50,18,666,1.39553393308044,0.405291066263939
6,0.5,5,50,23,666,1.39553393308044,0.467022778998083
6,0.5,6,50,29,666,1.39553393308044,0.518762038937538
6,0.5,7,50,28,666,1.39553393308044,0.562397684816829
6,0.5,8,50,33,666,1.39553393308044,0.599430082599636
6,0.5,9,50,27,666,1.39553393308044,0.631055289930182
6,0.5,10,50,27,666,1.39553393308044,0.658230335878676
6,0.6,1,50,15,1070,1.67464071969653,0.238165708486574
6,0.6,2,50,17,1070,1.67464071969653,0.403715925548869
6,0.6,3,50,20,1070,1.67464071969653,0.520626161753185
6,0.6,4,50,25,1070,1.67464071969653,0.60460845757069
6,0.6,5,50,35,1070,1.67464071969653,0.666036553359041
6,0.6,6,50,33,1070,1.67464071969653,0.711816565441958
6,0.6,7,50,39,1070,1.67464071969653,0.746588355924232
6,0.6,8,50,43,1070,1.67464071969653,0.773500664812353
6,0.6,9,50,41,1070,1.67464071969653,0.794713804243369
6,0.6,10,50,43,1070,1.67464071969653,0.811727517622006
6,0.8,1,50,24,1714,2.2328542929287,0.468313387184706
6,0.8,2,50,34,1714,2.2328542929287,0.687169122555671
6,0.8,3,50,41,1714,2.2328542929287,0.793336490945608
6,0.8,4,50,40,1714,2.2328542929287,0.847397185122874
6,0.8,5,50,38,1714,2.2328542929287,0.876601444553684
6,0.8,6,50,44,1714,2.2328542929287,0.893459043403288
6,0.8,7,50,47,1714,2.2328542929287,0.903868708011584
6,0.8,8,50,44,1714,2.2328542929287,0.910709372333543
6,0.8,9,50,48,1714,2.2328542929287,0.915447556975081
6,0.8,10,50,46,1714,2.2328542929287,0.918868988798021
7,0.4,1,50,2,242,1.14775350255919,0.0431840442113764
7,0.4,2,50,4,242,1.14775350255919,0.0836325451110937
7,0.4,3,50,5,242,1.14775350255919,0.121546359554049
7,0.4,4,50,7,242,1.14775350255919,0.157110314591946
7,0.4,5,50,5,242,1.14775350255919,0.190494557158771
7,0.4,6,50,10,242,1.14775350255919,0.22185578578657
7,0.4,7,50,15,242,1.14775350255919,0.25133837495179
7,0.4,8,50,14,242,1.14775350255919,0.279075401678745
7,0.4,9,50,11,242,1.14775350255919,0.305189583144877
7,0.4,10,50,12,242,1.14775350255919,0.329794133232683
7,0.5,1,50,5,681,1.43469187819899,0.137350252422066
7,0.5,2,50,11,681,1.43469187819899,0.248910540435359
7,0.5,3,50,21,681,1.43469187819899,0.340090916652554
7,0.5,4,50,23,681,1.43469187819899,0.415095280861596
7,0.5,5,50,17,681,1.43469187819899,0.477200817170265
7,0.5,6,50,26,681,1.43469187819899,0.528970956938265
7,0.5,7,50,25,681,1.43469187819899,0.572417989446696
7,0.5,8,50,32,681,1.43469187819899,0.60912747411739
7,0.5,9,50,29,681,1.43469187819899,0.640353628063398
7,0.5,10,50,37,681,1.43469187819899,0.667092622455265
7,0.6,1,50,13,1066,1.72163025383879,0.241706923713698
7,0.6,2,50,19,1066,1.72163025383879,0.408622905914747
7,0.6,3,50,26,1066,1.72163025383879,0.525808891628874
7,0.6,4,50,31,1066,1.72163025383879,0.609559817148298
7,0.6,5,50,35,1066,1.72163025383879,0.67055381122303
7,0.6,6,50,35,1066,1.72163025383879,0.715849261619642
7,0.6,7,50,38,1066,1.72163025383879,0.750156858639584
7,0.6,8,50,43,1066,1.72163025383879,0.776653796714387
7,0.6,9,50,43,1066,1.72163025383879,0.797507742907824
7,0.6,10,50,35,1066,1.72163025383879,0.814216042934023
7,0.8,1,50,26,1683,2.29550700511839,0.471578049883934
7,0.8,2,50,32,1683,2.29550700511839,0.690208333296264
7,0.8,3,50,41,1683,2.29550700511839,0.795540420787993
7,0.8,4,50,43,1683,2.29550700511839,0.848889525396129
7,0.8,5,50,42,1683,2.29550700511839,0.877607387237644
7,0.8,6,50,45,1683,2.29550700511839,0.894155224350585
7,0.8,7,50,48,1683,2.29550700511839,0.904370165339592
7,0.8,8,50,43,1683,2.29550700511839,0.911086066144979
7,0.8,9,50,45,1683,2.29550700511839,0.915741193595793
7,0.8,10,50,46,1683,2.29550700511839,0.919104652554991
8,0.4,1,50,2,198,1.11833385093529,0.0349806629357243
8,0.4,2,50,3,198,1.11833385093529,0.0681663730287271
8,0.4,3,50,4,198,1.11833385093529,0.0996638883779186
8,0.4,4,50,8,198,1.11833385093529,0.129573065524582
8,0.4,5,50,8,198,1.11833385093529,0.157987330165964
8,0.4,6,50,6,198,1.11833385093529,0.18499411454103
8,0.4,7,50,15,198,1.11833385093529,0.210675263914812
8,0.4,8,50,12,198,1.11833385093529,0.235107414406637
8,0.4,9,50,13,198,1.11833385093529,0.258362344240757
8,0.4,10,50,8,198,1.11833385093529,0.280507300343871
8,0.5,1,50,10,638,1.39791731366912,0.126708409857903
8,0.5,2,50,10,638,1.39791731366912,0.231468428104636
8,0.5,3,50,15,638,1.39791731366912,0.318527515986879
8,0.5,4,50,20,638,1.39791731366912,0.391259547568134
8,0.5,5,50,25,638,1.39791731366912,0.452351518202812
8,0.5,6,50,24,638,1.39791731366912,0.503949278942919
8,0.5,7,50,24,638,1.39791731366912,0.547771464346047
8,0.5,8,50,31,638,1.39791731366912,0.58519869956613
8,0.5,9,50,28,638,1.39791731366912,0.617343569197255
8,0.5,10,50,32,638,1.39791731366912,0.645105594223059
8,0.6,1,50,13,1027,1.67750077640294,0.228714402056897
8,0.6,2,50,16,1027,1.67750077640294,0.390462266654363
8,0.6,3,50,29,1027,1.67750077640294,0.506476561993039
8,0.6,4,50,33,1027,1.67750077640294,0.590962453155402
8,0.6,5,50,37,1027,1.67750077640294,0.653486337127521
8,0.6,6,50,36,1027,1.67750077640294,0.700537831635904
8,0.6,7,50,38,1027,1.67750077640294,0.736554834220916
8,0.6,8,50,44,1027,1.67750077640294,0.764598974243637
8,0.6,9,50,43,1027,1.67750077640294,0.786802696088913
8,0.6,10,50,40,1027,1.67750077640294,0.804666643885206
8,0.8,1,50,24,1656,2.23666770187059,0.454899642845473
8,0.8,2,50,37,1656,2.23666770187059,0.674427243067023
8,0.8,3,50,39,1656,2.23666770187059,0.783933177967178
8,0.8,4,50,39,1656,2.23666770187059,0.840941179076922
8,0.8,5,50,38,1656,2.23666770187059,0.872208566007739
8,0.8,6,50,46,1656,2.23666770187059,0.890403995228227
8,0.8,7,50,46,1656,2.23666770187059,0.901665485747836
8,0.8,8,50,44,1656,2.23666770187059,0.909055974262906
8,0.8,9,50,48,1656,2.23666770187059,0.914161014615184
8,0.8,10,50,46,1656,2.23666770187059,0.917838071965567
9,0.4,1,50,0,269,1.17240258075923,0.0492502608036568
9,0.4,2,50,2,269,1.17240258075923,0.0949424552701128
9,0.4,3,50,3,269,1.17240258075923,0.137374532669422
9,0.4,4,50,7,269,1.17240258075923,0.176817323558866
9,0.4,5,50,8,269,1.17240258075923,0.213517143888277
9,0.4,6,50,10,269,1.17240258075923,0.24769813952016
9,0.4,7,50,15,269,1.17240258075923,0.279564397765088
9,0.4,8,50,15,269,1.17240258075923,0.30930184974795
9,0.4,9,50,12,269,1.17240258075923,0.33707998493283
9,0.4,10,50,15,269,1.17240258075923,0.363053396911033
9,0.5,1,50,9,697,1.46550322594904,0.143782933206354
9,0.5,2,50,12,697,1.46550322594904,0.25930363180846
9,0.5,3,50,19,697,1.46550322594904,0.352768429467415
9,0.5,4,50,20,697,1.46550322594904,0.428935175362136
9,0.5,5,50,21,697,1.46550322594904,0.491464530444661
9,0.5,6,50,22,697,1.46550322594904,0.543183781341076
9,0.5,7,50,34,697,1.46550322594904,0.586285382621249
9,0.5,8,50,33,697,1.46550322594904,0.622476715345825
9,0.5,9,50,30,697,1.46550322594904,0.653093318762868
9,0.5,10,50,41,697,1.46550322594904,0.67918472023235
9,0.6,1,50,15,1071,1.75860387113884,0.247616544202915
9,0.6,2,50,20,1071,1.75860387113884,0.416740231786387
9,0.6,3,50,26,1071,1.75860387113884,0.534315501729973
9,0.6,4,50,34,1071,1.75860387113884,0.61763152868478
9,0.6,5,50,37,1071,1.75860387113884,0.677875697798903
9,0.6,6,50,30,1071,1.75860387113884,0.722355256162844
9,0.6,7,50,38,1071,1.75860387113884,0.755892936803177
9,0.6,8,50,37,1071,1.75860387113884,0.781708327014208
9,0.6,9,50,39,1071,1.75860387113884,0.801977744228331
9,0.6,10,50,40,1071,1.75860387113884,0.818192201986995
9,0.8,1,50,17,1669,2.34480516151846,0.474465651868026
9,0.8,2,50,33,1669,2.34480516151846,0.692876315752959
9,0.8,3,50,41,1669,2.34480516151846,0.797462640621945
9,0.8,4,50,40,1669,2.34480516151846,0.850184572050476
9,0.8,5,50,45,1669,2.34480516151846,0.878477451233125
9,0.8,6,50,46,1669,2.34480516151846,0.894756398345823
9,0.8,7,50,43,1669,2.34480516151846,0.90480306773105
9,0.8,8,50,47,1669,2.34480516151846,0.911411415281976
9,0.8,9,50,42,1669,2.34480516151846,0.915994981073479
9,0.8,10,50,47,1669,2.34480516151846,0.919308448012323
10,0.4,1,50,4,175,1.10190703567956,0.0321000257871208
10,0.4,2,50,5,175,1.10190703567956,0.0626885530261756
10,0.4,3,50,4,175,1.10190703567956,0.0918480777129657
10,0.4,4,50,8,175,1.10190703567956,0.119656201927135
10,0.4,5,50,10,175,1.10190703567956,0.146185940130002
10,0.4,6,50,9,175,1.10190703567956,0.171506005561196
10,0.4,7,50,9,175,1.10190703567956,0.195681078064056
10,0.4,8,50,13,175,1.10190703567956,0.218772054578262
10,0.4,9,50,17,175,1.10190703567956,0.240836283453711
10,0.4,10,50,16,175,1.10190703567956,0.261927783661139
10,0.5,1,50,8,618,1.37738379459945,0.127408981647314
10,0.5,2,50,15,618,1.37738379459945,0.232626195064861
10,0.5,3,50,12,618,1.37738379459945,0.319969944490356
10,0.5,4,50,19,618,1.37738379459945,0.392865465872455
10,0.5,5,50,23,618,1.37738379459945,0.454036854300985
10,0.5,6,50,24,618,1.37738379459945,0.505656639166468
10,0.5,7,50,29,618,1.37738379459945,0.549462535266408
10,0.5,8,50,26,618,1.37738379459945,0.586848722614122
10,0.5,9,50,31,618,1.37738379459945,0.618937334747894
10,0.5,10,50,34,618,1.37738379459945,0.646634547715679
10,0.6,1,50,13,1007,1.65286055351934,0.23244801724971
10,0.6,2,50,18,1007,1.65286055351934,0.395725280370582
10,0.6,3,50,25,1007,1.65286055351934,0.512121668266198
10,0.6,4,50,30,1007,1.65286055351934,0.596428999702705
10,0.6,5,50,35,1007,1.65286055351934,0.658531536803272
10,0.6,6,50,33,1007,1.65286055351934,0.705085057613681
10,0.6,7,50,41,1007,1.65286055351934,0.740609434348474
10,0.6,8,50,37,1007,1.65286055351934,0.768202643310375
10,0.6,9,50,37,1007,1.65286055351934,0.790009590365722
10,0.6,10,50,40,1007,1.65286055351934,0.807531550524176
10,0.8,1,50,17,1628,2.20381407135913,0.463207902055825
10,0.8,2,50,33,1628,2.20381407135913,0.682367606956453
10,0.8,3,50,35,1628,2.20381407135913,0.7898238704413
10,0.8,4,50,42,1628,2.20381407135913,0.845002265029895
10,0.8,5,50,43,1628,2.20381407135913,0.874979643965451
10,0.8,6,50,41,1628,2.20381407135913,0.89233403029652
10,0.8,7,50,45,1628,2.20381407135913,0.903057951419794
10,0.8,8,50,46,1628,2.20381407135913,0.910100675957904
10,0.8,9,50,49,1628,2.20381407135913,0.914973504050138
10,0.8,10,50,46,1628,2.20381407135913,0.918488822660096
11,0.4,1,50,3,197,1.11377412622908,0.0347976533412142
11,0.4,2,50,3,197,1.11377412622908,0.0678190861488374
11,0.4,3,50,6,197,1.11377412622908,0.0991693896821807
11,0.4,4,50,11,197,1.11377412622908,0.128946896941943
11,0.4,5,50,9,197,1.11377412622908,0.157243641198761
11,0.4,6,50,10,197,1.11377412622908,0.184145782226451
11,0.4,7,50,7,197,1.11377412622908,0.209734002578989
11,0.4,8,50,11,197,1.11377412622908,0.234083876076409
11,0.4,9,50,9,197,1.11377412622908,0.257266210504961
11,0.4,10,50,10,197,1.11377412622908,0.279347366388898
11,0.5,1,50,7,645,1.39221765778635,0.128427103068304
11,0.5,2,50,16,645,1.39221765778635,0.234306353304904
11,0.5,3,50,20,645,1.39221765778635,0.322060406720893
11,0.5,4,50,18,645,1.39221765778635,0.395189961117751
11,0.5,5,50,22,645,1.39221765778635,0.45647347548944
11,0.5,6,50,24,645,1.39221765778635,0.508122465538088
11,0.5,7,50,30,645,1.39221765778635,0.551902449447186
11,0.5,8,50,30,645,1.39221765778635,0.589227299569744
11,0.5,9,50,31,645,1.39221765778635,0.621232977022429
11,0.5,10,50,28,645,1.39221765778635,0.648835260455293
11,0.6,1,50,12,1039,1.67066118934362,0.231977335596816
11,0.6,2,50,18,1039,1.67066118934362,0.395063759781362
11,0.6,3,50,20,1039,1.67066118934362,0.511414021794656
11,0.6,4,50,35,1039,1.67066118934362,0.59574535751513
11,0.6,5,50,37,1039,1.67066118934362,0.657901871531135
11,0.6,6,50,41,1039,1.67066118934362,0.70451850566417
11,0.6,7,50,34,1039,1.67066118934362,0.740104952710179
11,0.6,8,50,35,1039,1.67066118934362,0.767754745639418
11,0.6,9,50,41,1039,1.67066118934362,0.789611324767794
11,0.6,10,50,37,1039,1.67066118934362,0.807175958002103
11,0.8,1,50,31,1671,2.22754825245817,0.460594869274575
11,0.8,2,50,30,1671,2.22754825245817,0.679887208011204
11,0.8,3,50,38,1671,2.22754825245817,0.787994646609837
11,0.8,4,50,43,1671,2.22754825245817,0.843747158541044
11,0.8,5,50,46,1671,2.22754825245817,0.874126038645126
11,0.8,6,50,45,1671,2.22754825245817,0.891740565569666
11,0.8,7,50,44,1671,2.22754825245817,0.902630014587477
11,0.8,8,50,45,1671,2.22754825245817,0.909779532569593
11,0.8,9,50,46,1671,2.22754825245817,0.914723599300641
11,0.8,10,50,49,1671,2.22754825245817,0.918288556056841
12,0.4,1,50,1,238,1.138869710945,0.0432465306606088
12,0.4,2,50,3,238,1.138869710945,0.0837495957289726
12,0.4,3,50,4,238,1.138869710945,0.121710925229796
12,0.4,4,50,6,238,1.138869710945,0.157316126403804
12,0.4,5,50,8,238,1.138869710945,0.190736043186352
12,0.4,6,50,10,238,1.138869710945,0.222127996688443
12,0.4,7,50,8,238,1.138869710945,0.251636917388209
12,0.4,8,50,7,238,1.138869710945,0.279396378755963
12,0.4,9,50,13,238,1.138869710945,0.30552954114387
12,0.4,10,50,15,238,1.138869710945,0.330150013962394
12,0.5,1,50,7,684,1.42358713868126,0.139804996943789
12,0.5,2,50,7,684,1.42358713868126,0.252889947505416
12,0.5,3,50,13,684,1.42358713868126,0.344960187157753
12,0.5,4,50,26,684,1.42358713868126,0.420426333128854
12,0.5,5,50,27,684,1.42358713868126,0.482709600917195
12,0.5,6,50,32,684,1.42358713868126,0.534473192187693
12,0.5,7,50,34,684,1.42358713868126,0.577798004356164
12,0.5,8,50,28,684,1.42358713868126,0.61431633989273
12,0.5,9,50,29,684,1.42358713868126,0.645313879988781
12,0.5,10,50,39,684,1.42358713868126,0.671807636230855
12,0.6,1,50,13,1069,1.70830456641751,0.244895343228127
12,0.6,2,50,16,1069,1.70830456641751,0.413013556709702
12,0.6,3,50,19,1069,1.70830456641751,0.530420482040287
12,0.6,4,50,31,1069,1.70830456641751,0.613944180228082
12,0.6,5,50,37,1069,1.70830456641751,0.674537395256723
12,0.6,6,50,37,1069,1.70830456641751,0.719393633700002
12,0.6,7,50,38,1069,1.70830456641751,0.75328500648905
12,0.6,8,50,42,1069,1.70830456641751,0.779412370854713
12,0.6,9,50,47,1069,1.70830456641751,0.799948616359385
12,0.6,10,50,39,1069,1.70830456641751,0.816388024722586
12,0.8,1,50,27,1682,2.27773942189001,0.473328990801671
12,0.8,2,50,30,1682,2.27773942189001,0.691828368346572
12,0.8,3,50,39,1682,2.27773942189001,0.796709017280471
12,0.8,4,50,40,1682,2.27773942189001,0.849677566193707
12,0.8,5,50,42,1682,2.27773942189001,0.878137144025111
12,0.8,6,50,48,1682,2.27773942189001,0.894521367179607
12,0.8,7,50,43,1682,2.27773942189001,0.904633834579735
12,0.8,8,50,42,1682,2.27773942189001,0.911284209462358
12,0.8,9,50,49,1682,2.27773942189001,0.91589573487131
12,0.8,10,50,43,1682,2.27773942189001,0.919228739151565
13,0.4,1,50,0,279,1.17991951596217,0.0515115994432183
13,0.4,2,50,2,279,1.17991951596217,0.0991308922958449
13,0.4,3,50,4,279,1.17991951596217,0.143198782345679
13,0.4,4,50,9,279,1.17991951596217,0.184023720364021
13,0.4,5,50,14,279,1.17991951596217,0.221884963530882
13,0.4,6,50,12,279,1.17991951596217,0.257035495032604
13,0.4,7,50,8,279,1.17991951596217,0.28970464025374
13,0.4,8,50,11,279,1.17991951596217,0.320100411997015
13,0.4,9,50,17,279,1.17991951596217,0.34841161362208
13,0.4,10,50,11,279,1.17991951596217,0.37480972584437
13,0.5,1,50,7,707,1.47489939495271,0.146881128347778
13,0.5,2,50,11,707,1.47489939495271,0.264268926076836
13,0.5,3,50,21,707,1.47489939495271,0.358779630943772
13,0.5,4,50,22,707,1.47489939495271,0.435452056534671
13,0.5,5,50,22,707,1.47489939495271,0.498138403306913
13,0.5,6,50,32,707,1.47489939495271,0.549795649935546
13,0.5,7,50,35,707,1.47489939495271,0.592703310331677
13,0.5,8,50,28,707,1.47489939495271,0.628626554682891
13,0.5,9,50,36,707,1.47489939495271,0.658938713156796
13,0.5,10,50,32,707,1.47489939495271,0.684713522698055
13,0.6,1,50,14,1083,1.76987927394325,0.252233370591453
13,0.6,2,50,21,1083,1.76987927394325,0.423019588713011
13,0.6,3,50,23,1083,1.76987927394325,0.540838511149802
13,0.6,4,50,31,1083,1.76987927394325,0.62377424751789
13,0.6,5,50,36,1083,1.76987927394325,0.683412494648772
13,0.6,6,50,35,1083,1.76987927394325,0.727249936020878
13,0.6,7,50,36,1083,1.76987927394325,0.760191325774396
13,0.6,8,50,39,1083,1.76987927394325,0.785484951267636
13,0.6,9,50,40,1083,1.76987927394325,0.805310826957834
13,0.6,10,50,37,1083,1.76987927394325,0.821153105907904
13,0.8,1,50,28,1685,2.35983903192433,0.483007598729418
13,0.8,2,50,33,1685,2.35983903192433,0.700657548376244
13,0.8,3,50,45,1685,2.35983903192433,0.803001489299662
13,0.8,4,50,42,1685,2.35983903192433,0.853881823197143
13,0.8,5,50,43,1685,2.35983903192433,0.880946680729062
13,0.8,6,50,46,1685,2.35983903192433,0.896457863167047
13,0.8,7,50,43,1685,2.35983903192433,0.906027916840488
13,0.8,8,50,44,1685,2.35983903192433,0.912332879228716
13,0.8,9,50,44,1685,2.35983903192433,0.916714704061454
13,0.8,10,50,47,1685,2.35983903192433,0.919886970784235
14,0.4,1,50,0,283,1.16974511735398,0.0517441215672534
14,0.4,2,50,2,283,1.16974511735398,0.0995607176772323
14,0.4,3,50,4,283,1.16974511735398,0.143795329482377
14,0.4,4,50,10,283,1.16974511735398,0.184760455170578
14,0.4,5,50,16,283,1.16974511735398,0.222738883622332
14,0.4,6,50,7,283,1.16974511735398,0.257986678932019
14,0.4,7,50,14,283,1.16974511735398,0.290735853381644
14,0.4,8,50,18,283,1.16974511735398,0.321196762321136
14,0.4,9,50,13,283,1.16974511735398,0.349560250738233
14,0.4,10,50,13,283,1.16974511735398,0.375999578039744
14,0.5,1,50,7,724,1.46218139669247,0.148917288666824
14,0.5,2,50,13,724,1.46218139669247,0.267517868003442
14,0.5,3,50,30,724,1.46218139669247,0.362696963357137
14,0.5,4,50,19,724,1.46218139669247,0.439683071150586
14,0.5,5,50,23,724,1.46218139669247,0.502456619805235
14,0.5,6,50,26,724,1.46218139669247,0.554060649713249
14,0.5,7,50,28,724,1.46218139669247,0.596831906296405
14,0.5,8,50,29,724,1.46218139669247,0.632573162935019
14,0.5,9,50,24,724,1.46218139669247,0.662682059006009
14,0.5,10,50,30,724,1.46218139669247,0.688247694919895
14,0.6,1,50,14,1104,1.75461767603097,0.254241453818635
14,0.6,2,50,20,1104,1.75461767603097,0.425733756949949
14,0.6,3,50,28,1104,1.75461767603097,0.543642398281315
14,0.6,4,50,27,1104,1.75461767603097,0.626402094186397
14,0.6,5,50,33,1104,1.75461767603097,0.685771750336614
14,0.6,6,50,43,1104,1.75461767603097,0.729328984264455
14,0.6,7,50,35,1104,1.75461767603097,0.76201268301321
14,0.6,8,50,38,1104,1.75461767603097,0.787082413601899
14,0.6,9,50,30,1104,1.75461767603097,0.806718984907485
14,0.6,10,50,43,1104,1.75461767603097,0.822403070758584
14,0.8,1,50,22,1702,2.33949023470796,0.482914356480042
14,0.8,2,50,33,1702,2.33949023470796,0.700573505975468
14,0.8,3,50,40,1702,2.33949023470796,0.802942205419052
14,0.8,4,50,41,1702,2.33949023470796,0.853842522891887
14,0.8,5,50,46,1702,2.33949023470796,0.880920548161486
14,0.8,6,50,46,1702,2.33949023470796,0.896439890560391
14,0.8,7,50,42,1702,2.33949023470796,0.906014980025915
14,0.8,8,50,44,1702,2.33949023470796,0.912323138683975
14,0.8,9,50,48,1702,2.33949023470796,0.916707088472329
14,0.8,10,50,47,1702,2.33949023470796,0.919880844849791
15,0.4,1,50,3,235,1.13830113625292,0.0429530711258942
15,0.4,2,50,5,235,1.13830113625292,0.0831997831991398
15,0.4,3,50,8,235,1.13830113625292,0.12093778738813
15,0.4,4,50,4,235,1.13830113625292,0.15634904526284
15,0.4,5,50,10,235,1.13830113625292,0.189601142769892
15,0.4,6,50,11,235,1.13830113625292,0.220848489973472
15,0.4,7,50,10,235,1.13830113625292,0.250233416771798
15,0.4,8,50,16,235,1.13830113625292,0.277887173866039
15,0.4,9,50,12,235,1.13830113625292,0.303930847413248
15,0.4,10,50,13,235,1.13830113625292,0.328476195027827
15,0.5,1,50,3,681,1.42287642031615,0.140314859044527
15,0.5,2,50,12,681,1.42287642031615,0.253714422874959
15,0.5,3,50,20,681,1.42287642031615,0.345966676140523
15,0.5,4,50,18,681,1.42287642031615,0.421525894572969
15,0.5,5,50,23,681,1.42287642031615,0.483843569631302
15,0.5,6,50,29,681,1.42287642031615,0.535603772021615
15,0.5,7,50,30,681,1.42287642031615,0.578901675434163
15,0.5,8,50,29,681,1.42287642031615,0.6153792544484
15,0.5,9,50,32,681,1.42287642031615,0.646328660654073
15,0.5,10,50,32,681,1.42287642031615,0.672771161123085
15,0.6,1,50,12,1069,1.70745170437938,0.247074202886536
15,0.6,2,50,25,1069,1.70745170437938,0.415999010048051
15,0.6,3,50,25,1069,1.70745170437938,0.533542203048133
15,0.6,4,50,35,1069,1.70745170437938,0.616900611262164
15,0.6,5,50,32,1069,1.70745170437938,0.677214841864028
15,0.6,6,50,36,1069,1.70745170437938,0.721769593007762
15,0.6,7,50,34,1069,1.70745170437938,0.755377642176073
15,0.6,8,50,33,1069,1.70745170437938,0.781254951267309
15,0.6,9,50,39,1069,1.70745170437938,0.801577229307599
15,0.6,10,50,39,1069,1.70745170437938,0.817836188122582
15,0.8,1,50,22,1684,2.27660227250584,0.479587808766589
15,0.8,2,50,42,1684,2.27660227250584,0.697562236251962
15,0.8,3,50,34,1684,2.27660227250584,0.800810249008689
15,0.8,4,50,44,1684,2.27660227250584,0.852425281785039
15,0.8,5,50,45,1684,2.27660227250584,0.879976520732102
15,0.8,6,50,44,1684,2.27660227250584,0.895790154334767
15,0.8,7,50,48,1684,2.27660227250584,0.90554728702677
15,0.8,8,50,50,1684,2.27660227250584,0.911971119466835
15,0.8,9,50,46,1684,2.27660227250584,0.916431975303121
15,0.8,10,50,48,1684,2.27660227250584,0.91965960871847
16,0.4,1,50,2,192,1.10738507132556,0.0340694311510207
16,0.4,2,50,4,192,1.10738507132556,0.0664362069951109
16,0.4,3,50,5,192,1.10738507132556,0.0971989580633318
16,0.4,4,50,5,192,1.10738507132556,0.12645010484512
16,0.4,5,50,6,192,1.10738507132556,0.15427627030456
16,0.4,6,50,9,192,1.10738507132556,0.180758663950072
16,0.4,7,50,8,192,1.10738507132556,0.205973439474751
16,0.4,8,50,12,192,1.10738507132556,0.22999202783777
16,0.4,9,50,13,192,1.10738507132556,0.252881447521956
16,0.4,10,50,7,192,1.10738507132556,0.274704593577392
16,0.5,1,50,7,651,1.38423133915695,0.130014411848313
16,0.5,2,50,8,651,1.38423133915695,0.236920161166449
16,0.5,3,50,22,651,1.38423133915695,0.325305926026843
16,0.5,4,50,19,651,1.38423133915695,0.39879199410639
16,0.5,5,50,24,651,1.38423133915695,0.460242633242487
16,0.5,6,50,28,651,1.38423133915695,0.511930640245581
16,0.5,7,50,28,651,1.38423133915695,0.555665046690807
16,0.5,8,50,30,651,1.38423133915695,0.592890402514611
16,0.5,9,50,31,651,1.38423133915695,0.624764103268742
16,0.5,10,50,29,651,1.38423133915695,0.65221673137658
16,0.6,1,50,13,1050,1.66107760698834,0.235524456005023
16,0.6,2,50,21,1050,1.66107760698834,0.400035098193065
16,0.6,3,50,30,1050,1.66107760698834,0.516718586843599
16,0.6,4,50,38,1050,1.66107760698834,0.600858626080508
16,0.6,5,50,34,1050,1.66107760698834,0.662602491419396
16,0.6,6,50,35,1050,1.66107760698834,0.708741312479818
16,0.6,7,50,32,1050,1.66107760698834,0.743860373096956
16,0.6,8,50,38,1050,1.66107760698834,0.771085702075761
16,0.6,9,50,39,1050,1.66107760698834,0.792571042202988
16,0.6,10,50,42,1050,1.66107760698834,0.809817211481241
16,0.8,1,50,26,1680,2.21477014265112,0.466844508509388
16,0.8,2,50,33,1680,2.21477014265112,0.685793773570338
16,0.8,3,50,39,1680,2.21477014265112,0.792334169707966
16,0.8,4,50,43,1680,2.21477014265112,0.846715850130893
16,0.8,5,50,45,1680,2.21477014265112,0.876140990717095
16,0.8,6,50,46,1680,2.21477014265112,0.893139967579481
16,0.8,7,50,45,1680,2.21477014265112,0.903638817984551
16,0.8,8,50,50,1680,2.21477014265112,0.910536736671229
16,0.8,9,50,45,1680,2.21477014265112,0.915313055443562
16,0.8,10,50,46,1680,2.21477014265112,0.918761088733303
17,0.4,1,50,5,250,1.13562794510422,0.0443807434034118
17,0.4,2,50,2,250,1.13562794510422,0.085872230187512
17,0.4,3,50,7,250,1.13562794510422,0.12469248241305
17,0.4,4,50,8,250,1.13562794510422,0.161041640258525
17,0.4,5,50,6,250,1.13562794510422,0.195103509371177
17,0.4,6,50,7,250,1.13562794510422,0.227046969223532
17,0.4,7,50,14,250,1.13562794510422,0.25702725531083
17,0.4,8,50,12,250,1.13562794510422,0.285187126813308
17,0.4,9,50,11,250,1.13562794510422,0.311657930252873
17,0.4,10,50,14,250,1.13562794510422,0.336560568684156
17,0.5,1,50,4,723,1.41953493138028,0.144603325246419
17,0.5,2,50,13,723,1.41953493138028,0.260620980289219
17,0.5,3,50,19,723,1.41953493138028,0.354366141796094
17,0.5,4,50,19,723,1.41953493138028,0.430670159070618
17,0.5,5,50,20,723,1.41953493138028,0.49324398740362
17,0.5,6,50,28,723,1.41953493138028,0.544949101098933
17,0.5,7,50,21,723,1.41953493138028,0.588000999331317
17,0.5,8,50,30,723,1.41953493138028,0.62412242867866
17,0.5,9,50,34,723,1.41953493138028,0.65465902701086
17,0.5,10,50,34,723,1.41953493138028,0.680666828896561
17,0.6,1,50,15,1123,1.70344191765633,0.252933557719761
17,0.6,2,50,17,1123,1.70344191765633,0.423967148963029
17,0.6,3,50,26,1123,1.70344191765633,0.541818465455153
17,0.6,4,50,31,1123,1.70344191765633,0.624693537929549
17,0.6,5,50,34,1123,1.70344191765633,0.684238465691004
17,0.6,6,50,42,1123,1.70344191765633,0.727978256005283
17,0.6,7,50,34,1123,1.70344191765633,0.760829671668173
17,0.6,8,50,40,1123,1.70344191765633,0.786045015671178
17,0.6,9,50,42,1123,1.70344191765633,0.805804634734306
17,0.6,10,50,37,1123,1.70344191765633,0.821591502017457
17,0.8,1,50,20,1741,2.27125589020844,0.487205086131019
17,0.8,2,50,38,1741,2.27125589020844,0.704420400698639
17,0.8,3,50,38,1741,2.27125589020844,0.805643666274921
17,0.8,4,50,46,1741,2.27125589020844,0.855627334826161
17,0.8,5,50,41,1741,2.27125589020844,0.882104885808293
17,0.8,6,50,45,1741,2.27125589020844,0.897253716753925
17,0.8,7,50,44,1741,2.27125589020844,0.906600789457365
17,0.8,8,50,43,1741,2.27125589020844,0.912764408838903
17,0.8,9,50,47,1741,2.27125589020844,0.917052263393596
17,0.8,10,50,43,1741,2.27125589020844,0.920158595512743
18,0.4,1,50,2,264,1.14694830126814,0.0458938272975924
18,0.4,2,50,7,264,1.14694830126814,0.0886980313375386
18,0.4,3,50,6,264,1.14694830126814,0.128653702317627
18,0.4,4,50,13,264,1.14694830126814,0.165981482378718
18,0.4,5,50,7,264,1.14694830126814,0.20088339533606
18,0.4,6,50,9,264,1.14694830126814,0.233544506447291
18,0.4,7,50,10,264,1.14694830126814,0.26413442844716
18,0.4,8,50,11,264,1.14694830126814,0.292808688495228
18,0.4,9,50,18,264,1.14694830126814,0.319709969256951
18,0.4,10,50,11,264,1.14694830126814,0.344969236053896
18,0.5,1,50,9,730,1.43368537658518,0.142837959463645
18,0.5,2,50,15,730,1.43368537658518,0.257783955071952
18,0.5,3,50,18,730,1.43368537658518,0.350922754698013
18,0.5,4,50,23,730,1.43368537658518,0.426928347040443
18,0.5,5,50,26,730,1.43368537658518,0.489403844634517
18,0.5,6,50,32,730,1.43368537658518,0.541137298044388
18,0.5,7,50,29,730,1.43368537658518,0.58429463007019
18,0.5,8,50,31,730,1.43368537658518,0.620565470050868
18,0.5,9,50,34,730,1.43368537658518,0.651273645415128
18,0.5,10,50,35,730,1.43368537658518,0.677461103040602
18,0.6,1,50,12,1131,1.72042245190221,0.24793519508356
18,0.6,2,50,16,1131,1.72042245190221,0.417175382988837
18,0.6,3,50,31,1131,1.72042245190221,0.534769158775434
18,0.6,4,50,31,1131,1.72042245190221,0.618060056784889
18,0.6,5,50,37,1131,1.72042245190221,0.678262948731106
18,0.6,6,50,36,1131,1.72042245190221,0.722698301950677
18,0.6,7,50,39,1131,1.72042245190221,0.75619466763262
18,0.6,8,50,36,1131,1.72042245190221,0.781973738214257
18,0.6,9,50,39,1131,1.72042245190221,0.802212171351265
18,0.6,10,50,37,1131,1.72042245190221,0.818400559556263
18,0.8,1,50,19,1764,2.29389660253629,0.476476532979175
18,0.8,2,50,41,1764,2.29389660253629,0.694723053277254
18,0.8,3,50,40,1764,2.29389660253629,0.798786291596286
18,0.8,4,50,44,1764,2.29389660253629,0.851072785961014
18,0.8,5,50,43,1764,2.29389660253629,0.879072638667757
18,0.8,6,50,44,1764,2.29389660253629,0.895167140962296
18,0.8,7,50,44,1764,2.29389660253629,0.905098790863375
18,0.8,8,50,47,1764,2.29389660253629,0.911633757912287
18,0.8,9,50,44,1764,2.29389660253629,0.916168515427579
18,0.8,10,50,47,1764,2.29389660253629,0.919447859644495
19,0.4,1,50,0,271,1.15862034147621,0.0482945248485213
19,0.4,2,50,4,271,1.15862034147621,0.0931677370187343
19,0.4,3,50,2,271,1.15862034147621,0.134900574464263
19,0.4,4,50,9,271,1.15862034147621,0.173748900971142
19,0.4,5,50,8,271,1.15862034147621,0.209945867208859
19,0.4,6,50,14,271,1.15862034147621,0.243704040991758
19,0.4,7,50,12,271,1.15862034147621,0.2752173299417
19,0.4,8,50,13,271,1.15862034147621,0.304662717361868
19,0.4,9,50,14,271,1.15862034147621,0.332201829999989
19,0.4,10,50,9,271,1.15862034147621,0.357982354469662
19,0.5,1,50,5,724,1.44827542684526,0.146029954920629
19,0.5,2,50,11,724,1.44827542684526,0.26290741539597
19,0.5,3,50,18,724,1.44827542684526,0.35713426152385
19,0.5,4,50,21,724,1.44827542684526,0.433671197196917
19,0.5,5,50,24,724,1.44827542684526,0.496317367913687
19,0.5,6,50,25,724,1.44827542684526,0.547993966010812
19,0.5,7,50,28,724,1.44827542684526,0.590956580713637
19,0.5,8,50,28,724,1.44827542684526,0.626954571721407
19,0.5,9,50,28,724,1.44827542684526,0.657350981567217
19,0.5,10,50,31,724,1.44827542684526,0.683212995339982
19,0.6,1,50,12,1116,1.73793051221431,0.253153921611203
19,0.6,2,50,22,1116,1.73793051221431,0.424265106783745
19,0.6,3,50,26,1116,1.73793051221431,0.54212637200005
19,0.6,4,50,32,1116,1.73793051221431,0.624982192454428
19,0.6,5,50,37,1116,1.73793051221431,0.684497676010661
19,0.6,6,50,41,1116,1.73793051221431,0.728206721267572
19,0.6,7,50,41,1116,1.73793051221431,0.761029846728277
19,0.6,8,50,41,1116,1.73793051221431,0.786220600882128
19,0.6,9,50,40,1116,1.73793051221431,0.805959422743761
19,0.6,10,50,42,1116,1.73793051221431,0.821728906728337
19,0.8,1,50,23,1733,2.31724068295242,0.487061971926402
19,0.8,2,50,33,1733,2.31724068295242,0.704292765446353
19,0.8,3,50,40,1733,2.31724068295242,0.805554434669634
19,0.8,4,50,46,1733,2.31724068295242,0.855568578420913
19,0.8,5,50,48,1733,2.31724068295242,0.882065977237803
19,0.8,6,50,39,1733,2.31724068295242,0.897227002697625
19,0.8,7,50,43,1733,2.31724068295242,0.906581559328817
19,0.8,8,50,44,1733,2.31724068295242,0.912749916870072
19,0.8,9,50,45,1733,2.31724068295242,0.917040921729973
19,0.8,10,50,48,1733,2.31724068295242,0.920149466218287
20,0.4,1,50,2,100,1.04088972042526,0.0141924645648397
20,0.4,2,50,2,100,1.04088972042526,0.0280894596618564
20,0.4,3,50,2,100,1.04088972042526,0.0416981153025803
20,0.4,4,50,5,100,1.04088972042526,0.0550253744870368
20,0.4,5,50,5,100,1.04088972042526,0.0680779983795979
20,0.4,6,50,4,100,1.04088972042526,0.0808625713352631
20,0.4,7,50,7,100,1.04088972042526,0.0933855057816796
20,0.4,8,50,11,100,1.04088972042526,0.105653046961149
20,0.4,9,50,9,100,1.04088972042526,0.117671277536762
20,0.4,10,50,9,100,1.04088972042526,0.129446122066663
20,0.5,1,50,3,533,1.30111215053157,0.111175347807302
20,0.5,2,50,18,533,1.30111215053157,0.205453726408947
20,0.5,3,50,19,533,1.30111215053157,0.285704188952469
20,0.5,4,50,15,533,1.30111215053157,0.354278040527796
20,0.5,5,50,19,533,1.30111215053157,0.413105929242748
20,0.5,6,50,26,533,1.30111215053157,0.46377624221435
20,0.5,7,50,28,533,1.30111215053157,0.507598476516751
20,0.5,8,50,28,533,1.30111215053157,0.545654523954784
20,0.5,9,50,32,533,1.30111215053157,0.578840224733187
20,0.5,10,50,25,533,1.30111215053157,0.607899078680254
20,0.6,1,50,10,936,1.56133458063789,0.217660010800371
20,0.6,2,50,17,936,1.56133458063789,0.374670397819542
20,0.6,3,50,23,936,1.56133458063789,0.489331793983422
20,0.6,4,50,27,936,1.56133458063789,0.574180352431602
20,0.6,5,50,33,936,1.56133458063789,0.637852614892483
20,0.6,6,50,37,936,1.56133458063789,0.686335995114735
20,0.6,7,50,40,936,1.56133458063789,0.723809978576864
20,0.6,8,50,34,936,1.56133458063789,0.753213980861002
20,0.6,9,50,37,936,1.56133458063789,0.776632152264155
20,0.6,10,50,37,936,1.56133458063789,0.795555226684377
20,0.8,1,50,24,1583,2.08177944085051,0.450447859697197
20,0.8,2,50,27,1583,2.08177944085051,0.670107976382072
20,0.8,3,50,40,1583,2.08177944085051,0.780686476718514
20,0.8,4,50,45,1583,2.08177944085051,0.83867920693683
20,0.8,5,50,43,1583,2.08177944085051,0.870653701886609
20,0.8,6,50,44,1583,2.08177944085051,0.889316581689994
20,0.8,7,50,47,1583,2.08177944085051,0.900879878662276
20,0.8,8,50,43,1583,2.08177944085051,0.908466826868051
20,0.8,9,50,46,1583,2.08177944085051,0.91370337335864
20,0.8,10,50,48,1583,2.08177944085051,0.917471972131931
