"tau","k","R","cutoff","runs","sim","se","theory","z"
0.4,1,1.13428292926469,240,1000,0.031,0.00548078461536302,0.0410715070171109,-1.60483737040479
0.4,2,1.13428292926469,240,1000,0.076,0.00837997613361757,0.0795541756428722,-0.415344324529434
0.4,3,1.13428292926469,240,1000,0.089,0.00900438781928011,0.115642729371193,-2.63454530559354
0.4,4,1.13428292926469,240,1000,0.154,0.0114142016803629,0.14951562201678,0.397672679290156
0.4,5,1.13428292926469,240,1000,0.168,0.0118226900492231,0.181336497528453,-1.09457736401757
0.4,6,1.13428292926469,240,1000,0.188,0.0123554036761249,0.211255511787103,-1.8015806492352
0.4,7,1.13428292926469,240,1000,0.215,0.012991343271579,0.239410529973534,-1.80896610783733
0.4,8,1.13428292926469,240,1000,0.24,0.0135055544129073,0.265928211709964,-1.8557569289737
0.4,9,1.13428292926469,240,1000,0.268,0.0140062843038402,0.290924994942416,-1.5961461049347
0.4,10,1.13428292926469,240,1000,0.238,0.0134668481835951,0.3145079884233,-5.21062410201992
0.5,1,1.41785366158086,682.5,1000,0.127,0.0105295299040366,0.137134564733382,-0.931665682352685
0.5,2,1.41785366158086,682.5,1000,0.25,0.0136930639376292,0.248439961748779,0.114167549742418
0.5,3,1.41785366158086,682.5,1000,0.375,0.0153093108923949,0.339374787194563,2.37925016270084
0.5,4,1.41785366158086,682.5,1000,0.398,0.0154788888490098,0.414166674353722,-1.03787745538176
0.5,5,1.41785366158086,682.5,1000,0.446,0.0157189058143371,0.476101835244705,-1.90598556894403
0.5,6,1.41785366158086,682.5,1000,0.53,0.0157829021412413,0.527744428560226,0.142874990066835
0.5,7,1.41785366158086,682.5,1000,0.588,0.0155645751628498,0.571103149618594,1.07962281174426
0.5,8,1.41785366158086,682.5,1000,0.6,0.0154919333848297,0.607758048355406,-0.502469959456376
0.5,9,1.41785366158086,682.5,1000,0.621,0.0153414145371279,0.638957315559238,-1.18229598904866
0.5,10,1.41785366158086,682.5,1000,0.652,0.0150630674166984,0.665691344346036,-0.917774163872045
0.6,1,1.70142439389703,1069.5,1000,0.251,0.0137112727345057,0.242454744198365,0.630529533216232
0.6,2,1.70142439389703,1069.5,1000,0.383,0.0153724103510152,0.409532709585709,-1.7062371116139
0.6,3,1.70142439389703,1069.5,1000,0.491,0.0158088266484265,0.526650408401699,-2.25793945967162
0.6,4,1.70142439389703,1069.5,1000,0.622,0.0153334927527945,0.610264286994099,0.760966259080107
0.6,5,1.70142439389703,1069.5,1000,0.696,0.0145459272650457,0.671119650463964,1.6747019926036
0.6,6,1.70142439389703,1069.5,1000,0.734,0.0139729739139526,0.716298180121129,1.24176648064317
0.6,7,1.70142439389703,1069.5,1000,0.75,0.0136930639376292,0.750514832555692,-0.037623916049402
0.6,8,1.70142439389703,1069.5,1000,0.768,0.0133482583133531,0.776943834965627,-0.679394221685535
0.6,9,1.70142439389703,1069.5,1000,0.785,0.012991343271579,0.797747936279961,-1.00359978234704
0.6,10,1.70142439389703,1069.5,1000,0.788,0.0129250145067617,0.814419753913146,-2.1490115290687
0.8,1,2.26856585852937,1683.5,1000,0.463,0.0157680372906713,0.472541080198038,-0.60434292325712
0.8,2,2.26856585852937,1683.5,1000,0.695,0.0145593612497252,0.69098342523819,0.274872411671155
0.8,3,2.26856585852937,1683.5,1000,0.801,0.0126253316788115,0.796027198247519,0.390257323570053
0.8,4,2.26856585852937,1683.5,1000,0.855,0.0111344061359374,0.849179661031853,0.514302375120777
0.8,5,2.26856585852937,1683.5,1000,0.863,0.0108734079294396,0.877785446346478,-1.42750878186253
0.8,6,2.26856585852937,1683.5,1000,0.9,0.00948683298050514,0.894272522167238,0.589026098184321
0.8,7,2.26856585852937,1683.5,1000,0.896,0.00965318600255895,0.904453866984056,-0.90940145109194
0.8,8,2.26856585852937,1683.5,1000,0.907,0.00918428004799505,0.911149843772454,-0.461219591602351
0.8,9,2.26856585852937,1683.5,1000,0.922,0.00848033018225116,0.91579195437316,0.70693534248754
0.8,10,2.26856585852937,1683.5,1000,0.927,0.00822623850857729,0.919146077355633,0.91105333678621
