"dist","a","n","A","x","frac_ident","gstar_med","gstar_q25","gstar_q75","gain_med"
"NSFG men 25-44",3.31,100,0.5,0.001,1,10,10,10,3.26622749389861
"NSFG men 25-44",3.31,100,0.5,0.00316227766016838,1,10,8.9625,10,3.03879735079946
"NSFG men 25-44",3.31,100,0.5,0.01,1,4.9,4.2,5.5875,2.3910580223009
"NSFG men 25-44",3.31,100,0.5,0.0316227766016838,1,2.7,2.3125,2.95,1.79228826616808
"NSFG men 25-44",3.31,100,0.5,0.1,1,1.6,1.4625,1.7,1.33035393522632
"NSFG men 25-44",3.31,100,0.5,0.316227766016838,1,0.9,0.85,0.9375,1.10520520836441
"NSFG men 25-44",3.31,100,0.5,1,1,0.4,0.4,0.4,1.02325355928279
"NSFG men 25-44",3.31,100,0.5,3.16227766016838,1,0.15,0.15,0.15,1.0017585082698
"NSFG men 25-44",3.31,100,0.5,10,1,0.05,0.05,0.05,1.0000017986688
"NSFG men 25-44",3.31,100,0.5,31.6227766016838,0,NA,NA,NA,1
"NSFG men 25-44",3.31,100,2,0.001,1,10,10,10,4.97200709616554
"NSFG men 25-44",3.31,100,2,0.00316227766016838,1,10,10,10,4.70816985632417
"NSFG men 25-44",3.31,100,2,0.01,1,5.425,4.7,7.1875,3.6473660658132
"NSFG men 25-44",3.31,100,2,0.0316227766016838,1,3.05,2.5625,3.325,2.62395183956683
"NSFG men 25-44",3.31,100,2,0.1,1,1.875,1.675,2.05,1.7270163907258
"NSFG men 25-44",3.31,100,2,0.316227766016838,1,1.1,1,1.2,1.24856991078102
"NSFG men 25-44",3.31,100,2,1,1,0.55,0.5125,0.55,1.05724043308325
"NSFG men 25-44",3.31,100,2,3.16227766016838,1,0.2,0.2,0.2,1.00435563553316
"NSFG men 25-44",3.31,100,2,10,1,0.1,0.1,0.1,1.00000422577864
"NSFG men 25-44",3.31,100,2,31.6227766016838,0,NA,NA,NA,1
"NSFG men 25-44",3.31,1000,0.5,0.001,1,5.35,4.7125,7.275,6.03094248373464
"NSFG men 25-44",3.31,1000,0.5,0.00316227766016838,1,3.35,2.8625,4,4.23720720198128
"NSFG men 25-44",3.31,1000,0.5,0.01,1,2.35,2.0625,2.725,2.74631207458217
"NSFG men 25-44",3.31,1000,0.5,0.0316227766016838,1,1.8,1.65,1.9875,1.85843057753174
"NSFG men 25-44",3.31,1000,0.5,0.1,1,1.3,1.25,1.35,1.36048260437245
"NSFG men 25-44",3.31,1000,0.5,0.316227766016838,1,0.8,0.8,0.85,1.12075106485114
"NSFG men 25-44",3.31,1000,0.5,1,1,0.4,0.4,0.4,1.02727993308053
"NSFG men 25-44",3.31,1000,0.5,3.16227766016838,1,0.15,0.15,0.15,1.00206169220545
"NSFG men 25-44",3.31,1000,0.5,10,1,0.05,0.05,0.05,1.000002102555
"NSFG men 25-44",3.31,1000,0.5,31.6227766016838,0,NA,NA,NA,1
"NSFG men 25-44",3.31,1000,2,0.001,1,5.55,4.8625,7.725,10.0206472905306
"NSFG men 25-44",3.31,1000,2,0.00316227766016838,1,3.45,2.9625,4.15,6.93929328643528
"NSFG men 25-44",3.31,1000,2,0.01,1,2.45,2.15,2.8375,4.32689486244592
"NSFG men 25-44",3.31,1000,2,0.0316227766016838,1,1.95,1.8,2.15,2.69363328824989
"NSFG men 25-44",3.31,1000,2,0.1,1,1.5,1.4,1.55,1.75096127654242
"NSFG men 25-44",3.31,1000,2,0.316227766016838,1,1,0.95,1.05,1.26551772904119
"NSFG men 25-44",3.31,1000,2,1,1,0.55,0.5,0.55,1.0632667322328
"NSFG men 25-44",3.31,1000,2,3.16227766016838,1,0.2,0.2,0.2,1.00486543432142
"NSFG men 25-44",3.31,1000,2,10,1,0.1,0.1,0.1,1.00000475104978
"NSFG men 25-44",3.31,1000,2,31.6227766016838,0,NA,NA,NA,1
"NSFG men 25-44",3.31,10000,0.5,0.001,1,2.7,2.45,3.1,6.68545922087254
"NSFG men 25-44",3.31,10000,0.5,0.00316227766016838,1,2.25,2.1,2.5,4.1021769364783
"NSFG men 25-44",3.31,10000,0.5,0.01,1,1.95,1.8125,2.05,2.64020684994161
"NSFG men 25-44",3.31,10000,0.5,0.0316227766016838,1,1.6,1.55,1.7,1.82635937480334
"NSFG men 25-44",3.31,10000,0.5,0.1,1,1.225,1.2,1.2875,1.36074628758306
"NSFG men 25-44",3.31,10000,0.5,0.316227766016838,1,0.8,0.8,0.8,1.12475158610996
"NSFG men 25-44",3.31,10000,0.5,1,1,0.4,0.4,0.4,1.02851418468318
"NSFG men 25-44",3.31,10000,0.5,3.16227766016838,1,0.15,0.15,0.15,1.0021585158085
"NSFG men 25-44",3.31,10000,0.5,10,1,0.05,0.05,0.05,1.0000021980267
"NSFG men 25-44",3.31,10000,0.5,31.6227766016838,0,NA,NA,NA,1
"NSFG men 25-44",3.31,10000,2,0.001,1,2.75,2.4625,3.15,11.2628460141216
"NSFG men 25-44",3.31,10000,2,0.00316227766016838,1,2.325,2.1625,2.55,6.67756997459228
"NSFG men 25-44",3.31,10000,2,0.01,1,2.025,1.9125,2.15,4.06974725635592
"NSFG men 25-44",3.31,10000,2,0.0316227766016838,1,1.725,1.65,1.8,2.60535062475615
"NSFG men 25-44",3.31,10000,2,0.1,1,1.4,1.35,1.45,1.74034341644438
"NSFG men 25-44",3.31,10000,2,0.316227766016838,1,0.95,0.95,1,1.27097913529649
"NSFG men 25-44",3.31,10000,2,1,1,0.5,0.5,0.55,1.06496007460232
"NSFG men 25-44",3.31,10000,2,3.16227766016838,1,0.2,0.2,0.2,1.00502364254758
"NSFG men 25-44",3.31,10000,2,10,1,0.1,0.1,0.1,1.00000491399551
"NSFG men 25-44",3.31,10000,2,31.6227766016838,0,NA,NA,NA,1
"NSFG men 25-44",3.31,1e+05,0.5,0.001,1,2.35,2.1625,2.4,6.04077270011602
"NSFG men 25-44",3.31,1e+05,0.5,0.00316227766016838,1,2.1,1.9625,2.15,3.83447070562989
"NSFG men 25-44",3.31,1e+05,0.5,0.01,1,1.85,1.8,1.85,2.55262415349782
"NSFG men 25-44",3.31,1e+05,0.5,0.0316227766016838,1,1.55,1.55,1.6,1.7976681025757
"NSFG men 25-44",3.31,1e+05,0.5,0.1,1,1.225,1.2,1.25,1.35580170505373
"NSFG men 25-44",3.31,1e+05,0.5,0.316227766016838,1,0.8,0.8,0.8,1.12363907705675
"NSFG men 25-44",3.31,1e+05,0.5,1,1,0.4,0.4,0.4,1.02827948153941
"NSFG men 25-44",3.31,1e+05,0.5,3.16227766016838,1,0.15,0.15,0.15,1.00214024332944
"NSFG men 25-44",3.31,1e+05,0.5,10,1,0.05,0.05,0.05,1.00000218075682
"NSFG men 25-44",3.31,1e+05,0.5,31.6227766016838,0,NA,NA,NA,1
"NSFG men 25-44",3.31,1e+05,2,0.001,1,2.35,2.2,2.45,10.1265542945571
"NSFG men 25-44",3.31,1e+05,2,0.00316227766016838,1,2.15,2,2.2,6.2136416380763
"NSFG men 25-44",3.31,1e+05,2,0.01,1,1.9,1.85,1.95,3.91900799027176
"NSFG men 25-44",3.31,1e+05,2,0.0316227766016838,1,1.7,1.65,1.7,2.55598595748639
"NSFG men 25-44",3.31,1e+05,2,0.1,1,1.4,1.35,1.4,1.73177328859963
"NSFG men 25-44",3.31,1e+05,2,0.316227766016838,1,0.95,0.95,1,1.26988257299543
"NSFG men 25-44",3.31,1e+05,2,1,1,0.5,0.5,0.55,1.06461515981735
"NSFG men 25-44",3.31,1e+05,2,3.16227766016838,1,0.2,0.2,0.2,1.00499516480679
"NSFG men 25-44",3.31,1e+05,2,10,1,0.1,0.1,0.1,1.00000488266701
"NSFG men 25-44",3.31,1e+05,2,31.6227766016838,0,NA,NA,NA,1
"NSFG men, capped 25",3.31,100,0.5,0.001,1,10,10,10,3.29262328999608
"NSFG men, capped 25",3.31,100,0.5,0.00316227766016838,1,10,9.3875,10,2.98955568405359
"NSFG men, capped 25",3.31,100,0.5,0.01,1,4.525,3.95,5.275,2.37284201031456
"NSFG men, capped 25",3.31,100,0.5,0.0316227766016838,1,2.65,2.2625,3.0375,1.74755205668185
"NSFG men, capped 25",3.31,100,0.5,0.1,1,1.6,1.45,1.7375,1.31018684738725
"NSFG men, capped 25",3.31,100,0.5,0.316227766016838,1,0.9,0.85,0.9,1.09930110434594
"NSFG men, capped 25",3.31,100,0.5,1,1,0.4,0.4,0.4,1.02193475669517
"NSFG men, capped 25",3.31,100,0.5,3.16227766016838,1,0.15,0.15,0.15,1.00165994117305
"NSFG men, capped 25",3.31,100,0.5,10,1,0.05,0.05,0.05,1.00000169834977
"NSFG men, capped 25",3.31,100,0.5,31.6227766016838,0,NA,NA,NA,1
"NSFG men, capped 25",3.31,100,2,0.001,1,10,10,10,5.08306519044975
"NSFG men, capped 25",3.31,100,2,0.00316227766016838,1,10,10,10,4.63218305523778
"NSFG men, capped 25",3.31,100,2,0.01,1,5.025,4.5,5.875,3.59665695638611
"NSFG men, capped 25",3.31,100,2,0.0316227766016838,1,2.95,2.5125,3.425,2.53240566792323
"NSFG men, capped 25",3.31,100,2,0.1,1,1.85,1.7,2.1,1.68953204759473
"NSFG men, capped 25",3.31,100,2,0.316227766016838,1,1.1,1.05,1.15,1.23764093612454
"NSFG men, capped 25",3.31,100,2,1,1,0.55,0.55,0.55,1.05474447964276
"NSFG men, capped 25",3.31,100,2,3.16227766016838,1,0.2,0.2,0.2,1.0041607601648
"NSFG men, capped 25",3.31,100,2,10,1,0.1,0.1,0.1,1.00000402808189
"NSFG men, capped 25",3.31,100,2,31.6227766016838,0,NA,NA,NA,1
"NSFG men, capped 25",3.31,1000,0.5,0.001,1,6.275,5.375,7.35,5.14673004711693
"NSFG men, capped 25",3.31,1000,0.5,0.00316227766016838,1,3.75,3.45,4.275,3.70790438392529
"NSFG men, capped 25",3.31,1000,0.5,0.01,1,2.6,2.4,2.9,2.61164819854681
"NSFG men, capped 25",3.31,1000,0.5,0.0316227766016838,1,1.925,1.85,2.15,1.81352113216425
"NSFG men, capped 25",3.31,1000,0.5,0.1,1,1.35,1.35,1.45,1.33886754256631
"NSFG men, capped 25",3.31,1000,0.5,0.316227766016838,1,0.85,0.8,0.85,1.11105612756344
"NSFG men, capped 25",3.31,1000,0.5,1,1,0.4,0.4,0.4,1.0249872877771
"NSFG men, capped 25",3.31,1000,0.5,3.16227766016838,1,0.15,0.15,0.15,1.00188774013607
"NSFG men, capped 25",3.31,1000,0.5,10,1,0.05,0.05,0.05,1.00000192530604
"NSFG men, capped 25",3.31,1000,0.5,31.6227766016838,0,NA,NA,NA,1
"NSFG men, capped 25",3.31,1000,2,0.001,1,6.575,5.6,7.775,8.62944375821333
"NSFG men, capped 25",3.31,1000,2,0.00316227766016838,1,3.9,3.6125,4.475,5.98857112075133
"NSFG men, capped 25",3.31,1000,2,0.01,1,2.75,2.55,3.05,4.02947797402996
"NSFG men, capped 25",3.31,1000,2,0.0316227766016838,1,2.1,2,2.35,2.62673033370632
"NSFG men, capped 25",3.31,1000,2,0.1,1,1.55,1.5,1.65,1.72692784342688
"NSFG men, capped 25",3.31,1000,2,0.316227766016838,1,1,1,1.05,1.25475838010645
"NSFG men, capped 25",3.31,1000,2,1,1,0.55,0.55,0.55,1.05934801889549
"NSFG men, capped 25",3.31,1000,2,3.16227766016838,1,0.2,0.2,0.2,1.00454211831554
"NSFG men, capped 25",3.31,1000,2,10,1,0.1,0.1,0.1,1.00000442180703
"NSFG men, capped 25",3.31,1000,2,31.6227766016838,0,NA,NA,NA,1
"NSFG men, capped 25",3.31,10000,0.5,0.001,1,5.25,4.8625,5.55,5.48642278469828
"NSFG men, capped 25",3.31,10000,0.5,0.00316227766016838,1,3.325,3.25,3.4375,3.90643893245016
"NSFG men, capped 25",3.31,10000,0.5,0.01,1,2.45,2.4125,2.5,2.65522409762898
"NSFG men, capped 25",3.31,10000,0.5,0.0316227766016838,1,1.85,1.85,1.9,1.82367431588744
"NSFG men, capped 25",3.31,10000,0.5,0.1,1,1.35,1.3,1.35,1.34761800371035
"NSFG men, capped 25",3.31,10000,0.5,0.316227766016838,1,0.85,0.8,0.85,1.11557367913537
"NSFG men, capped 25",3.31,10000,0.5,1,1,0.4,0.4,0.4,1.02606422583753
"NSFG men, capped 25",3.31,10000,0.5,3.16227766016838,1,0.15,0.15,0.15,1.00196903594573
"NSFG men, capped 25",3.31,10000,0.5,10,1,0.05,0.05,0.05,1.00000200864388
"NSFG men, capped 25",3.31,10000,0.5,31.6227766016838,0,NA,NA,NA,1
"NSFG men, capped 25",3.31,10000,2,0.001,1,5.425,5.0125,5.75,9.04347433376945
"NSFG men, capped 25",3.31,10000,2,0.00316227766016838,1,3.45,3.4,3.55,6.38195888283575
"NSFG men, capped 25",3.31,10000,2,0.01,1,2.55,2.55,2.6,4.13109911048418
"NSFG men, capped 25",3.31,10000,2,0.0316227766016838,1,2,2,2.05,2.63349791853604
"NSFG men, capped 25",3.31,10000,2,0.1,1,1.55,1.5,1.55,1.73012445561876
"NSFG men, capped 25",3.31,10000,2,0.316227766016838,1,1,1,1,1.25974821909353
"NSFG men, capped 25",3.31,10000,2,1,1,0.55,0.55,0.55,1.06122391828465
"NSFG men, capped 25",3.31,10000,2,3.16227766016838,1,0.2,0.2,0.2,1.00470364582647
"NSFG men, capped 25",3.31,10000,2,10,1,0.1,0.1,0.1,1.00000458376672
"NSFG men, capped 25",3.31,10000,2,31.6227766016838,0,NA,NA,NA,1
"NSFG men, capped 25",3.31,1e+05,0.5,0.001,1,5.2,5.1125,5.25,5.46159467673599
"NSFG men, capped 25",3.31,1e+05,0.5,0.00316227766016838,1,3.35,3.3,3.35,3.93538035788961
"NSFG men, capped 25",3.31,1e+05,0.5,0.01,1,2.45,2.45,2.45,2.65972796174084
"NSFG men, capped 25",3.31,1e+05,0.5,0.0316227766016838,1,1.85,1.85,1.85,1.82199947735102
"NSFG men, capped 25",3.31,1e+05,0.5,0.1,1,1.35,1.35,1.35,1.34714662874478
"NSFG men, capped 25",3.31,1e+05,0.5,0.316227766016838,1,0.85,0.8,0.85,1.11564358325323
"NSFG men, capped 25",3.31,1e+05,0.5,1,1,0.4,0.4,0.4,1.02609620789402
"NSFG men, capped 25",3.31,1e+05,0.5,3.16227766016838,1,0.15,0.15,0.15,1.00197146433449
"NSFG men, capped 25",3.31,1e+05,0.5,10,1,0.05,0.05,0.05,1.000002011219
"NSFG men, capped 25",3.31,1e+05,0.5,31.6227766016838,0,NA,NA,NA,1
"NSFG men, capped 25",3.31,1e+05,2,0.001,1,5.4,5.3,5.4875,9.04991282004593
"NSFG men, capped 25",3.31,1e+05,2,0.00316227766016838,1,3.45,3.45,3.5,6.40473470962992
"NSFG men, capped 25",3.31,1e+05,2,0.01,1,2.55,2.55,2.55,4.13687601812031
"NSFG men, capped 25",3.31,1e+05,2,0.0316227766016838,1,2,2,2,2.62421227965952
"NSFG men, capped 25",3.31,1e+05,2,0.1,1,1.55,1.5,1.55,1.72943623995227
"NSFG men, capped 25",3.31,1e+05,2,0.316227766016838,1,1,1,1,1.2593777469618
"NSFG men, capped 25",3.31,1e+05,2,1,1,0.55,0.55,0.55,1.06122720791265
"NSFG men, capped 25",3.31,1e+05,2,3.16227766016838,1,0.2,0.2,0.2,1.00470705855816
"NSFG men, capped 25",3.31,1e+05,2,10,1,0.1,0.1,0.1,1.00000458842999
"NSFG men, capped 25",3.31,1e+05,2,31.6227766016838,0,NA,NA,NA,1
"power a=2.8",2.8,100,0.5,0.001,1,10,10,10,4.36959570359532
"power a=2.8",2.8,100,0.5,0.00316227766016838,1,10,10,10,3.9565000127989
"power a=2.8",2.8,100,0.5,0.01,1,4.4,3.95,5.325,3.16576671957229
"power a=2.8",2.8,100,0.5,0.0316227766016838,1,2.525,2.2,2.8875,2.28838098667861
"power a=2.8",2.8,100,0.5,0.1,1,1.55,1.3625,1.7875,1.55092196213228
"power a=2.8",2.8,100,0.5,0.316227766016838,1,0.9,0.8125,0.9875,1.18259714927043
"power a=2.8",2.8,100,0.5,1,1,0.4,0.4,0.45,1.04087777806052
"power a=2.8",2.8,100,0.5,3.16227766016838,1,0.15,0.15,0.15,1.00307714332427
"power a=2.8",2.8,100,0.5,10,1,0.05,0.05,0.05,1.00000312788656
"power a=2.8",2.8,100,0.5,31.6227766016838,0,NA,NA,NA,1
"power a=2.8",2.8,100,2,0.001,1,10,10,10,6.67828829214689
"power a=2.8",2.8,100,2,0.00316227766016838,1,10,10,10,6.03562022295241
"power a=2.8",2.8,100,2,0.01,1,4.875,4.25,6,4.68499007974707
"power a=2.8",2.8,100,2,0.0316227766016838,1,2.75,2.3625,3.2375,3.2766061516924
"power a=2.8",2.8,100,2,0.1,1,1.75,1.5125,2.0375,2.04689443716295
"power a=2.8",2.8,100,2,0.316227766016838,1,1.05,0.95,1.2375,1.3744377276963
"power a=2.8",2.8,100,2,1,1,0.55,0.5,0.6,1.08716328111641
"power a=2.8",2.8,100,2,3.16227766016838,1,0.2,0.2,0.25,1.00671143820297
"power a=2.8",2.8,100,2,10,1,0.1,0.1,0.1,1.00000660469529
"power a=2.8",2.8,100,2,31.6227766016838,0,NA,NA,NA,1
"power a=2.8",2.8,1000,0.5,0.001,1,5.15,4.425,6.0875,9.98368039379906
"power a=2.8",2.8,1000,0.5,0.00316227766016838,1,3,2.525,3.3,6.75127391185474
"power a=2.8",2.8,1000,0.5,0.01,1,2.1,1.8625,2.35,4.09610065640628
"power a=2.8",2.8,1000,0.5,0.0316227766016838,1,1.6,1.45,1.7875,2.48315228429224
"power a=2.8",2.8,1000,0.5,0.1,1,1.2,1.1,1.3,1.62770276312298
"power a=2.8",2.8,1000,0.5,0.316227766016838,1,0.8,0.75,0.8,1.2203549479812
"power a=2.8",2.8,1000,0.5,1,1,0.4,0.4,0.4,1.05096775722334
"power a=2.8",2.8,1000,0.5,3.16227766016838,1,0.15,0.15,0.15,1.00384478056364
"power a=2.8",2.8,1000,0.5,10,1,0.05,0.05,0.05,1.00000390690575
"power a=2.8",2.8,1000,0.5,31.6227766016838,0,NA,NA,NA,1
"power a=2.8",2.8,1000,2,0.001,1,5.325,4.575,6.225,15.8560754926384
"power a=2.8",2.8,1000,2,0.00316227766016838,1,3.05,2.5625,3.3875,10.6216589699853
"power a=2.8",2.8,1000,2,0.01,1,2.175,1.9125,2.4,6.25186395488446
"power a=2.8",2.8,1000,2,0.0316227766016838,1,1.7,1.55,1.8875,3.59882927451203
"power a=2.8",2.8,1000,2,0.1,1,1.325,1.25,1.45,2.12328283104643
"power a=2.8",2.8,1000,2,0.316227766016838,1,0.95,0.9,0.95,1.417651638079
"power a=2.8",2.8,1000,2,1,1,0.5,0.5,0.55,1.10331402708687
"power a=2.8",2.8,1000,2,3.16227766016838,1,0.2,0.2,0.2,1.00803268521269
"power a=2.8",2.8,1000,2,10,1,0.1,0.1,0.1,1.00000793451866
"power a=2.8",2.8,1000,2,31.6227766016838,0,NA,NA,NA,1
"power a=2.8",2.8,10000,0.5,0.001,1,2.25,2.0125,2.6,15.0577554260976
"power a=2.8",2.8,10000,0.5,0.00316227766016838,1,1.875,1.7,2.15,7.57075532107383
"power a=2.8",2.8,10000,0.5,0.01,1,1.625,1.55,1.8,4.26900654505183
"power a=2.8",2.8,10000,0.5,0.0316227766016838,1,1.4,1.3,1.5,2.53433698280742
"power a=2.8",2.8,10000,0.5,0.1,1,1.1,1.05,1.15,1.65357855143472
"power a=2.8",2.8,10000,0.5,0.316227766016838,1,0.75,0.75,0.8,1.22890965327425
"power a=2.8",2.8,10000,0.5,1,1,0.4,0.4,0.4,1.05358220733795
"power a=2.8",2.8,10000,0.5,3.16227766016838,1,0.15,0.15,0.15,1.00405920699115
"power a=2.8",2.8,10000,0.5,10,1,0.05,0.05,0.05,1.00000412108165
"power a=2.8",2.8,10000,0.5,31.6227766016838,0,NA,NA,NA,1
"power a=2.8",2.8,10000,2,0.001,1,2.25,2.05,2.6,24.1597958946844
"power a=2.8",2.8,10000,2,0.00316227766016838,1,1.9,1.75,2.1875,11.9231467961732
"power a=2.8",2.8,10000,2,0.01,1,1.675,1.6,1.85,6.50297333007506
"power a=2.8",2.8,10000,2,0.0316227766016838,1,1.45,1.4,1.5875,3.64384429097168
"power a=2.8",2.8,10000,2,0.1,1,1.225,1.15,1.2875,2.17722950605141
"power a=2.8",2.8,10000,2,0.316227766016838,1,0.9,0.85,0.9,1.43059251186052
"power a=2.8",2.8,10000,2,1,1,0.5,0.5,0.5,1.10630005036031
"power a=2.8",2.8,10000,2,3.16227766016838,1,0.2,0.2,0.2,1.00828918577103
"power a=2.8",2.8,10000,2,10,1,0.1,0.1,0.1,1.00000820913267
"power a=2.8",2.8,10000,2,31.6227766016838,0,NA,NA,NA,1
"power a=2.8",2.8,1e+05,0.5,0.001,1,1.875,1.7,2,13.3741506413356
"power a=2.8",2.8,1e+05,0.5,0.00316227766016838,1,1.75,1.6,1.8,7.34148702080091
"power a=2.8",2.8,1e+05,0.5,0.01,1,1.55,1.4625,1.6,4.12101256670769
"power a=2.8",2.8,1e+05,0.5,0.0316227766016838,1,1.35,1.3,1.4,2.50113448400893
"power a=2.8",2.8,1e+05,0.5,0.1,1,1.1,1.05,1.1,1.65269583652474
"power a=2.8",2.8,1e+05,0.5,0.316227766016838,1,0.75,0.75,0.75,1.23055137577141
"power a=2.8",2.8,1e+05,0.5,1,1,0.4,0.4,0.4,1.05404057443513
"power a=2.8",2.8,1e+05,0.5,3.16227766016838,1,0.15,0.15,0.15,1.00409559061186
"power a=2.8",2.8,1e+05,0.5,10,1,0.05,0.05,0.05,1.00000415764137
"power a=2.8",2.8,1e+05,0.5,31.6227766016838,0,NA,NA,NA,1
"power a=2.8",2.8,1e+05,2,0.001,1,1.9,1.7,2.0375,21.4021860638285
"power a=2.8",2.8,1e+05,2,0.00316227766016838,1,1.75,1.6,1.8375,11.5509110298265
"power a=2.8",2.8,1e+05,2,0.01,1,1.6,1.4625,1.65,6.25520027056627
"power a=2.8",2.8,1e+05,2,0.0316227766016838,1,1.4,1.35,1.45,3.58947479673592
"power a=2.8",2.8,1e+05,2,0.1,1,1.2,1.15,1.2,2.16570200354214
"power a=2.8",2.8,1e+05,2,0.316227766016838,1,0.9,0.9,0.9,1.43353827260788
"power a=2.8",2.8,1e+05,2,1,1,0.5,0.5,0.5,1.10678879163035
"power a=2.8",2.8,1e+05,2,3.16227766016838,1,0.2,0.2,0.2,1.00833333124199
"power a=2.8",2.8,1e+05,2,10,1,0.1,0.1,0.1,1.00000825562957
"power a=2.8",2.8,1e+05,2,31.6227766016838,0,NA,NA,NA,1
"power a=3.31",3.31,100,0.5,0.001,1,10,10,10,3.06423640346653
"power a=3.31",3.31,100,0.5,0.00316227766016838,1,10,9.9125,10,2.81910997976397
"power a=3.31",3.31,100,0.5,0.01,1,4.75,4,5.9875,2.25121468419445
"power a=3.31",3.31,100,0.5,0.0316227766016838,1,2.625,2.25,3.05,1.65819767446763
"power a=3.31",3.31,100,0.5,0.1,1,1.6,1.4125,1.8375,1.25872182148007
"power a=3.31",3.31,100,0.5,0.316227766016838,1,0.9,0.85,0.95,1.08359023289056
"power a=3.31",3.31,100,0.5,1,1,0.4,0.4,0.4,1.01869334740157
"power a=3.31",3.31,100,0.5,3.16227766016838,1,0.15,0.15,0.15,1.00141174407783
"power a=3.31",3.31,100,0.5,10,1,0.05,0.05,0.05,1.00000144183775
"power a=3.31",3.31,100,0.5,31.6227766016838,0,NA,NA,NA,1
"power a=3.31",3.31,100,2,0.001,1,10,10,10,4.68694419460277
"power a=3.31",3.31,100,2,0.00316227766016838,1,10,10,10,4.27481343263592
"power a=3.31",3.31,100,2,0.01,1,5.55,4.6625,7.175,3.39351429364301
"power a=3.31",3.31,100,2,0.0316227766016838,1,2.95,2.5,3.5375,2.36839479649975
"power a=3.31",3.31,100,2,0.1,1,1.9,1.6,2.2,1.5782634766352
"power a=3.31",3.31,100,2,0.316227766016838,1,1.15,1.05,1.25,1.19717322391813
"power a=3.31",3.31,100,2,1,1,0.55,0.55,0.6,1.0469850488788
"power a=3.31",3.31,100,2,3.16227766016838,1,0.2,0.2,0.2,1.00360640766696
"power a=3.31",3.31,100,2,10,1,0.1,0.1,0.1,1.00000347209984
"power a=3.31",3.31,100,2,31.6227766016838,0,NA,NA,NA,1
"power a=3.31",3.31,1000,0.5,0.001,1,5.475,4.7625,7.1875,4.64409455213633
"power a=3.31",3.31,1000,0.5,0.00316227766016838,1,3.25,2.9125,3.8875,3.29485479560616
"power a=3.31",3.31,1000,0.5,0.01,1,2.45,2.1625,2.8625,2.25878200011458
"power a=3.31",3.31,1000,0.5,0.0316227766016838,1,1.85,1.7,2.1,1.61618982972209
"power a=3.31",3.31,1000,0.5,0.1,1,1.35,1.2625,1.45,1.25938705653288
"power a=3.31",3.31,1000,0.5,0.316227766016838,1,0.85,0.8,0.85,1.08695142924595
"power a=3.31",3.31,1000,0.5,1,1,0.4,0.4,0.4,1.01966799649276
"power a=3.31",3.31,1000,0.5,3.16227766016838,1,0.15,0.15,0.15,1.00148397677452
"power a=3.31",3.31,1000,0.5,10,1,0.05,0.05,0.05,1.00000151385862
"power a=3.31",3.31,1000,0.5,31.6227766016838,0,NA,NA,NA,1
"power a=3.31",3.31,1000,2,0.001,1,5.7,5.075,7.525,7.68254566709661
"power a=3.31",3.31,1000,2,0.00316227766016838,1,3.4,3.0125,4.0375,5.31395075540628
"power a=3.31",3.31,1000,2,0.01,1,2.575,2.3,3.0125,3.43767562042281
"power a=3.31",3.31,1000,2,0.0316227766016838,1,2.025,1.8625,2.3375,2.25831299109873
"power a=3.31",3.31,1000,2,0.1,1,1.55,1.4125,1.7,1.55963316440888
"power a=3.31",3.31,1000,2,0.316227766016838,1,1.05,1,1.1,1.20119961769315
"power a=3.31",3.31,1000,2,1,1,0.55,0.55,0.55,1.04800600430313
"power a=3.31",3.31,1000,2,3.16227766016838,1,0.2,0.2,0.2,1.00369019845444
"power a=3.31",3.31,1000,2,10,1,0.1,0.1,0.1,1.0000035732203
"power a=3.31",3.31,1000,2,31.6227766016838,0,NA,NA,NA,1
"power a=3.31",3.31,10000,0.5,0.001,1,2.65,2.375,3.15,5.70732132180898
"power a=3.31",3.31,10000,0.5,0.00316227766016838,1,2.25,2.1,2.5375,3.55328897573806
"power a=3.31",3.31,10000,0.5,0.01,1,2,1.8125,2.1,2.32838134508717
"power a=3.31",3.31,10000,0.5,0.0316227766016838,1,1.65,1.55,1.7,1.64838876062196
"power a=3.31",3.31,10000,0.5,0.1,1,1.25,1.2,1.3,1.28089023075358
"power a=3.31",3.31,10000,0.5,0.316227766016838,1,0.8,0.8,0.8,1.09744505458259
"power a=3.31",3.31,10000,0.5,1,1,0.4,0.4,0.4,1.02227739725347
"power a=3.31",3.31,10000,0.5,3.16227766016838,1,0.15,0.15,0.15,1.00168250156187
"power a=3.31",3.31,10000,0.5,10,1,0.05,0.05,0.05,1.00000171382919
"power a=3.31",3.31,10000,0.5,31.6227766016838,0,NA,NA,NA,1
"power a=3.31",3.31,10000,2,0.001,1,2.7,2.425,3.2,9.60941792030295
"power a=3.31",3.31,10000,2,0.00316227766016838,1,2.35,2.1625,2.6,5.76844971736279
"power a=3.31",3.31,10000,2,0.01,1,2.1,1.9125,2.25,3.5467678434877
"power a=3.31",3.31,10000,2,0.0316227766016838,1,1.775,1.65,1.85,2.28973146227356
"power a=3.31",3.31,10000,2,0.1,1,1.4,1.35,1.45,1.58644119995496
"power a=3.31",3.31,10000,2,0.316227766016838,1,1,0.95,1,1.21762223406628
"power a=3.31",3.31,10000,2,1,1,0.55,0.55,0.55,1.05279741261683
"power a=3.31",3.31,10000,2,3.16227766016838,1,0.2,0.2,0.2,1.00407722378074
"power a=3.31",3.31,10000,2,10,1,0.1,0.1,0.1,1.00000395814461
"power a=3.31",3.31,10000,2,31.6227766016838,0,NA,NA,NA,1
"power a=3.31",3.31,1e+05,0.5,0.001,1,2.3,2.2,2.45,5.23285691978236
"power a=3.31",3.31,1e+05,0.5,0.00316227766016838,1,2.1,2,2.1875,3.28783765019373
"power a=3.31",3.31,1e+05,0.5,0.01,1,1.85,1.8,1.9,2.22597520783626
"power a=3.31",3.31,1e+05,0.5,0.0316227766016838,1,1.6,1.5,1.6,1.61870271507585
"power a=3.31",3.31,1e+05,0.5,0.1,1,1.25,1.2,1.25,1.27418238774655
"power a=3.31",3.31,1e+05,0.5,0.316227766016838,1,0.8,0.8,0.8,1.09638470393655
"power a=3.31",3.31,1e+05,0.5,1,1,0.4,0.4,0.4,1.02218852547017
"power a=3.31",3.31,1e+05,0.5,3.16227766016838,1,0.15,0.15,0.15,1.00167699683418
"power a=3.31",3.31,1e+05,0.5,10,1,0.05,0.05,0.05,1.00000170778209
"power a=3.31",3.31,1e+05,0.5,31.6227766016838,0,NA,NA,NA,1
"power a=3.31",3.31,1e+05,2,0.001,1,2.35,2.25,2.5,8.77664730769949
"power a=3.31",3.31,1e+05,2,0.00316227766016838,1,2.15,2.05,2.25,5.28158575188976
"power a=3.31",3.31,1e+05,2,0.01,1,1.95,1.85,2,3.35723257328944
"power a=3.31",3.31,1e+05,2,0.0316227766016838,1,1.7,1.65,1.75,2.23054376111322
"power a=3.31",3.31,1e+05,2,0.1,1,1.4,1.35,1.4,1.57428152870282
"power a=3.31",3.31,1e+05,2,0.316227766016838,1,1,0.9625,1,1.21502083657761
"power a=3.31",3.31,1e+05,2,1,1,0.55,0.55,0.55,1.05232159014817
"power a=3.31",3.31,1e+05,2,3.16227766016838,1,0.2,0.2,0.2,1.00404849934588
"power a=3.31",3.31,1e+05,2,10,1,0.1,0.1,0.1,1.00000393317753
"power a=3.31",3.31,1e+05,2,31.6227766016838,0,NA,NA,NA,1
"power a=4",4,100,0.5,0.001,1,10,10,10,2.1100032203771
"power a=4",4,100,0.5,0.00316227766016838,1,10,9.1,10,1.94157681504363
"power a=4",4,100,0.5,0.01,1,4.725,4.1125,5.9,1.62695877161427
"power a=4",4,100,0.5,0.0316227766016838,1,2.85,2.5625,3.2875,1.30265713032892
"power a=4",4,100,0.5,0.1,1,1.75,1.6125,1.8875,1.11297417125148
"power a=4",4,100,0.5,0.316227766016838,1,0.95,0.9,0.95,1.03456428873786
"power a=4",4,100,0.5,1,1,0.4,0.4,0.4,1.00752834998044
"power a=4",4,100,0.5,3.16227766016838,1,0.15,0.15,0.15,1.00056783983378
"power a=4",4,100,0.5,10,1,0.05,0.05,0.05,1.000000581647
"power a=4",4,100,0.5,31.6227766016838,0,NA,NA,NA,1
"power a=4",4,100,2,0.001,1,10,10,10,3.16146978993553
"power a=4",4,100,2,0.00316227766016838,1,10,10,10,2.90831295899202
"power a=4",4,100,2,0.01,1,5.825,4.9625,7.5875,2.37015619226282
"power a=4",4,100,2,0.0316227766016838,1,3.4,2.95,3.975,1.73023316921089
"power a=4",4,100,2,0.1,1,2.125,1.9125,2.4375,1.28740474559596
"power a=4",4,100,2,0.316227766016838,1,1.25,1.15,1.3375,1.09476167867144
"power a=4",4,100,2,1,1,0.6,0.55,0.6,1.02168640028324
"power a=4",4,100,2,3.16227766016838,1,0.2,0.2,0.2,1.00164984141747
"power a=4",4,100,2,10,1,0.1,0.05,0.1,1.00000155774237
"power a=4",4,100,2,31.6227766016838,0,NA,NA,NA,1
"power a=4",4,1000,0.5,0.001,1,5.475,4.9125,6.35,3.03487861552746
"power a=4",4,1000,0.5,0.00316227766016838,1,3.75,3.2625,4.05,2.28515618229996
"power a=4",4,1000,0.5,0.01,1,2.75,2.45,3.05,1.67672302229267
"power a=4",4,1000,0.5,0.0316227766016838,1,2.05,1.85,2.25,1.30246866155626
"power a=4",4,1000,0.5,0.1,1,1.45,1.3125,1.55,1.12303443507397
"power a=4",4,1000,0.5,0.316227766016838,1,0.85,0.8,0.9,1.04029838705453
"power a=4",4,1000,0.5,1,1,0.4,0.4,0.4,1.00891916923559
"power a=4",4,1000,0.5,3.16227766016838,1,0.15,0.15,0.15,1.00067217197446
"power a=4",4,1000,0.5,10,1,0.05,0.05,0.05,1.00000068734959
"power a=4",4,1000,0.5,31.6227766016838,0,NA,NA,NA,1
"power a=4",4,1000,2,0.001,1,6.1,5.3625,6.8875,5.05017749265752
"power a=4",4,1000,2,0.00316227766016838,1,4,3.4625,4.4375,3.59890458018211
"power a=4",4,1000,2,0.01,1,2.975,2.65,3.3,2.45078992166556
"power a=4",4,1000,2,0.0316227766016838,1,2.275,2.0625,2.5375,1.67506870774922
"power a=4",4,1000,2,0.1,1,1.7,1.55,1.8,1.29407549718119
"power a=4",4,1000,2,0.316227766016838,1,1.1,1.05,1.15,1.10496406128309
"power a=4",4,1000,2,1,1,0.55,0.55,0.55,1.02449290055713
"power a=4",4,1000,2,3.16227766016838,1,0.2,0.2,0.2,1.0018681142666
"power a=4",4,1000,2,10,1,0.1,0.1,0.1,1.00000177863205
"power a=4",4,1000,2,31.6227766016838,0,NA,NA,NA,1
"power a=4",4,10000,0.5,0.001,1,3.15,2.85,3.3875,2.96434543920463
"power a=4",4,10000,0.5,0.00316227766016838,1,2.6,2.5,2.8375,2.03810288801227
"power a=4",4,10000,0.5,0.01,1,2.25,2.1,2.3875,1.54366657576291
"power a=4",4,10000,0.5,0.0316227766016838,1,1.8,1.75,1.9,1.26963558502109
"power a=4",4,10000,0.5,0.1,1,1.35,1.3,1.4,1.11590242354556
"power a=4",4,10000,0.5,0.316227766016838,1,0.85,0.85,0.85,1.03951619697218
"power a=4",4,10000,0.5,1,1,0.4,0.4,0.4,1.00889391885368
"power a=4",4,10000,0.5,3.16227766016838,1,0.15,0.15,0.15,1.00067060790456
"power a=4",4,10000,0.5,10,1,0.05,0.05,0.05,1.00000068425227
"power a=4",4,10000,0.5,31.6227766016838,0,NA,NA,NA,1
"power a=4",4,10000,2,0.001,1,3.25,2.95,3.5375,4.92094798052368
"power a=4",4,10000,2,0.00316227766016838,1,2.725,2.6125,2.9875,3.13903657740011
"power a=4",4,10000,2,0.01,1,2.4,2.2625,2.5875,2.16010076114461
"power a=4",4,10000,2,0.0316227766016838,1,2,1.95,2.15,1.60538525197252
"power a=4",4,10000,2,0.1,1,1.6,1.55,1.65,1.27833158942284
"power a=4",4,10000,2,0.316227766016838,1,1.05,1.05,1.1,1.1008075488351
"power a=4",4,10000,2,1,1,0.55,0.55,0.55,1.02402162528003
"power a=4",4,10000,2,3.16227766016838,1,0.2,0.2,0.2,1.00184373819602
"power a=4",4,10000,2,10,1,0.1,0.1,0.1,1.00000175522178
"power a=4",4,10000,2,31.6227766016838,0,NA,NA,NA,1
"power a=4",4,1e+05,0.5,0.001,1,2.8,2.65,3.05,2.61601526995801
"power a=4",4,1e+05,0.5,0.00316227766016838,1,2.5,2.4,2.65,1.92059993291732
"power a=4",4,1e+05,0.5,0.01,1,2.2,2.1125,2.2875,1.50935962606193
"power a=4",4,1e+05,0.5,0.0316227766016838,1,1.8,1.7625,1.85,1.26160662647188
"power a=4",4,1e+05,0.5,0.1,1,1.35,1.35,1.4,1.11534261248575
"power a=4",4,1e+05,0.5,0.316227766016838,1,0.85,0.85,0.85,1.0391413624426
"power a=4",4,1e+05,0.5,1,1,0.4,0.4,0.4,1.00875945563738
"power a=4",4,1e+05,0.5,3.16227766016838,1,0.15,0.15,0.15,1.00065977277864
"power a=4",4,1e+05,0.5,10,1,0.05,0.05,0.05,1.00000067365395
"power a=4",4,1e+05,0.5,31.6227766016838,0,NA,NA,NA,1
"power a=4",4,1e+05,2,0.001,1,2.9,2.75,3.15,4.25732375019532
"power a=4",4,1e+05,2,0.00316227766016838,1,2.65,2.55,2.8,2.90924610708057
"power a=4",4,1e+05,2,0.01,1,2.35,2.2625,2.45,2.09491276359253
"power a=4",4,1e+05,2,0.0316227766016838,1,2.05,2,2.0875,1.58882571826375
"power a=4",4,1e+05,2,0.1,1,1.6,1.6,1.65,1.27467764250496
"power a=4",4,1e+05,2,0.316227766016838,1,1.1,1.05,1.1,1.10069623104506
"power a=4",4,1e+05,2,1,1,0.55,0.55,0.55,1.02388047491493
"power a=4",4,1e+05,2,3.16227766016838,1,0.2,0.2,0.2,1.00182865315638
"power a=4",4,1e+05,2,10,1,0.1,0.1,0.1,1.00000173919631
"power a=4",4,1e+05,2,31.6227766016838,0,NA,NA,NA,1
