"dist","a","gamma","theta_fit","theta_theory"
"NSFG men 25-44",3.31,0,0,0
"NSFG men 25-44",3.31,0.05,5.10454006414886e-05,0
"NSFG men 25-44",3.31,0.1,0.000121365298855946,0
"NSFG men 25-44",3.31,0.15,0.000218930400205042,0
"NSFG men 25-44",3.31,0.2,0.000354618581684142,0
"NSFG men 25-44",3.31,0.25,0.000542904345312838,0
"NSFG men 25-44",3.31,0.3,0.000802591648360715,0
"NSFG men 25-44",3.31,0.35,0.00115756973230576,0
"NSFG men 25-44",3.31,0.4,0.00163755018108909,0
"NSFG men 25-44",3.31,0.45,0.00227872259158363,0
"NSFG men 25-44",3.31,0.5,0.00312424580907878,0
"NSFG men 25-44",3.31,0.55,0.00422446556806145,0
"NSFG men 25-44",3.31,0.6,0.00563672744630075,0
"NSFG men 25-44",3.31,0.65,0.00742466384079722,0
"NSFG men 25-44",3.31,0.7,0.00965689167357511,0
"NSFG men 25-44",3.31,0.75,0.0124051434218036,0
"NSFG men 25-44",3.31,0.8,0.0157419236414432,0
"NSFG men 25-44",3.31,0.85,0.0197378119299663,0
"NSFG men 25-44",3.31,0.9,0.0244585419013043,0
"NSFG men 25-44",3.31,0.95,0.0299620110671575,0
"NSFG men 25-44",3.31,1,0.0362954223209407,0
"NSFG men 25-44",3.31,1.05,0.0434927902314402,0
"NSFG men 25-44",3.31,1.1,0.05157303157997,0
"NSFG men 25-44",3.31,1.15,0.0605387921648742,0
"NSFG men 25-44",3.31,1.2,0.0703760546394172,0
"NSFG men 25-44",3.31,1.25,0.0810544544952633,0
"NSFG men 25-44",3.31,1.3,0.0925281431597517,0
"NSFG men 25-44",3.31,1.35,0.104737005518899,0.0173160173160173
"NSFG men 25-44",3.31,1.4,0.117608059152216,0.038961038961039
"NSFG men 25-44",3.31,1.45,0.131056912462386,0.0606060606060607
"NSFG men 25-44",3.31,1.5,0.144989225123419,0.0822510822510822
"NSFG men 25-44",3.31,1.55,0.159302190237356,0.103896103896104
"NSFG men 25-44",3.31,1.6,0.173886124383981,0.125541125541126
"NSFG men 25-44",3.31,1.65,0.188626277018848,0.147186147186147
"NSFG men 25-44",3.31,1.7,0.203404936591942,0.168831168831169
"NSFG men 25-44",3.31,1.75,0.218103838411778,0.19047619047619
"NSFG men 25-44",3.31,1.8,0.2326068145982,0.212121212121212
"NSFG men 25-44",3.31,1.85,0.24680259584738,0.233766233766234
"NSFG men 25-44",3.31,1.9,0.26058765941929,0.255411255411255
"NSFG men 25-44",3.31,1.95,0.273868983303546,0.277056277056277
"NSFG men 25-44",3.31,2,0.286566513024643,0.298701298701299
"NSFG men 25-44",3.31,2.05,0.298615114132618,0.32034632034632
"NSFG men 25-44",3.31,2.1,0.309965806112407,0.341991341991342
"NSFG men 25-44",3.31,2.15,0.32058615383955,0.363636363636364
"NSFG men 25-44",3.31,2.2,0.330459804020406,0.385281385281385
"NSFG men 25-44",3.31,2.25,0.339585262698756,0.406926406926407
"NSFG men 25-44",3.31,2.3,0.347974090312576,0.428571428571429
"NSFG men 25-44",3.31,2.35,0.355648730626247,0.432900432900433
"NSFG men 25-44",3.31,2.4,0.362640189762552,0.432900432900433
"NSFG men 25-44",3.31,2.45,0.368985751331813,0.432900432900433
"NSFG men 25-44",3.31,2.5,0.37472686691512,0.432900432900433
"NSFG men 25-44",3.31,2.55,0.379907310529301,0.432900432900433
"NSFG men 25-44",3.31,2.6,0.384571640118253,0.432900432900433
"NSFG men 25-44",3.31,2.65,0.388763973258784,0.432900432900433
"NSFG men 25-44",3.31,2.7,0.39252705934644,0.432900432900433
"NSFG men 25-44",3.31,2.75,0.395901615537409,0.432900432900433
"NSFG men 25-44",3.31,2.8,0.398925886626594,0.432900432900433
"NSFG men 25-44",3.31,2.85,0.40163538758427,0.432900432900433
"NSFG men 25-44",3.31,2.9,0.404062789643577,0.432900432900433
"NSFG men 25-44",3.31,2.95,0.406237915045487,0.432900432900433
"NSFG men 25-44",3.31,3,0.408187810669419,0.432900432900433
"NSFG men 25-44",3.31,3.05,0.409936876051734,0.432900432900433
"NSFG men 25-44",3.31,3.1,0.411507026263058,0.432900432900433
"NSFG men 25-44",3.31,3.15,0.412917874533897,0.432900432900433
"NSFG men 25-44",3.31,3.2,0.414186923285461,0.432900432900433
"NSFG men 25-44",3.31,3.25,0.415329755329709,0.432900432900433
"NSFG men 25-44",3.31,3.3,0.416360219493574,0.432900432900433
"NSFG men 25-44",3.31,3.35,0.417290606868599,0.432900432900433
"NSFG men 25-44",3.31,3.4,0.418131815370883,0.432900432900433
"NSFG men 25-44",3.31,3.45,0.418893501398702,0.432900432900433
"NSFG men 25-44",3.31,3.5,0.419584218171862,0.432900432900433
"NSFG men 25-44",3.31,3.55,0.420211540893549,0.432900432900433
"NSFG men 25-44",3.31,3.6,0.420782179248017,0.432900432900433
"NSFG men 25-44",3.31,3.65,0.421302077981553,0.432900432900433
"NSFG men 25-44",3.31,3.7,0.421776506446406,0.432900432900433
"NSFG men 25-44",3.31,3.75,0.42221013804653,0.432900432900433
"NSFG men 25-44",3.31,3.8,0.42260712053215,0.432900432900433
"NSFG men 25-44",3.31,3.85,0.422971138064113,0.432900432900433
"NSFG men 25-44",3.31,3.9,0.423305465921039,0.432900432900433
"NSFG men 25-44",3.31,3.95,0.423613018661609,0.432900432900433
"NSFG men 25-44",3.31,4,0.423896392487287,0.432900432900433
"NSFG men 25-44",3.31,4.05,0.42415790248189,0.432900432900433
"NSFG men 25-44",3.31,4.1,0.424399615336664,0.432900432900433
"NSFG men 25-44",3.31,4.15,0.424623378104934,0.432900432900433
"NSFG men 25-44",3.31,4.2,0.424830843469958,0.432900432900433
"NSFG men 25-44",3.31,4.25,0.425023491954119,0.432900432900433
"NSFG men 25-44",3.31,4.3,0.425202651447091,0.432900432900433
"NSFG men 25-44",3.31,4.35,0.425369514385208,0.432900432900433
"NSFG men 25-44",3.31,4.4,0.425525152873642,0.432900432900433
"NSFG men 25-44",3.31,4.45,0.42567053200694,0.432900432900433
"NSFG men 25-44",3.31,4.5,0.425806521611564,0.432900432900433
"NSFG men 25-44",3.31,4.55,0.425933906605965,0.432900432900433
"NSFG men 25-44",3.31,4.6,0.426053396149059,0.432900432900433
"NSFG men 25-44",3.31,4.65,0.42616563172632,0.432900432900433
"NSFG men 25-44",3.31,4.7,0.426271194303804,0.432900432900433
"NSFG men 25-44",3.31,4.75,0.426370610663875,0.432900432900433
"NSFG men 25-44",3.31,4.8,0.426464359022008,0.432900432900433
"NSFG men 25-44",3.31,4.85,0.42655287401146,0.432900432900433
"NSFG men 25-44",3.31,4.9,0.426636551111673,0.432900432900433
"NSFG men 25-44",3.31,4.95,0.426715750586707,0.432900432900433
"NSFG men 25-44",3.31,5,0.426790800991733,0.432900432900433
"NSFG men 25-44",3.31,5.05,0.426862002298349,0.432900432900433
"NSFG men 25-44",3.31,5.1,0.426929628683214,0.432900432900433
"NSFG men 25-44",3.31,5.15,0.426993931018984,0.432900432900433
"NSFG men 25-44",3.31,5.2,0.427055139101759,0.432900432900433
"NSFG men 25-44",3.31,5.25,0.42711346364509,0.432900432900433
"NSFG men 25-44",3.31,5.3,0.427169098066933,0.432900432900433
"NSFG men 25-44",3.31,5.35,0.427222220092777,0.432900432900433
"NSFG men 25-44",3.31,5.4,0.4272729931954,0.432900432900433
"NSFG men 25-44",3.31,5.45,0.427321567889254,0.432900432900433
"NSFG men 25-44",3.31,5.5,0.427368082895403,0.432900432900433
"NSFG men 25-44",3.31,5.55,0.427412666191023,0.432900432900433
"NSFG men 25-44",3.31,5.6,0.427455435955889,0.432900432900433
"NSFG men 25-44",3.31,5.65,0.427496501426833,0.432900432900433
"NSFG men 25-44",3.31,5.7,0.42753596366987,0.432900432900433
"NSFG men 25-44",3.31,5.75,0.427573916278646,0.432900432900433
"NSFG men 25-44",3.31,5.8,0.427610446006838,0.432900432900433
"NSFG men 25-44",3.31,5.85,0.427645633341304,0.432900432900433
"NSFG men 25-44",3.31,5.9,0.427679553022039,0.432900432900433
"NSFG men 25-44",3.31,5.95,0.427712274514308,0.432900432900433
"NSFG men 25-44",3.31,6,0.42774386243775,0.432900432900433
"NSFG men 25-44",3.31,6.05,0.42777437695674,0.432900432900433
"NSFG men 25-44",3.31,6.1,0.427803874135806,0.432900432900433
"NSFG men 25-44",3.31,6.15,0.427832406263545,0.432900432900433
"NSFG men 25-44",3.31,6.2,0.427860022148052,0.432900432900433
"NSFG men 25-44",3.31,6.25,0.427886767386632,0.432900432900433
"NSFG men 25-44",3.31,6.3,0.427912684612216,0.432900432900433
"NSFG men 25-44",3.31,6.35,0.4279378137187,0.432900432900433
"NSFG men 25-44",3.31,6.4,0.427962192067158,0.432900432900433
"NSFG men 25-44",3.31,6.45,0.427985854674733,0.432900432900433
"NSFG men 25-44",3.31,6.5,0.42800883438777,0.432900432900433
"NSFG men 25-44",3.31,6.55,0.428031162040645,0.432900432900433
"NSFG men 25-44",3.31,6.6,0.428052866601588,0.432900432900433
"NSFG men 25-44",3.31,6.65,0.428073975306657,0.432900432900433
"NSFG men 25-44",3.31,6.7,0.42809451378292,0.432900432900433
"NSFG men 25-44",3.31,6.75,0.428114506161804,0.432900432900433
"NSFG men 25-44",3.31,6.8,0.428133975183467,0.432900432900433
"NSFG men 25-44",3.31,6.85,0.428152942292974,0.432900432900433
"NSFG men 25-44",3.31,6.9,0.428171427728981,0.432900432900433
"NSFG men 25-44",3.31,6.95,0.428189450605579,0.432900432900433
"NSFG men 25-44",3.31,7,0.428207028987855,0.432900432900433
"NSFG men 25-44",3.31,7.05,0.428224179961726,0.432900432900433
"NSFG men 25-44",3.31,7.1,0.428240919698506,0.432900432900433
"NSFG men 25-44",3.31,7.15,0.428257263514644,0.432900432900433
"NSFG men 25-44",3.31,7.2,0.428273225927042,0.432900432900433
"NSFG men 25-44",3.31,7.25,0.428288820704299,0.432900432900433
"NSFG men 25-44",3.31,7.3,0.428304060914218,0.432900432900433
"NSFG men 25-44",3.31,7.35,0.428318958967876,0.432900432900433
"NSFG men 25-44",3.31,7.4,0.428333526660535,0.432900432900433
"NSFG men 25-44",3.31,7.45,0.428347775209631,0.432900432900433
"NSFG men 25-44",3.31,7.5,0.428361715290086,0.432900432900433
"NSFG men 25-44",3.31,7.55,0.428375357067143,0.432900432900433
"NSFG men 25-44",3.31,7.6,0.428388710226914,0.432900432900433
"NSFG men 25-44",3.31,7.65,0.42840178400483,0.432900432900433
"NSFG men 25-44",3.31,7.7,0.428414587212133,0.432900432900433
"NSFG men 25-44",3.31,7.75,0.428427128260577,0.432900432900433
"NSFG men 25-44",3.31,7.8,0.428439415185455,0.432900432900433
"NSFG men 25-44",3.31,7.85,0.428451455667101,0.432900432900433
"NSFG men 25-44",3.31,7.9,0.428463257050951,0.432900432900433
"NSFG men 25-44",3.31,7.95,0.428474826366294,0.432900432900433
"NSFG men 25-44",3.31,8,0.428486170343793,0.432900432900433
"NSFG men, capped 25",3.31,0,0,0
"NSFG men, capped 25",3.31,0.05,1.20484209428637e-07,0
"NSFG men, capped 25",3.31,0.1,1.87529306703117e-06,0
"NSFG men, capped 25",3.31,0.15,5.74306675798194e-06,0
"NSFG men, capped 25",3.31,0.2,1.22866430216053e-05,0
"NSFG men, capped 25",3.31,0.25,2.21590487297161e-05,0
"NSFG men, capped 25",3.31,0.3,3.61077430826878e-05,0
"NSFG men, capped 25",3.31,0.35,5.49765098465663e-05,0
"NSFG men, capped 25",3.31,0.4,7.97044026922893e-05,0
"NSFG men, capped 25",3.31,0.45,0.000111321202184644,0
"NSFG men, capped 25",3.31,0.5,0.000150938950338341,0
"NSFG men, capped 25",3.31,0.55,0.000199739288618309,0
"NSFG men, capped 25",3.31,0.6,0.00025895653107734,0
"NSFG men, capped 25",3.31,0.65,0.00032985664265392,0
"NSFG men, capped 25",3.31,0.7,0.000413712544479331,0
"NSFG men, capped 25",3.31,0.75,0.000511776410747799,0
"NSFG men, capped 25",3.31,0.8,0.000625249832074954,0
"NSFG men, capped 25",3.31,0.85,0.000755252877862419,0
"NSFG men, capped 25",3.31,0.9,0.000902793180486275,0
"NSFG men, capped 25",3.31,0.95,0.00106873618079604,0
"NSFG men, capped 25",3.31,1,0.00125377762015755,0
"NSFG men, capped 25",3.31,1.05,0.00145841925010466,0
"NSFG men, capped 25",3.31,1.1,0.00168294857368167,0
"NSFG men, capped 25",3.31,1.15,0.00192742325268564,0
"NSFG men, capped 25",3.31,1.2,0.00219166063140056,0
"NSFG men, capped 25",3.31,1.25,0.00247523265515356,0
"NSFG men, capped 25",3.31,1.3,0.0027774663099033,0
"NSFG men, capped 25",3.31,1.35,0.00309744957877861,0.0173160173160173
"NSFG men, capped 25",3.31,1.4,0.00343404279827161,0.038961038961039
"NSFG men, capped 25",3.31,1.45,0.00378589519164906,0.0606060606060607
"NSFG men, capped 25",3.31,1.5,0.00415146624972156,0.0822510822510822
"NSFG men, capped 25",3.31,1.55,0.00452905151104459,0.103896103896104
"NSFG men, capped 25",3.31,1.6,0.00491681216130372,0.125541125541126
"NSFG men, capped 25",3.31,1.65,0.0053128077279839,0.147186147186147
"NSFG men, capped 25",3.31,1.7,0.00571503100117062,0.168831168831169
"NSFG men, capped 25",3.31,1.75,0.00612144417973607,0.19047619047619
"NSFG men, capped 25",3.31,1.8,0.00653001514238445,0.212121212121212
"NSFG men, capped 25",3.31,1.85,0.0069387526927216,0.233766233766234
"NSFG men, capped 25",3.31,1.9,0.00734573964033669,0.255411255411255
"NSFG men, capped 25",3.31,1.95,0.0077491626626441,0.277056277056277
"NSFG men, capped 25",3.31,2,0.00814733804334152,0.298701298701299
"NSFG men, capped 25",3.31,2.05,0.0085387325926575,0.32034632034632
"NSFG men, capped 25",3.31,2.1,0.00892197930493044,0.341991341991342
"NSFG men, capped 25",3.31,2.15,0.00929588757876133,0.363636363636364
"NSFG men, capped 25",3.31,2.2,0.00965944809098568,0.385281385281385
"NSFG men, capped 25",3.31,2.25,0.0100118326566875,0.406926406926407
"NSFG men, capped 25",3.31,2.3,0.0103523896064333,0.428571428571429
"NSFG men, capped 25",3.31,2.35,0.0106806353577017,0.432900432900433
"NSFG men, capped 25",3.31,2.4,0.0109962429454655,0.432900432900433
"NSFG men, capped 25",3.31,2.45,0.0112990283084184,0.432900432900433
"NSFG men, capped 25",3.31,2.5,0.0115889351087025,0.432900432900433
"NSFG men, capped 25",3.31,2.55,0.011866018803802,0.432900432900433
"NSFG men, capped 25",3.31,2.6,0.0121304306008537,0.432900432900433
"NSFG men, capped 25",3.31,2.65,0.0123824018174854,0.432900432900433
"NSFG men, capped 25",3.31,2.7,0.0126222290599885,0.432900432900433
"NSFG men, capped 25",3.31,2.75,0.0128502605179507,0.432900432900433
"NSFG men, capped 25",3.31,2.8,0.0130668835710449,0.432900432900433
"NSFG men, capped 25",3.31,2.85,0.0132725138129682,0.432900432900433
"NSFG men, capped 25",3.31,2.9,0.0134675855219492,0.432900432900433
"NSFG men, capped 25",3.31,2.95,0.0136525435475451,0.432900432900433
"NSFG men, capped 25",3.31,3,0.0138278365391047,0.432900432900433
"NSFG men, capped 25",3.31,3.05,0.013993911410827,0.432900432900433
"NSFG men, capped 25",3.31,3.1,0.0141512089198993,0.432900432900433
"NSFG men, capped 25",3.31,3.15,0.0143001602255649,0.432900432900433
"NSFG men, capped 25",3.31,3.2,0.0144411842959905,0.432900432900433
"NSFG men, capped 25",3.31,3.25,0.0145746860344973,0.432900432900433
"NSFG men, capped 25",3.31,3.3,0.0147010550052942,0.432900432900433
"NSFG men, capped 25",3.31,3.35,0.0148206646498623,0.432900432900433
"NSFG men, capped 25",3.31,3.4,0.0149338718973966,0.432900432900433
"NSFG men, capped 25",3.31,3.45,0.0150410170853132,0.432900432900433
"NSFG men, capped 25",3.31,3.5,0.0151424241181421,0.432900432900433
"NSFG men, capped 25",3.31,3.55,0.0152384008046813,0.432900432900433
"NSFG men, capped 25",3.31,3.6,0.015329239323828,0.432900432900433
"NSFG men, capped 25",3.31,3.65,0.0154152167788859,0.432900432900433
"NSFG men, capped 25",3.31,3.7,0.0154965958083058,0.432900432900433
"NSFG men, capped 25",3.31,3.75,0.0155736252278049,0.432900432900433
"NSFG men, capped 25",3.31,3.8,0.0156465406846768,0.432900432900433
"NSFG men, capped 25",3.31,3.85,0.0157155653099488,0.432900432900433
"NSFG men, capped 25",3.31,3.9,0.015780910357991,0.432900432900433
"NSFG men, capped 25",3.31,3.95,0.0158427758263404,0.432900432900433
"NSFG men, capped 25",3.31,4,0.0159013510509819,0.432900432900433
"NSFG men, capped 25",3.31,4.05,0.0159568152742478,0.432900432900433
"NSFG men, capped 25",3.31,4.1,0.0160093381839551,0.432900432900433
"NSFG men, capped 25",3.31,4.15,0.0160590804234584,0.432900432900433
"NSFG men, capped 25",3.31,4.2,0.0161061940730663,0.432900432900433
"NSFG men, capped 25",3.31,4.25,0.0161508231037957,0.432900432900433
"NSFG men, capped 25",3.31,4.3,0.0161931038047657,0.432900432900433
"NSFG men, capped 25",3.31,4.35,0.0162331651857336,0.432900432900433
"NSFG men, capped 25",3.31,4.4,0.0162711293563593,0.432900432900433
"NSFG men, capped 25",3.31,4.45,0.0163071118837981,0.432900432900433
"NSFG men, capped 25",3.31,4.5,0.0163412221301772,0.432900432900433
"NSFG men, capped 25",3.31,4.55,0.0163735635714355,0.432900432900433
"NSFG men, capped 25",3.31,4.6,0.0164042340989057,0.432900432900433
"NSFG men, capped 25",3.31,4.65,0.0164333263049089,0.432900432900433
"NSFG men, capped 25",3.31,4.7,0.0164609277535172,0.432900432900433
"NSFG men, capped 25",3.31,4.75,0.0164871212375261,0.432900432900433
"NSFG men, capped 25",3.31,4.8,0.0165119850225766,0.432900432900433
"NSFG men, capped 25",3.31,4.85,0.01653559307926,0.432900432900433
"NSFG men, capped 25",3.31,4.9,0.0165580153039592,0.432900432900433
"NSFG men, capped 25",3.31,4.95,0.0165793177290856,0.432900432900433
"NSFG men, capped 25",3.31,5,0.0165995627233143,0.432900432900433
"NSFG men, capped 25",3.31,5.05,0.0166188091823464,0.432900432900433
"NSFG men, capped 25",3.31,5.1,0.0166371127106814,0.432900432900433
"NSFG men, capped 25",3.31,5.15,0.0166545257948321,0.432900432900433
"NSFG men, capped 25",3.31,5.2,0.0166710979683791,0.432900432900433
"NSFG men, capped 25",3.31,5.25,0.0166868759692269,0.432900432900433
"NSFG men, capped 25",3.31,5.3,0.0167019038893982,0.432900432900433
"NSFG men, capped 25",3.31,5.35,0.0167162233176766,0.432900432900433
"NSFG men, capped 25",3.31,5.4,0.0167298734753943,0.432900432900433
"NSFG men, capped 25",3.31,5.45,0.0167428913456418,0.432900432900433
"NSFG men, capped 25",3.31,5.5,0.0167553117961622,0.432900432900433
"NSFG men, capped 25",3.31,5.55,0.0167671676961839,0.432900432900433
"NSFG men, capped 25",3.31,5.6,0.0167784900274367,0.432900432900433
"NSFG men, capped 25",3.31,5.65,0.0167893079895849,0.432900432900433
"NSFG men, capped 25",3.31,5.7,0.016799649100305,0.432900432900433
"NSFG men, capped 25",3.31,5.75,0.0168095392902305,0.432900432900433
"NSFG men, capped 25",3.31,5.8,0.0168190029929756,0.432900432900433
"NSFG men, capped 25",3.31,5.85,0.0168280632304521,0.432900432900433
"NSFG men, capped 25",3.31,5.9,0.0168367416936776,0.432900432900433
"NSFG men, capped 25",3.31,5.95,0.016845058819276,0.432900432900433
"NSFG men, capped 25",3.31,6,0.0168530338618641,0.432900432900433
"NSFG men, capped 25",3.31,6.05,0.0168606849625064,0.432900432900433
"NSFG men, capped 25",3.31,6.1,0.0168680292134285,0.432900432900433
"NSFG men, capped 25",3.31,6.15,0.0168750827191567,0.432900432900433
"NSFG men, capped 25",3.31,6.2,0.0168818606542602,0.432900432900433
"NSFG men, capped 25",3.31,6.25,0.0168883773178615,0.432900432900433
"NSFG men, capped 25",3.31,6.3,0.0168946461850696,0.432900432900433
"NSFG men, capped 25",3.31,6.35,0.0169006799554987,0.432900432900433
"NSFG men, capped 25",3.31,6.4,0.0169064905990115,0.432900432900433
"NSFG men, capped 25",3.31,6.45,0.0169120893988374,0.432900432900433
"NSFG men, capped 25",3.31,6.5,0.0169174869922003,0.432900432900433
"NSFG men, capped 25",3.31,6.55,0.0169226934085874,0.432900432900433
"NSFG men, capped 25",3.31,6.6,0.0169277181057844,0.432900432900433
"NSFG men, capped 25",3.31,6.65,0.0169325700038011,0.432900432900433
"NSFG men, capped 25",3.31,6.7,0.0169372575168009,0.432900432900433
"NSFG men, capped 25",3.31,6.75,0.0169417885831433,0.432900432900433
"NSFG men, capped 25",3.31,6.8,0.0169461706936471,0.432900432900433
"NSFG men, capped 25",3.31,6.85,0.0169504109181724,0.432900432900433
"NSFG men, capped 25",3.31,6.9,0.0169545159306195,0.432900432900433
"NSFG men, capped 25",3.31,6.95,0.0169584920324287,0.432900432900433
"NSFG men, capped 25",3.31,7,0.0169623451746791,0.432900432900433
"NSFG men, capped 25",3.31,7.05,0.0169660809788518,0.432900432900433
"NSFG men, capped 25",3.31,7.1,0.016969704756352,0.432900432900433
"NSFG men, capped 25",3.31,7.15,0.0169732215268474,0.432900432900433
"NSFG men, capped 25",3.31,7.2,0.0169766360355065,0.432900432900433
"NSFG men, capped 25",3.31,7.25,0.0169799527691901,0.432900432900433
"NSFG men, capped 25",3.31,7.3,0.0169831759716673,0.432900432900433
"NSFG men, capped 25",3.31,7.35,0.0169863096579083,0.432900432900433
"NSFG men, capped 25",3.31,7.4,0.016989357627514,0.432900432900433
"NSFG men, capped 25",3.31,7.45,0.0169923234773297,0.432900432900433
"NSFG men, capped 25",3.31,7.5,0.0169952106132971,0.432900432900433
"NSFG men, capped 25",3.31,7.55,0.0169980222615859,0.432900432900433
"NSFG men, capped 25",3.31,7.6,0.0170007614790534,0.432900432900433
"NSFG men, capped 25",3.31,7.65,0.0170034311630702,0.432900432900433
"NSFG men, capped 25",3.31,7.7,0.0170060340607494,0.432900432900433
"NSFG men, capped 25",3.31,7.75,0.017008572777621,0.432900432900433
"NSFG men, capped 25",3.31,7.8,0.0170110497857793,0.432900432900433
"NSFG men, capped 25",3.31,7.85,0.01701346743154,0.432900432900433
"NSFG men, capped 25",3.31,7.9,0.017015827942635,0.432900432900433
"NSFG men, capped 25",3.31,7.95,0.0170181334349739,0.432900432900433
"NSFG men, capped 25",3.31,8,0.0170203859189998,0.432900432900433
"power a=2.8",2.8,0,0,0
"power a=2.8",2.8,0.05,0.000346772521474572,0
"power a=2.8",2.8,0.1,0.00085089965944651,0
"power a=2.8",2.8,0.15,0.00157670103340642,0
"power a=2.8",2.8,0.2,0.00260706639190486,0
"power a=2.8",2.8,0.25,0.00404535909941364,0
"power a=2.8",2.8,0.3,0.00601594076015286,0
"power a=2.8",2.8,0.35,0.00866248788049245,0
"power a=2.8",2.8,0.4,0.0121433842997328,0
"power a=2.8",2.8,0.45,0.0166239490367004,0
"power a=2.8",2.8,0.5,0.0222660601785496,0
"power a=2.8",2.8,0.55,0.0292165516581746,0
"power a=2.8",2.8,0.6,0.0375961924395103,0
"power a=2.8",2.8,0.65,0.047490940759601,0
"power a=2.8",2.8,0.7,0.0589466209014352,0
"power a=2.8",2.8,0.75,0.0719674106598242,0
"power a=2.8",2.8,0.8,0.0865177615725716,1.2335811384724e-16
"power a=2.8",2.8,0.85,0.102526800811636,0.0277777777777779
"power a=2.8",2.8,0.9,0.119894016453025,0.0555555555555556
"power a=2.8",2.8,0.95,0.138495112073639,0.0833333333333335
"power a=2.8",2.8,1,0.158187213058956,0.111111111111111
"power a=2.8",2.8,1.05,0.178812931286985,0.138888888888889
"power a=2.8",2.8,1.1,0.20020304050634,0.166666666666667
"power a=2.8",2.8,1.15,0.222177746830727,0.194444444444445
"power a=2.8",2.8,1.2,0.244546848437651,0.222222222222222
"power a=2.8",2.8,1.25,0.267109426960002,0.25
"power a=2.8",2.8,1.3,0.28965399847097,0.277777777777778
"power a=2.8",2.8,1.35,0.311960185346697,0.305555555555556
"power a=2.8",2.8,1.4,0.333802837771101,0.333333333333334
"power a=2.8",2.8,1.45,0.354959021427012,0.361111111111111
"power a=2.8",2.8,1.5,0.375217444879281,0.388888888888889
"power a=2.8",2.8,1.55,0.39438904277218,0.416666666666667
"power a=2.8",2.8,1.6,0.412316960891482,0.444444444444445
"power a=2.8",2.8,1.65,0.42888427224357,0.472222222222222
"power a=2.8",2.8,1.7,0.444018266020187,0.5
"power a=2.8",2.8,1.75,0.457690876205986,0.527777777777778
"power a=2.8",2.8,1.8,0.469915545306466,0.555555555555556
"power a=2.8",2.8,1.85,0.480741360244259,0.555555555555556
"power a=2.8",2.8,1.9,0.490245544935772,0.555555555555556
"power a=2.8",2.8,1.95,0.498525372369173,0.555555555555556
"power a=2.8",2.8,2,0.505690370287289,0.555555555555556
"power a=2.8",2.8,2.05,0.511855437107182,0.555555555555556
"power a=2.8",2.8,2.1,0.517135222174863,0.555555555555556
"power a=2.8",2.8,2.15,0.521639893955189,0.555555555555556
"power a=2.8",2.8,2.2,0.525472242595958,0.555555555555556
"power a=2.8",2.8,2.25,0.528725947904991,0.555555555555556
"power a=2.8",2.8,2.3,0.531484786615202,0.555555555555556
"power a=2.8",2.8,2.35,0.533822541820803,0.555555555555556
"power a=2.8",2.8,2.4,0.53580339714265,0.555555555555556
"power a=2.8",2.8,2.45,0.537482633987373,0.555555555555556
"power a=2.8",2.8,2.5,0.538907491088853,0.555555555555556
"power a=2.8",2.8,2.55,0.540118084251249,0.555555555555556
"power a=2.8",2.8,2.6,0.541148317179701,0.555555555555556
"power a=2.8",2.8,2.65,0.542026740261128,0.555555555555556
"power a=2.8",2.8,2.7,0.542777333388013,0.555555555555556
"power a=2.8",2.8,2.75,0.543420202371037,0.555555555555556
"power a=2.8",2.8,2.8,0.543972187364426,0.555555555555556
"power a=2.8",2.8,2.85,0.544447387190818,0.555555555555556
"power a=2.8",2.8,2.9,0.544857606490404,0.555555555555556
"power a=2.8",2.8,2.95,0.545212734014035,0.555555555555556
"power a=2.8",2.8,3,0.545521060716719,0.555555555555556
"power a=2.8",2.8,3.05,0.545789546004231,0.555555555555556
"power a=2.8",2.8,3.1,0.546024039828269,0.555555555555556
"power a=2.8",2.8,3.15,0.546229467504158,0.555555555555556
"power a=2.8",2.8,3.2,0.546409983258799,0.555555555555556
"power a=2.8",2.8,3.25,0.546569097676621,0.555555555555556
"power a=2.8",2.8,3.3,0.546709783436435,0.555555555555556
"power a=2.8",2.8,3.35,0.546834563040245,0.555555555555556
"power a=2.8",2.8,3.4,0.546945581631219,0.555555555555556
"power a=2.8",2.8,3.45,0.547044667479502,0.555555555555556
"power a=2.8",2.8,3.5,0.547133382274729,0.555555555555556
"power a=2.8",2.8,3.55,0.547213062994337,0.555555555555556
"power a=2.8",2.8,3.6,0.547284856808087,0.555555555555556
"power a=2.8",2.8,3.65,0.54734975022284,0.555555555555556
"power a=2.8",2.8,3.7,0.547408593459523,0.555555555555556
"power a=2.8",2.8,3.75,0.547462120879246,0.555555555555556
"power a=2.8",2.8,3.8,0.547510968131468,0.555555555555556
"power a=2.8",2.8,3.85,0.547555686578722,0.555555555555556
"power a=2.8",2.8,3.9,0.547596755455071,0.555555555555556
"power a=2.8",2.8,3.95,0.547634592135667,0.555555555555556
"power a=2.8",2.8,4,0.547669560829134,0.555555555555556
"power a=2.8",2.8,4.05,0.547701979950683,0.555555555555556
"power a=2.8",2.8,4.1,0.547732128389578,0.555555555555556
"power a=2.8",2.8,4.15,0.547760250848186,0.555555555555556
"power a=2.8",2.8,4.2,0.547786562399884,0.555555555555556
"power a=2.8",2.8,4.25,0.547811252388394,0.555555555555556
"power a=2.8",2.8,4.3,0.547834487770753,0.555555555555556
"power a=2.8",2.8,4.35,0.547856415989301,0.555555555555556
"power a=2.8",2.8,4.4,0.54787716744412,0.555555555555556
"power a=2.8",2.8,4.45,0.547896857625858,0.555555555555556
"power a=2.8",2.8,4.5,0.547915588959228,0.555555555555556
"power a=2.8",2.8,4.55,0.547933452399581,0.555555555555556
"power a=2.8",2.8,4.6,0.547950528818262,0.555555555555556
"power a=2.8",2.8,4.65,0.547966890206943,0.555555555555556
"power a=2.8",2.8,4.7,0.547982600726515,0.555555555555556
"power a=2.8",2.8,4.75,0.547997717622209,0.555555555555556
"power a=2.8",2.8,4.8,0.548012292023404,0.555555555555556
"power a=2.8",2.8,4.85,0.548026369643833,0.555555555555556
"power a=2.8",2.8,4.9,0.548039991395574,0.555555555555556
"power a=2.8",2.8,4.95,0.548053193928317,0.555555555555556
"power a=2.8",2.8,5,0.548066010103711,0.555555555555556
"power a=2.8",2.8,5.05,0.548078469413234,0.555555555555556
"power a=2.8",2.8,5.1,0.54809059834684,0.555555555555556
"power a=2.8",2.8,5.15,0.548102420718625,0.555555555555556
"power a=2.8",2.8,5.2,0.548113957954911,0.555555555555556
"power a=2.8",2.8,5.25,0.548125229349414,0.555555555555556
"power a=2.8",2.8,5.3,0.548136252289539,0.555555555555556
"power a=2.8",2.8,5.35,0.548147042457298,0.555555555555556
"power a=2.8",2.8,5.4,0.548157614007918,0.555555555555556
"power a=2.8",2.8,5.45,0.548167979728774,0.555555555555556
"power a=2.8",2.8,5.5,0.548178151180977,0.555555555555556
"power a=2.8",2.8,5.55,0.548188138825625,0.555555555555556
"power a=2.8",2.8,5.6,0.548197952136499,0.555555555555556
"power a=2.8",2.8,5.65,0.548207599700742,0.555555555555556
"power a=2.8",2.8,5.7,0.54821708930889,0.555555555555556
"power a=2.8",2.8,5.75,0.548226428035443,0.555555555555556
"power a=2.8",2.8,5.8,0.548235622311025,0.555555555555556
"power a=2.8",2.8,5.85,0.54824467798707,0.555555555555556
"power a=2.8",2.8,5.9,0.548253600393841,0.555555555555556
"power a=2.8",2.8,5.95,0.548262394392505,0.555555555555556
"power a=2.8",2.8,6,0.548271064421903,0.555555555555556
"power a=2.8",2.8,6.05,0.548279614540586,0.555555555555556
"power a=2.8",2.8,6.1,0.548288048464609,0.555555555555556
"power a=2.8",2.8,6.15,0.54829636960153,0.555555555555556
"power a=2.8",2.8,6.2,0.548304581081015,0.555555555555556
"power a=2.8",2.8,6.25,0.548312685782396,0.555555555555556
"power a=2.8",2.8,6.3,0.54832068635949,0.555555555555556
"power a=2.8",2.8,6.35,0.548328585262971,0.555555555555556
"power a=2.8",2.8,6.4,0.548336384760531,0.555555555555556
"power a=2.8",2.8,6.45,0.548344086955057,0.555555555555556
"power a=2.8",2.8,6.5,0.548351693801028,0.555555555555556
"power a=2.8",2.8,6.55,0.548359207119304,0.555555555555556
"power a=2.8",2.8,6.6,0.54836662861046,0.555555555555556
"power a=2.8",2.8,6.65,0.54837395986683,0.555555555555556
"power a=2.8",2.8,6.7,0.548381202383356,0.555555555555556
"power a=2.8",2.8,6.75,0.548388357567393,0.555555555555556
"power a=2.8",2.8,6.8,0.548395426747541,0.555555555555556
"power a=2.8",2.8,6.85,0.548402411181623,0.555555555555556
"power a=2.8",2.8,6.9,0.548409312063868,0.555555555555556
"power a=2.8",2.8,6.95,0.548416130531403,0.555555555555556
"power a=2.8",2.8,7,0.548422867670092,0.555555555555556
"power a=2.8",2.8,7.05,0.5484295245198,0.555555555555556
"power a=2.8",2.8,7.1,0.548436102079144,0.555555555555556
"power a=2.8",2.8,7.15,0.548442601309759,0.555555555555556
"power a=2.8",2.8,7.2,0.548449023140138,0.555555555555556
"power a=2.8",2.8,7.25,0.548455368469091,0.555555555555556
"power a=2.8",2.8,7.3,0.548461638168848,0.555555555555556
"power a=2.8",2.8,7.35,0.548467833087841,0.555555555555556
"power a=2.8",2.8,7.4,0.548473954053211,0.555555555555556
"power a=2.8",2.8,7.45,0.548480001873036,0.555555555555556
"power a=2.8",2.8,7.5,0.548485977338345,0.555555555555556
"power a=2.8",2.8,7.55,0.548491881224899,0.555555555555556
"power a=2.8",2.8,7.6,0.548497714294792,0.555555555555556
"power a=2.8",2.8,7.65,0.548503477297871,0.555555555555556
"power a=2.8",2.8,7.7,0.548509170973002,0.555555555555556
"power a=2.8",2.8,7.75,0.54851479604919,0.555555555555556
"power a=2.8",2.8,7.8,0.548520353246569,0.555555555555556
"power a=2.8",2.8,7.85,0.548525843277282,0.555555555555556
"power a=2.8",2.8,7.9,0.548531266846249,0.555555555555556
"power a=2.8",2.8,7.95,0.54853662465184,0.555555555555556
"power a=2.8",2.8,8,0.548541917386469,0.555555555555556
"power a=3.31",3.31,0,0,0
"power a=3.31",3.31,0.05,2.19731317408451e-05,0
"power a=3.31",3.31,0.1,5.77684369034159e-05,0
"power a=3.31",3.31,0.15,0.000113843881565066,0
"power a=3.31",3.31,0.2,0.000199185795810089,0
"power a=3.31",3.31,0.25,0.000325976533908191,0
"power a=3.31",3.31,0.3,0.000510326508654456,0
"power a=3.31",3.31,0.35,0.000773057592307137,0
"power a=3.31",3.31,0.4,0.00114049331201204,0
"power a=3.31",3.31,0.45,0.00164516546812875,0
"power a=3.31",3.31,0.5,0.00232630823421533,0
"power a=3.31",3.31,0.55,0.00323000425091869,0
"power a=3.31",3.31,0.6,0.00440889615784465,0
"power a=3.31",3.31,0.65,0.00592148013105456,0
"power a=3.31",3.31,0.7,0.00783109614779432,0
"power a=3.31",3.31,0.75,0.0102047287008198,0
"power a=3.31",3.31,0.8,0.0131116090041521,0
"power a=3.31",3.31,0.85,0.0166214781561285,0
"power a=3.31",3.31,0.9,0.0208023699980274,0
"power a=3.31",3.31,0.95,0.0257179153181287,0
"power a=3.31",3.31,1,0.0314243485847891,0
"power a=3.31",3.31,1.05,0.0379675122775571,0
"power a=3.31",3.31,1.1,0.0453801739939735,0
"power a=3.31",3.31,1.15,0.0536799197607025,0
"power a=3.31",3.31,1.2,0.0628677906197647,0
"power a=3.31",3.31,1.25,0.0729277096951982,0
"power a=3.31",3.31,1.3,0.0838266322597846,0
"power a=3.31",3.31,1.35,0.0955152772625827,0.0173160173160173
"power a=3.31",3.31,1.4,0.107929284289978,0.038961038961039
"power a=3.31",3.31,1.45,0.120990675327715,0.0606060606060607
"power a=3.31",3.31,1.5,0.134609558027128,0.0822510822510822
"power a=3.31",3.31,1.55,0.148686051265598,0.103896103896104
"power a=3.31",3.31,1.6,0.163112410435066,0.125541125541126
"power a=3.31",3.31,1.65,0.177775271682432,0.147186147186147
"power a=3.31",3.31,1.7,0.192557874658021,0.168831168831169
"power a=3.31",3.31,1.75,0.207342153407132,0.19047619047619
"power a=3.31",3.31,1.8,0.222010726566,0.212121212121212
"power a=3.31",3.31,1.85,0.23644895880422,0.233766233766234
"power a=3.31",3.31,1.9,0.250547267211182,0.255411255411255
"power a=3.31",3.31,1.95,0.264203698495122,0.277056277056277
"power a=3.31",3.31,2,0.27732661590663,0.298701298701299
"power a=3.31",3.31,2.05,0.289837215965844,0.32034632034632
"power a=3.31",3.31,2.1,0.301671577230195,0.341991341991342
"power a=3.31",3.31,2.15,0.312782003847274,0.363636363636364
"power a=3.31",3.31,2.2,0.323137528830028,0.385281385281385
"power a=3.31",3.31,2.25,0.332723555718081,0.406926406926407
"power a=3.31",3.31,2.3,0.341540720840468,0.428571428571429
"power a=3.31",3.31,2.35,0.349603136356377,0.432900432900433
"power a=3.31",3.31,2.4,0.356936217895112,0.432900432900433
"power a=3.31",3.31,2.45,0.36357430919156,0.432900432900433
"power a=3.31",3.31,2.5,0.369558295969312,0.432900432900433
"power a=3.31",3.31,2.55,0.37493336272928,0.432900432900433
"power a=3.31",3.31,2.6,0.379746999668145,0.432900432900433
"power a=3.31",3.31,2.65,0.384047321240114,0.432900432900433
"power a=3.31",3.31,2.7,0.387881718495206,0.432900432900433
"power a=3.31",3.31,2.75,0.391295837055789,0.432900432900433
"power a=3.31",3.31,2.8,0.394332851991868,0.432900432900433
"power a=3.31",3.31,2.85,0.397032999014965,0.432900432900433
"power a=3.31",3.31,2.9,0.399433316638144,0.432900432900433
"power a=3.31",3.31,2.95,0.401567554310046,0.432900432900433
"power a=3.31",3.31,3,0.40346620520499,0.432900432900433
"power a=3.31",3.31,3.05,0.405156627833349,0.432900432900433
"power a=3.31",3.31,3.1,0.406663226800014,0.432900432900433
"power a=3.31",3.31,3.15,0.408007669121205,0.432900432900433
"power a=3.31",3.31,3.2,0.409209118052491,0.432900432900433
"power a=3.31",3.31,3.25,0.410284471154957,0.432900432900433
"power a=3.31",3.31,3.3,0.411248593262069,0.432900432900433
"power a=3.31",3.31,3.35,0.412114538136888,0.432900432900433
"power a=3.31",3.31,3.4,0.412893755012717,0.432900432900433
"power a=3.31",3.31,3.45,0.413596277998958,0.432900432900433
"power a=3.31",3.31,3.5,0.414230897620844,0.432900432900433
"power a=3.31",3.31,3.55,0.414805314652113,0.432900432900433
"power a=3.31",3.31,3.6,0.415326276985929,0.432900432900433
"power a=3.31",3.31,3.65,0.415799700648311,0.432900432900433
"power a=3.31",3.31,3.7,0.416230776252164,0.432900432900433
"power a=3.31",3.31,3.75,0.416624062267344,0.432900432900433
"power a=3.31",3.31,3.8,0.416983566480284,0.432900432900433
"power a=3.31",3.31,3.85,0.417312816963179,0.432900432900433
"power a=3.31",3.31,3.9,0.417614923788072,0.432900432900433
"power a=3.31",3.31,3.95,0.417892632619586,0.432900432900433
"power a=3.31",3.31,4,0.418148371211781,0.432900432900433
"power a=3.31",3.31,4.05,0.418384289726161,0.432900432900433
"power a=3.31",3.31,4.1,0.418602295683738,0.432900432900433
"power a=3.31",3.31,4.15,0.418804084266638,0.432900432900433
"power a=3.31",3.31,4.2,0.418991164595572,0.432900432900433
"power a=3.31",3.31,4.25,0.419164882528925,0.432900432900433
"power a=3.31",3.31,4.3,0.419326440457433,0.432900432900433
"power a=3.31",3.31,4.35,0.419476914504825,0.432900432900433
"power a=3.31",3.31,4.4,0.419617269489073,0.432900432900433
"power a=3.31",3.31,4.45,0.419748371950157,0.432900432900433
"power a=3.31",3.31,4.5,0.419871001507931,0.432900432900433
"power a=3.31",3.31,4.55,0.41998586077699,0.432900432900433
"power a=3.31",3.31,4.6,0.420093584033781,0.432900432900433
"power a=3.31",3.31,4.65,0.420194744803922,0.432900432900433
"power a=3.31",3.31,4.7,0.420289862514168,0.432900432900433
"power a=3.31",3.31,4.75,0.420379408333348,0.432900432900433
"power a=3.31",3.31,4.8,0.420463810309229,0.432900432900433
"power a=3.31",3.31,4.85,0.420543457893459,0.432900432900433
"power a=3.31",3.31,4.9,0.420618705933946,0.432900432900433
"power a=3.31",3.31,4.95,0.420689878203161,0.432900432900433
"power a=3.31",3.31,5,0.420757270521438,0.432900432900433
"power a=3.31",3.31,5.05,0.420821153526349,0.432900432900433
"power a=3.31",3.31,5.1,0.420881775132303,0.432900432900433
"power a=3.31",3.31,5.15,0.420939362718625,0.432900432900433
"power a=3.31",3.31,5.2,0.420994125079258,0.432900432900433
"power a=3.31",3.31,5.25,0.421046254162888,0.432900432900433
"power a=3.31",3.31,5.3,0.421095926628493,0.432900432900433
"power a=3.31",3.31,5.35,0.421143305238104,0.432900432900433
"power a=3.31",3.31,5.4,0.421188540105755,0.432900432900433
"power a=3.31",3.31,5.45,0.421231769819189,0.432900432900433
"power a=3.31",3.31,5.5,0.4212731224488,0.432900432900433
"power a=3.31",3.31,5.55,0.42131271645649,0.432900432900433
"power a=3.31",3.31,5.6,0.421350661515551,0.432900432900433
"power a=3.31",3.31,5.65,0.421387059251332,0.432900432900433
"power a=3.31",3.31,5.7,0.421422003911272,0.432900432900433
"power a=3.31",3.31,5.75,0.421455582971847,0.432900432900433
"power a=3.31",3.31,5.8,0.421487877689101,0.432900432900433
"power a=3.31",3.31,5.85,0.421518963598647,0.432900432900433
"power a=3.31",3.31,5.9,0.421548910970334,0.432900432900433
"power a=3.31",3.31,5.95,0.421577785222207,0.432900432900433
"power a=3.31",3.31,6,0.421605647297838,0.432900432900433
"power a=3.31",3.31,6.05,0.421632554010673,0.432900432900433
"power a=3.31",3.31,6.1,0.421658558358622,0.432900432900433
"power a=3.31",3.31,6.15,0.421683709811782,0.432900432900433
"power a=3.31",3.31,6.2,0.42170805457586,0.432900432900433
"power a=3.31",3.31,6.25,0.421731635833596,0.432900432900433
"power a=3.31",3.31,6.3,0.421754493966242,0.432900432900433
"power a=3.31",3.31,6.35,0.421776666756941,0.432900432900433
"power a=3.31",3.31,6.4,0.421798189577658,0.432900432900433
"power a=3.31",3.31,6.45,0.421819095561148,0.432900432900433
"power a=3.31",3.31,6.5,0.4218394157593,0.432900432900433
"power a=3.31",3.31,6.55,0.421859179289055,0.432900432900433
"power a=3.31",3.31,6.6,0.421878413466988,0.432900432900433
"power a=3.31",3.31,6.65,0.421897143933537,0.432900432900433
"power a=3.31",3.31,6.7,0.421915394767749,0.432900432900433
"power a=3.31",3.31,6.75,0.421933188593368,0.432900432900433
"power a=3.31",3.31,6.8,0.421950546676974,0.432900432900433
"power a=3.31",3.31,6.85,0.421967489018832,0.432900432900433
"power a=3.31",3.31,6.9,0.421984034437062,0.432900432900433
"power a=3.31",3.31,6.95,0.422000200645662,0.432900432900433
"power a=3.31",3.31,7,0.422016004326885,0.432900432900433
"power a=3.31",3.31,7.05,0.422031461198413,0.432900432900433
"power a=3.31",3.31,7.1,0.42204658607575,0.432900432900433
"power a=3.31",3.31,7.15,0.422061392930201,0.432900432900433
"power a=3.31",3.31,7.2,0.422075894942785,0.432900432900433
"power a=3.31",3.31,7.25,0.422090104554384,0.432900432900433
"power a=3.31",3.31,7.3,0.422104033512432,0.432900432900433
"power a=3.31",3.31,7.35,0.422117692914395,0.432900432900433
"power a=3.31",3.31,7.4,0.42213109324828,0.432900432900433
"power a=3.31",3.31,7.45,0.422144244430407,0.432900432900433
"power a=3.31",3.31,7.5,0.42215715584063,0.432900432900433
"power a=3.31",3.31,7.55,0.422169836355212,0.432900432900433
"power a=3.31",3.31,7.6,0.422182294377508,0.432900432900433
"power a=3.31",3.31,7.65,0.422194537866622,0.432900432900433
"power a=3.31",3.31,7.7,0.422206574364188,0.432900432900433
"power a=3.31",3.31,7.75,0.422218411019398,0.432900432900433
"power a=3.31",3.31,7.8,0.422230054612405,0.432900432900433
"power a=3.31",3.31,7.85,0.422241511576223,0.432900432900433
"power a=3.31",3.31,7.9,0.422252788017216,0.432900432900433
"power a=3.31",3.31,7.95,0.42226388973428,0.432900432900433
"power a=3.31",3.31,8,0.422274822236811,0.432900432900433
"power a=4",4,0,0,0
"power a=4",4,0.05,1.1737941822366e-05,0
"power a=4",4,0.1,2.62746426961558e-05,0
"power a=4",4,0.15,4.43705201145137e-05,0
"power a=4",4,0.2,6.70090471433231e-05,0
"power a=4",4,0.25,9.54623199341192e-05,0
"power a=4",4,0.3,0.000131374182504075,0
"power a=4",4,0.35,0.00017686433341393,0
"power a=4",4,0.4,0.000234656818382728,0
"power a=4",4,0.45,0.000308235925446027,0
"power a=4",4,0.5,0.000402031613866465,0
"power a=4",4,0.55,0.000521635102381638,0
"power a=4",4,0.6,0.000674043035683031,0
"power a=4",4,0.65,0.000867925748922724,0
"power a=4",4,0.7,0.00111391169323957,0
"power a=4",4,0.75,0.00142487630003103,0
"power a=4",4,0.8,0.00181621963929195,0
"power a=4",4,0.85,0.00230611317227206,0
"power a=4",4,0.9,0.00291569159751373,0
"power a=4",4,0.95,0.0036691615160954,0
"power a=4",4,1,0.00459379582162969,0
"power a=4",4,1.05,0.00571978411140915,0
"power a=4",4,1.1,0.00707991771769736,0
"power a=4",4,1.15,0.00870910307900515,0
"power a=4",4,1.2,0.0106437144260136,0
"power a=4",4,1.25,0.0129208088307552,0
"power a=4",4,1.3,0.0155772291931246,0
"power a=4",4,1.35,0.0186486167720342,0
"power a=4",4,1.4,0.0221683529702625,0
"power a=4",4,1.45,0.026166456791542,0
"power a=4",4,1.5,0.0306684783256338,0
"power a=4",4,1.55,0.0356944418914321,0
"power a=4",4,1.6,0.041257897294534,0
"power a=4",4,1.65,0.0473651315906637,0
"power a=4",4,1.7,0.0540145798291274,0
"power a=4",4,1.75,0.0611964566787871,0
"power a=4",4,1.8,0.0688926158554736,0
"power a=4",4,1.85,0.0770766331527952,0
"power a=4",4,1.9,0.0857141023906806,0
"power a=4",4,1.95,0.0947631313788371,0
"power a=4",4,2,0.104175025304269,0
"power a=4",4,2.05,0.11389514456851,0.0166666666666668
"power a=4",4,2.1,0.123863919649972,0.0333333333333334
"power a=4",4,2.15,0.134017996283674,0.05
"power a=4",4,2.2,0.144291473885838,0.0666666666666667
"power a=4",4,2.25,0.15461719516571,0.0833333333333333
"power a=4",4,2.3,0.164928048976826,0.1
"power a=4",4,2.35,0.175158258215435,0.116666666666667
"power a=4",4,2.4,0.185244631277007,0.133333333333333
"power a=4",4,2.45,0.195127752765846,0.15
"power a=4",4,2.5,0.20475307841456,0.166666666666667
"power a=4",4,2.55,0.214071888687921,0.183333333333333
"power a=4",4,2.6,0.223042053386051,0.2
"power a=4",4,2.65,0.231628568362215,0.216666666666667
"power a=4",4,2.7,0.239803842241619,0.233333333333333
"power a=4",4,2.75,0.247547730497996,0.25
"power a=4",4,2.8,0.254847332103153,0.266666666666667
"power a=4",4,2.85,0.261696578018554,0.283333333333333
"power a=4",4,2.9,0.268095650459447,0.3
"power a=4",4,2.95,0.27405027725304,0.316666666666667
"power a=4",4,3,0.279570947067573,0.333333333333333
"power a=4",4,3.05,0.284672089280994,0.333333333333333
"power a=4",4,3.1,0.289371257456495,0.333333333333333
"power a=4",4,3.15,0.293688348657283,0.333333333333333
"power a=4",4,3.2,0.297644883106084,0.333333333333333
"power a=4",4,3.25,0.301263360853341,0.333333333333333
"power a=4",4,3.3,0.304566704859556,0.333333333333333
"power a=4",4,3.35,0.307577793684469,0.333333333333333
"power a=4",4,3.4,0.310319082039597,0.333333333333333
"power a=4",4,3.45,0.312812303840913,0.333333333333333
"power a=4",4,3.5,0.315078250000404,0.333333333333333
"power a=4",4,3.55,0.31713661184469,0.333333333333333
"power a=4",4,3.6,0.319005880537946,0.333333333333333
"power a=4",4,3.65,0.320703293005152,0.333333333333333
"power a=4",4,3.7,0.322244815408925,0.333333333333333
"power a=4",4,3.75,0.323645156066619,0.333333333333333
"power a=4",4,3.8,0.324917800674266,0.333333333333333
"power a=4",4,3.85,0.326075063732271,0.333333333333333
"power a=4",4,3.9,0.327128151075105,0.333333333333333
"power a=4",4,3.95,0.328087229347478,0.333333333333333
"power a=4",4,4,0.328961499115886,0.333333333333333
"power a=4",4,4.05,0.329759269043995,0.333333333333333
"power a=4",4,4.1,0.330488029190708,0.333333333333333
"power a=4",4,4.15,0.331154522015091,0.333333333333333
"power a=4",4,4.2,0.331764810101214,0.333333333333333
"power a=4",4,4.25,0.332324339959113,0.333333333333333
"power a=4",4,4.3,0.332838001527094,0.333333333333333
"power a=4",4,4.35,0.333310183206935,0.333333333333333
"power a=4",4,4.4,0.333744822417952,0.333333333333333
"power a=4",4,4.45,0.334145451768029,0.333333333333333
"power a=4",4,4.5,0.334515241018045,0.333333333333333
"power a=4",4,4.55,0.334857035067905,0.333333333333333
"power a=4",4,4.6,0.335173388223582,0.333333333333333
"power a=4",4,4.65,0.335466595020296,0.333333333333333
"power a=4",4,4.7,0.335738717881075,0.333333333333333
"power a=4",4,4.75,0.335991611885806,0.333333333333333
"power a=4",4,4.8,0.33622694691594,0.333333333333333
"power a=4",4,4.85,0.33644622742626,0.333333333333333
"power a=4",4,4.9,0.336650810078983,0.333333333333333
"power a=4",4,4.95,0.336841919458206,0.333333333333333
"power a=4",4,5,0.337020662064934,0.333333333333333
"power a=4",4,5.05,0.33718803877544,0.333333333333333
"power a=4",4,5.1,0.337344955928763,0.333333333333333
"power a=4",4,5.15,0.337492235193085,0.333333333333333
"power a=4",4,5.2,0.337630622345699,0.333333333333333
"power a=4",4,5.25,0.337760795087339,0.333333333333333
"power a=4",4,5.3,0.337883369998867,0.333333333333333
"power a=4",4,5.35,0.337998908736666,0.333333333333333
"power a=4",4,5.4,0.338107923552505,0.333333333333333
"power a=4",4,5.45,0.33821088221414,0.333333333333333
"power a=4",4,5.5,0.338308212394338,0.333333333333333
"power a=4",4,5.55,0.338400305588372,0.333333333333333
"power a=4",4,5.6,0.338487520613176,0.333333333333333
"power a=4",4,5.65,0.338570186735277,0.333333333333333
"power a=4",4,5.7,0.338648606469201,0.333333333333333
"power a=4",4,5.75,0.338723058083245,0.333333333333333
"power a=4",4,5.8,0.338793797845256,0.333333333333333
"power a=4",4,5.85,0.338861062037298,0.333333333333333
"power a=4",4,5.9,0.338925068764733,0.333333333333333
"power a=4",4,5.95,0.33898601958233,0.333333333333333
"power a=4",4,6,0.339044100957397,0.333333333333333
"power a=4",4,6.05,0.339099485587633,0.333333333333333
"power a=4",4,6.1,0.339152333589387,0.333333333333333
"power a=4",4,6.15,0.339202793570204,0.333333333333333
"power a=4",4,6.2,0.339251003597986,0.333333333333333
"power a=4",4,6.25,0.339297092077665,0.333333333333333
"power a=4",4,6.3,0.339341178545099,0.333333333333333
"power a=4",4,6.35,0.339383374386786,0.333333333333333
"power a=4",4,6.4,0.339423783493043,0.333333333333333
"power a=4",4,6.45,0.339462502851454,0.333333333333333
"power a=4",4,6.5,0.339499623086635,0.333333333333333
"power a=4",4,6.55,0.339535228951713,0.333333333333333
"power a=4",4,6.6,0.339569399776314,0.333333333333333
"power a=4",4,6.65,0.339602209875354,0.333333333333333
"power a=4",4,6.7,0.339633728922461,0.333333333333333
"power a=4",4,6.75,0.339664022291445,0.333333333333333
"power a=4",4,6.8,0.339693151368875,0.333333333333333
"power a=4",4,6.85,0.339721173840516,0.333333333333333
"power a=4",4,6.9,0.339748143954057,0.333333333333333
"power a=4",4,6.95,0.339774112760362,0.333333333333333
"power a=4",4,7,0.339799128335199,0.333333333333333
"power a=4",4,7.05,0.339823235983234,0.333333333333333
"power a=4",4,7.1,0.339846478425894,0.333333333333333
"power a=4",4,7.15,0.339868895974525,0.333333333333333
"power a=4",4,7.2,0.33989052669016,0.333333333333333
"power a=4",4,7.25,0.339911406531059,0.333333333333333
"power a=4",4,7.3,0.339931569489079,0.333333333333333
"power a=4",4,7.35,0.339951047715831,0.333333333333333
"power a=4",4,7.4,0.339969871639497,0.333333333333333
"power a=4",4,7.45,0.339988070073078,0.333333333333333
"power a=4",4,7.5,0.3400056703148,0.333333333333333
"power a=4",4,7.55,0.340022698241306,0.333333333333333
"power a=4",4,7.6,0.340039178394235,0.333333333333333
"power a=4",4,7.65,0.340055134060713,0.333333333333333
"power a=4",4,7.7,0.340070587348244,0.333333333333333
"power a=4",4,7.75,0.340085559254444,0.333333333333333
"power a=4",4,7.8,0.340100069732019,0.333333333333333
"power a=4",4,7.85,0.340114137749357,0.333333333333333
"power a=4",4,7.9,0.340127781347063,0.333333333333333
"power a=4",4,7.95,0.340141017690767,0.333333333333333
"power a=4",4,8,0.340153863120448,0.333333333333333
