"dist","a","n","x","frac_ident","gstar_med","gstar_q25","gstar_q75","gstar_inf","K","gstar_asym","gamma2"
"NSFG men 25-44",3.31,100,1e-04,1,10,10,10,2.03421847592928,0.810356520449244,8103.56520449244,2.31
"NSFG men 25-44",3.31,100,0.000316227766016838,1,10,10,10,1.99161413985292,0.810356520449244,2562.57232138842,2.31
"NSFG men 25-44",3.31,100,0.001,1,10,10,10,1.93596171150818,0.810356520449244,810.356520449244,2.31
"NSFG men 25-44",3.31,100,0.00316227766016838,1,10,10,10,1.86141941402623,0.810356520449244,256.257232138842,2.31
"NSFG men 25-44",3.31,100,0.01,1,5.035,4.5825,6.61,1.75814078745443,0.810356520449244,81.0356520449244,2.31
"NSFG men 25-44",3.31,100,0.0316227766016838,1,2.905,2.4875,3.4425,1.60668194699215,0.810356520449244,25.6257232138842,2.31
"NSFG men 25-44",3.31,100,0.1,1,1.78,1.59,2.05,1.36255586937931,0.810356520449244,8.10356520449244,2.31
"NSFG men 25-44",3.31,100,0.316227766016838,1,1.075,0.99125,1.1775,0.968484360171719,0.810356520449244,2.56257232138842,2.31
"NSFG men 25-44",3.31,100,1,1,0.55,0.52375,0.56625,0.523996543806283,0.810356520449244,0.810356520449244,2.31
"NSFG men 25-44",3.31,100,3.16227766016838,1,0.22,0.21875,0.22,0.218102373942102,0.810356520449244,0.256257232138842,2.31
"NSFG men 25-44",3.31,100,10,1,0.075,0.075,0.075,0.0768089836702942,0.810356520449244,0.0810356520449244,2.31
"NSFG men 25-44",3.31,100,31.6227766016838,0,NA,NA,NA,0.0157931490049357,0.810356520449244,0.0256257232138842,2.31
"NSFG men 25-44",3.31,1000,1e-04,1,10,10,10,2.03421847592928,0.810356520449244,8103.56520449244,2.31
"NSFG men 25-44",3.31,1000,0.000316227766016838,1,10,10,10,1.99161413985292,0.810356520449244,2562.57232138842,2.31
"NSFG men 25-44",3.31,1000,0.001,1,6.285,5.105,7.8225,1.93596171150818,0.810356520449244,810.356520449244,2.31
"NSFG men 25-44",3.31,1000,0.00316227766016838,1,3.295,2.7,3.96,1.86141941402623,0.810356520449244,256.257232138842,2.31
"NSFG men 25-44",3.31,1000,0.01,1,2.39,2.0625,2.9075,1.75814078745443,0.810356520449244,81.0356520449244,2.31
"NSFG men 25-44",3.31,1000,0.0316227766016838,1,1.895,1.68,2.2425,1.60668194699215,0.810356520449244,25.6257232138842,2.31
"NSFG men 25-44",3.31,1000,0.1,1,1.48,1.3375,1.65,1.36255586937931,0.810356520449244,8.10356520449244,2.31
"NSFG men 25-44",3.31,1000,0.316227766016838,1,1,0.9425,1.0525,0.968484360171719,0.810356520449244,2.56257232138842,2.31
"NSFG men 25-44",3.31,1000,1,1,0.5275,0.515,0.54125,0.523996543806283,0.810356520449244,0.810356520449244,2.31
"NSFG men 25-44",3.31,1000,3.16227766016838,1,0.22,0.215,0.22,0.218102373942102,0.810356520449244,0.256257232138842,2.31
"NSFG men 25-44",3.31,1000,10,1,0.075,0.075,0.075,0.0768089836702942,0.810356520449244,0.0810356520449244,2.31
"NSFG men 25-44",3.31,1000,31.6227766016838,0,NA,NA,NA,0.0157931490049357,0.810356520449244,0.0256257232138842,2.31
"NSFG men 25-44",3.31,10000,1e-04,1,5.95,5.2875,7.255,2.03421847592928,0.810356520449244,8103.56520449244,2.31
"NSFG men 25-44",3.31,10000,0.000316227766016838,1,3.63,3.1675,4.2,1.99161413985292,0.810356520449244,2562.57232138842,2.31
"NSFG men 25-44",3.31,10000,0.001,1,2.85,2.43,3.185,1.93596171150818,0.810356520449244,810.356520449244,2.31
"NSFG men 25-44",3.31,10000,0.00316227766016838,1,2.425,2.145,2.605,1.86141941402623,0.810356520449244,256.257232138842,2.31
"NSFG men 25-44",3.31,10000,0.01,1,2.07,1.9075,2.23,1.75814078745443,0.810356520449244,81.0356520449244,2.31
"NSFG men 25-44",3.31,10000,0.0316227766016838,1,1.775,1.6575,1.85,1.60668194699215,0.810356520449244,25.6257232138842,2.31
"NSFG men 25-44",3.31,10000,0.1,1,1.42,1.38,1.4625,1.36255586937931,0.810356520449244,8.10356520449244,2.31
"NSFG men 25-44",3.31,10000,0.316227766016838,1,0.975,0.96,0.99125,0.968484360171719,0.810356520449244,2.56257232138842,2.31
"NSFG men 25-44",3.31,10000,1,1,0.525,0.52,0.53,0.523996543806283,0.810356520449244,0.810356520449244,2.31
"NSFG men 25-44",3.31,10000,3.16227766016838,1,0.22,0.22,0.22,0.218102373942102,0.810356520449244,0.256257232138842,2.31
"NSFG men 25-44",3.31,10000,10,1,0.075,0.075,0.075,0.0768089836702942,0.810356520449244,0.0810356520449244,2.31
"NSFG men 25-44",3.31,10000,31.6227766016838,0,NA,NA,NA,0.0157931490049357,0.810356520449244,0.0256257232138842,2.31
"NSFG men 25-44",3.31,1e+05,1e-04,1,2.855,2.46,3.4,2.03421847592928,0.810356520449244,8103.56520449244,2.31
"NSFG men 25-44",3.31,1e+05,0.000316227766016838,1,2.525,2.225,2.77,1.99161413985292,0.810356520449244,2562.57232138842,2.31
"NSFG men 25-44",3.31,1e+05,0.001,1,2.28,2.08,2.44,1.93596171150818,0.810356520449244,810.356520449244,2.31
"NSFG men 25-44",3.31,1e+05,0.00316227766016838,1,2.08,1.955,2.1825,1.86141941402623,0.810356520449244,256.257232138842,2.31
"NSFG men 25-44",3.31,1e+05,0.01,1,1.875,1.8,1.94,1.75814078745443,0.810356520449244,81.0356520449244,2.31
"NSFG men 25-44",3.31,1e+05,0.0316227766016838,1,1.66,1.6125,1.6925,1.60668194699215,0.810356520449244,25.6257232138842,2.31
"NSFG men 25-44",3.31,1e+05,0.1,1,1.375,1.3475,1.39,1.36255586937931,0.810356520449244,8.10356520449244,2.31
"NSFG men 25-44",3.31,1e+05,0.316227766016838,1,0.965,0.96,0.97,0.968484360171719,0.810356520449244,2.56257232138842,2.31
"NSFG men 25-44",3.31,1e+05,1,1,0.525,0.52,0.525,0.523996543806283,0.810356520449244,0.810356520449244,2.31
"NSFG men 25-44",3.31,1e+05,3.16227766016838,1,0.22,0.22,0.22,0.218102373942102,0.810356520449244,0.256257232138842,2.31
"NSFG men 25-44",3.31,1e+05,10,1,0.075,0.075,0.075,0.0768089836702942,0.810356520449244,0.0810356520449244,2.31
"NSFG men 25-44",3.31,1e+05,31.6227766016838,0,NA,NA,NA,0.0157931490049357,0.810356520449244,0.0256257232138842,2.31
"NSFG men 25-44",3.31,1e+06,1e-04,1,2.445,2.365,2.5575,2.03421847592928,0.810356520449244,8103.56520449244,2.31
"NSFG men 25-44",3.31,1e+06,0.000316227766016838,1,2.29,2.2275,2.375,1.99161413985292,0.810356520449244,2562.57232138842,2.31
"NSFG men 25-44",3.31,1e+06,0.001,1,2.155,2.1075,2.2075,1.93596171150818,0.810356520449244,810.356520449244,2.31
"NSFG men 25-44",3.31,1e+06,0.00316227766016838,1,2.01,1.9675,2.05,1.86141941402623,0.810356520449244,256.257232138842,2.31
"NSFG men 25-44",3.31,1e+06,0.01,1,1.845,1.8175,1.87,1.75814078745443,0.810356520449244,81.0356520449244,2.31
"NSFG men 25-44",3.31,1e+06,0.0316227766016838,1,1.65,1.6275,1.67,1.60668194699215,0.810356520449244,25.6257232138842,2.31
"NSFG men 25-44",3.31,1e+06,0.1,1,1.375,1.36,1.3825,1.36255586937931,0.810356520449244,8.10356520449244,2.31
"NSFG men 25-44",3.31,1e+06,0.316227766016838,1,0.97,0.965,0.975,0.968484360171719,0.810356520449244,2.56257232138842,2.31
"NSFG men 25-44",3.31,1e+06,1,1,0.525,0.525,0.525,0.523996543806283,0.810356520449244,0.810356520449244,2.31
"NSFG men 25-44",3.31,1e+06,3.16227766016838,1,0.22,0.22,0.22,0.218102373942102,0.810356520449244,0.256257232138842,2.31
"NSFG men 25-44",3.31,1e+06,10,1,0.075,0.075,0.075,0.0768089836702942,0.810356520449244,0.0810356520449244,2.31
"NSFG men 25-44",3.31,1e+06,31.6227766016838,0,NA,NA,NA,0.0157931490049357,0.810356520449244,0.0256257232138842,2.31
"power a=2.8",2.8,100,1e-04,1,10,10,10,1.61770274211505,0.822049191238566,8220.49191238566,1.8
"power a=2.8",2.8,100,0.000316227766016838,1,10,10,10,1.59190959603315,0.822049191238566,2599.5477930132,1.8
"power a=2.8",2.8,100,0.001,1,10,10,10,1.55783918886972,0.822049191238566,822.049191238566,1.8
"power a=2.8",2.8,100,0.00316227766016838,1,10,10,10,1.51107179057246,0.822049191238566,259.95477930132,1.8
"power a=2.8",2.8,100,0.01,1,5.01,4.5475,7.49,1.44365559634039,0.822049191238566,82.2049191238566,1.8
"power a=2.8",2.8,100,0.0316227766016838,1,2.73,2.13,3.1425,1.34027031310458,0.822049191238566,25.995477930132,1.8
"power a=2.8",2.8,100,0.1,1,1.765,1.4375,2.0625,1.17058189228706,0.822049191238566,8.22049191238566,1.8
"power a=2.8",2.8,100,0.316227766016838,1,1.1,0.9375,1.1925,0.888310682649364,0.822049191238566,2.5995477930132,1.8
"power a=2.8",2.8,100,1,1,0.5575,0.51375,0.585,0.514176844996123,0.822049191238566,0.822049191238566,1.8
"power a=2.8",2.8,100,3.16227766016838,1,0.225,0.22,0.225,0.219654233482054,0.822049191238566,0.25995477930132,1.8
"power a=2.8",2.8,100,10,1,0.08,0.075,0.08,0.0778109943528825,0.822049191238566,0.0822049191238566,1.8
"power a=2.8",2.8,100,31.6227766016838,0,NA,NA,NA,0.023308683575415,0.822049191238566,0.025995477930132,1.8
"power a=2.8",2.8,1000,1e-04,1,10,10,10,1.61770274211505,0.822049191238566,8220.49191238566,1.8
"power a=2.8",2.8,1000,0.000316227766016838,1,10,10,10,1.59190959603315,0.822049191238566,2599.5477930132,1.8
"power a=2.8",2.8,1000,0.001,1,5.425,4.7175,7.3325,1.55783918886972,0.822049191238566,822.049191238566,1.8
"power a=2.8",2.8,1000,0.00316227766016838,1,2.94,2.6275,3.6375,1.51107179057246,0.822049191238566,259.95477930132,1.8
"power a=2.8",2.8,1000,0.01,1,2.18,1.925,2.5525,1.44365559634039,0.822049191238566,82.2049191238566,1.8
"power a=2.8",2.8,1000,0.0316227766016838,1,1.72,1.5675,1.8925,1.34027031310458,0.822049191238566,25.995477930132,1.8
"power a=2.8",2.8,1000,0.1,1,1.335,1.2475,1.4625,1.17058189228706,0.822049191238566,8.22049191238566,1.8
"power a=2.8",2.8,1000,0.316227766016838,1,0.925,0.89375,0.98375,0.888310682649364,0.822049191238566,2.5995477930132,1.8
"power a=2.8",2.8,1000,1,1,0.515,0.51,0.535,0.514176844996123,0.822049191238566,0.822049191238566,1.8
"power a=2.8",2.8,1000,3.16227766016838,1,0.22,0.22,0.22,0.219654233482054,0.822049191238566,0.25995477930132,1.8
"power a=2.8",2.8,1000,10,1,0.08,0.08,0.08,0.0778109943528825,0.822049191238566,0.0822049191238566,1.8
"power a=2.8",2.8,1000,31.6227766016838,0,NA,NA,NA,0.023308683575415,0.822049191238566,0.025995477930132,1.8
"power a=2.8",2.8,10000,1e-04,1,5.485,4.915,8.6575,1.61770274211505,0.822049191238566,8220.49191238566,1.8
"power a=2.8",2.8,10000,0.000316227766016838,1,3.03,2.565,3.345,1.59190959603315,0.822049191238566,2599.5477930132,1.8
"power a=2.8",2.8,10000,0.001,1,2.34,2.0075,2.575,1.55783918886972,0.822049191238566,822.049191238566,1.8
"power a=2.8",2.8,10000,0.00316227766016838,1,2,1.77,2.19,1.51107179057246,0.822049191238566,259.95477930132,1.8
"power a=2.8",2.8,10000,0.01,1,1.765,1.5775,1.87,1.44365559634039,0.822049191238566,82.2049191238566,1.8
"power a=2.8",2.8,10000,0.0316227766016838,1,1.52,1.39,1.5925,1.34027031310458,0.822049191238566,25.995477930132,1.8
"power a=2.8",2.8,10000,0.1,1,1.24,1.17,1.2925,1.17058189228706,0.822049191238566,8.22049191238566,1.8
"power a=2.8",2.8,10000,0.316227766016838,1,0.9,0.875,0.925,0.888310682649364,0.822049191238566,2.5995477930132,1.8
"power a=2.8",2.8,10000,1,1,0.515,0.51,0.52,0.514176844996123,0.822049191238566,0.822049191238566,1.8
"power a=2.8",2.8,10000,3.16227766016838,1,0.22,0.22,0.22,0.219654233482054,0.822049191238566,0.25995477930132,1.8
"power a=2.8",2.8,10000,10,1,0.08,0.08,0.08,0.0778109943528825,0.822049191238566,0.0822049191238566,1.8
"power a=2.8",2.8,10000,31.6227766016838,0,NA,NA,NA,0.023308683575415,0.822049191238566,0.025995477930132,1.8
"power a=2.8",2.8,1e+05,1e-04,1,2.355,2.045,2.815,1.61770274211505,0.822049191238566,8220.49191238566,1.8
"power a=2.8",2.8,1e+05,0.000316227766016838,1,2.08,1.895,2.35,1.59190959603315,0.822049191238566,2599.5477930132,1.8
"power a=2.8",2.8,1e+05,0.001,1,1.9,1.76,2.1025,1.55783918886972,0.822049191238566,822.049191238566,1.8
"power a=2.8",2.8,1e+05,0.00316227766016838,1,1.745,1.63,1.8925,1.51107179057246,0.822049191238566,259.95477930132,1.8
"power a=2.8",2.8,1e+05,0.01,1,1.595,1.5075,1.6925,1.44365559634039,0.822049191238566,82.2049191238566,1.8
"power a=2.8",2.8,1e+05,0.0316227766016838,1,1.415,1.365,1.48,1.34027031310458,0.822049191238566,25.995477930132,1.8
"power a=2.8",2.8,1e+05,0.1,1,1.195,1.1575,1.23,1.17058189228706,0.822049191238566,8.22049191238566,1.8
"power a=2.8",2.8,1e+05,0.316227766016838,1,0.8925,0.875,0.905,0.888310682649364,0.822049191238566,2.5995477930132,1.8
"power a=2.8",2.8,1e+05,1,1,0.515,0.51,0.515,0.514176844996123,0.822049191238566,0.822049191238566,1.8
"power a=2.8",2.8,1e+05,3.16227766016838,1,0.22,0.22,0.22,0.219654233482054,0.822049191238566,0.25995477930132,1.8
"power a=2.8",2.8,1e+05,10,1,0.08,0.08,0.08,0.0778109943528825,0.822049191238566,0.0822049191238566,1.8
"power a=2.8",2.8,1e+05,31.6227766016838,0,NA,NA,NA,0.023308683575415,0.822049191238566,0.025995477930132,1.8
"power a=2.8",2.8,1e+06,1e-04,1,1.96,1.87,2.105,1.61770274211505,0.822049191238566,8220.49191238566,1.8
"power a=2.8",2.8,1e+06,0.000316227766016838,1,1.835,1.7675,1.9525,1.59190959603315,0.822049191238566,2599.5477930132,1.8
"power a=2.8",2.8,1e+06,0.001,1,1.735,1.6775,1.83,1.55783918886972,0.822049191238566,822.049191238566,1.8
"power a=2.8",2.8,1e+06,0.00316227766016838,1,1.635,1.5875,1.6925,1.51107179057246,0.822049191238566,259.95477930132,1.8
"power a=2.8",2.8,1e+06,0.01,1,1.51,1.48,1.5625,1.44365559634039,0.822049191238566,82.2049191238566,1.8
"power a=2.8",2.8,1e+06,0.0316227766016838,1,1.375,1.35,1.4025,1.34027031310458,0.822049191238566,25.995477930132,1.8
"power a=2.8",2.8,1e+06,0.1,1,1.18,1.17,1.19,1.17058189228706,0.822049191238566,8.22049191238566,1.8
"power a=2.8",2.8,1e+06,0.316227766016838,1,0.89,0.885,0.89125,0.888310682649364,0.822049191238566,2.5995477930132,1.8
"power a=2.8",2.8,1e+06,1,1,0.515,0.515,0.515,0.514176844996123,0.822049191238566,0.822049191238566,1.8
"power a=2.8",2.8,1e+06,3.16227766016838,1,0.22,0.22,0.22,0.219654233482054,0.822049191238566,0.25995477930132,1.8
"power a=2.8",2.8,1e+06,10,1,0.08,0.08,0.08,0.0778109943528825,0.822049191238566,0.0822049191238566,1.8
"power a=2.8",2.8,1e+06,31.6227766016838,0,NA,NA,NA,0.023308683575415,0.822049191238566,0.025995477930132,1.8
"power a=3.31",3.31,100,1e-04,1,10,10,10,2.04759372489442,0.799330379021785,7993.30379021785,2.31
"power a=3.31",3.31,100,0.000316227766016838,1,10,10,10,2.00793132178575,0.799330379021785,2527.70460067451,2.31
"power a=3.31",3.31,100,0.001,1,10,10,10,1.9553825423618,0.799330379021785,799.330379021785,2.31
"power a=3.31",3.31,100,0.00316227766016838,1,10,10,10,1.8831085254291,0.799330379021785,252.770460067451,2.31
"power a=3.31",3.31,100,0.01,1,5.3,4.7,9.0975,1.77896168456496,0.799330379021785,79.9330379021785,2.31
"power a=3.31",3.31,100,0.0316227766016838,1,3.015,2.4225,3.3575,1.62041805728097,0.799330379021785,25.2770460067451,2.31
"power a=3.31",3.31,100,0.1,1,1.925,1.575,2.185,1.36775314601115,0.799330379021785,7.99330379021785,2.31
"power a=3.31",3.31,100,0.316227766016838,1,1.13,1.01,1.2525,0.981125058083582,0.799330379021785,2.52770460067451,2.31
"power a=3.31",3.31,100,1,1,0.565,0.53,0.59,0.534254388586865,0.799330379021785,0.799330379021785,2.31
"power a=3.31",3.31,100,3.16227766016838,1,0.22,0.22,0.225,0.219387830860044,0.799330379021785,0.252770460067451,2.31
"power a=3.31",3.31,100,10,1,0.075,0.075,0.075,0.0763512661371214,0.799330379021785,0.0799330379021785,2.31
"power a=3.31",3.31,100,31.6227766016838,0,NA,NA,NA,0.0184897635268572,0.799330379021785,0.0252770460067451,2.31
"power a=3.31",3.31,1000,1e-04,1,10,10,10,2.04759372489442,0.799330379021785,7993.30379021785,2.31
"power a=3.31",3.31,1000,0.000316227766016838,1,10,10,10,2.00793132178575,0.799330379021785,2527.70460067451,2.31
"power a=3.31",3.31,1000,0.001,1,6.285,5.3075,7.9375,1.9553825423618,0.799330379021785,799.330379021785,2.31
"power a=3.31",3.31,1000,0.00316227766016838,1,3.695,3.0175,4.455,1.8831085254291,0.799330379021785,252.770460067451,2.31
"power a=3.31",3.31,1000,0.01,1,2.725,2.2525,3.165,1.77896168456496,0.799330379021785,79.9330379021785,2.31
"power a=3.31",3.31,1000,0.0316227766016838,1,2.085,1.78,2.3625,1.62041805728097,0.799330379021785,25.2770460067451,2.31
"power a=3.31",3.31,1000,0.1,1,1.57,1.38,1.7,1.36775314601115,0.799330379021785,7.99330379021785,2.31
"power a=3.31",3.31,1000,0.316227766016838,1,1.045,0.95,1.0825,0.981125058083582,0.799330379021785,2.52770460067451,2.31
"power a=3.31",3.31,1000,1,1,0.545,0.525,0.555,0.534254388586865,0.799330379021785,0.799330379021785,2.31
"power a=3.31",3.31,1000,3.16227766016838,1,0.22,0.22,0.22,0.219387830860044,0.799330379021785,0.252770460067451,2.31
"power a=3.31",3.31,1000,10,1,0.075,0.075,0.075,0.0763512661371214,0.799330379021785,0.0799330379021785,2.31
"power a=3.31",3.31,1000,31.6227766016838,0,NA,NA,NA,0.0184897635268572,0.799330379021785,0.0252770460067451,2.31
"power a=3.31",3.31,10000,1e-04,1,6.17,5.1975,8.3375,2.04759372489442,0.799330379021785,7993.30379021785,2.31
"power a=3.31",3.31,10000,0.000316227766016838,1,3.695,3.2025,4.5075,2.00793132178575,0.799330379021785,2527.70460067451,2.31
"power a=3.31",3.31,10000,0.001,1,2.895,2.5575,3.3275,1.9553825423618,0.799330379021785,799.330379021785,2.31
"power a=3.31",3.31,10000,0.00316227766016838,1,2.465,2.2225,2.7,1.8831085254291,0.799330379021785,252.770460067451,2.31
"power a=3.31",3.31,10000,0.01,1,2.12,1.9375,2.29,1.77896168456496,0.799330379021785,79.9330379021785,2.31
"power a=3.31",3.31,10000,0.0316227766016838,1,1.805,1.6975,1.9,1.62041805728097,0.799330379021785,25.2770460067451,2.31
"power a=3.31",3.31,10000,0.1,1,1.44,1.3775,1.4825,1.36775314601115,0.799330379021785,7.99330379021785,2.31
"power a=3.31",3.31,10000,0.316227766016838,1,0.995,0.965,1.02,0.981125058083582,0.799330379021785,2.52770460067451,2.31
"power a=3.31",3.31,10000,1,1,0.535,0.53,0.54,0.534254388586865,0.799330379021785,0.799330379021785,2.31
"power a=3.31",3.31,10000,3.16227766016838,1,0.22,0.22,0.22,0.219387830860044,0.799330379021785,0.252770460067451,2.31
"power a=3.31",3.31,10000,10,1,0.075,0.075,0.075,0.0763512661371214,0.799330379021785,0.0799330379021785,2.31
"power a=3.31",3.31,10000,31.6227766016838,0,NA,NA,NA,0.0184897635268572,0.799330379021785,0.0252770460067451,2.31
"power a=3.31",3.31,1e+05,1e-04,1,3.07,2.4775,3.395,2.04759372489442,0.799330379021785,7993.30379021785,2.31
"power a=3.31",3.31,1e+05,0.000316227766016838,1,2.64,2.31,2.8075,2.00793132178575,0.799330379021785,2527.70460067451,2.31
"power a=3.31",3.31,1e+05,0.001,1,2.355,2.135,2.49,1.9553825423618,0.799330379021785,799.330379021785,2.31
"power a=3.31",3.31,1e+05,0.00316227766016838,1,2.135,1.995,2.21,1.8831085254291,0.799330379021785,252.770460067451,2.31
"power a=3.31",3.31,1e+05,0.01,1,1.925,1.83,1.98,1.77896168456496,0.799330379021785,79.9330379021785,2.31
"power a=3.31",3.31,1e+05,0.0316227766016838,1,1.68,1.63,1.73,1.62041805728097,0.799330379021785,25.2770460067451,2.31
"power a=3.31",3.31,1e+05,0.1,1,1.39,1.36,1.41,1.36775314601115,0.799330379021785,7.99330379021785,2.31
"power a=3.31",3.31,1e+05,0.316227766016838,1,0.9825,0.975,0.99,0.981125058083582,0.799330379021785,2.52770460067451,2.31
"power a=3.31",3.31,1e+05,1,1,0.535,0.53,0.535,0.534254388586865,0.799330379021785,0.799330379021785,2.31
"power a=3.31",3.31,1e+05,3.16227766016838,1,0.22,0.22,0.22,0.219387830860044,0.799330379021785,0.252770460067451,2.31
"power a=3.31",3.31,1e+05,10,1,0.075,0.075,0.075,0.0763512661371214,0.799330379021785,0.0799330379021785,2.31
"power a=3.31",3.31,1e+05,31.6227766016838,0,NA,NA,NA,0.0184897635268572,0.799330379021785,0.0252770460067451,2.31
"power a=3.31",3.31,1e+06,1e-04,1,2.53,2.305,2.73,2.04759372489442,0.799330379021785,7993.30379021785,2.31
"power a=3.31",3.31,1e+06,0.000316227766016838,1,2.325,2.2125,2.515,2.00793132178575,0.799330379021785,2527.70460067451,2.31
"power a=3.31",3.31,1e+06,0.001,1,2.175,2.1,2.33,1.9553825423618,0.799330379021785,799.330379021785,2.31
"power a=3.31",3.31,1e+06,0.00316227766016838,1,2.025,1.9775,2.1425,1.8831085254291,0.799330379021785,252.770460067451,2.31
"power a=3.31",3.31,1e+06,0.01,1,1.86,1.8275,1.93,1.77896168456496,0.799330379021785,79.9330379021785,2.31
"power a=3.31",3.31,1e+06,0.0316227766016838,1,1.655,1.63,1.69,1.62041805728097,0.799330379021785,25.2770460067451,2.31
"power a=3.31",3.31,1e+06,0.1,1,1.38,1.37,1.3825,1.36775314601115,0.799330379021785,7.99330379021785,2.31
"power a=3.31",3.31,1e+06,0.316227766016838,1,0.98,0.98,0.985,0.981125058083582,0.799330379021785,2.52770460067451,2.31
"power a=3.31",3.31,1e+06,1,1,0.535,0.535,0.535,0.534254388586865,0.799330379021785,0.799330379021785,2.31
"power a=3.31",3.31,1e+06,3.16227766016838,1,0.22,0.22,0.22,0.219387830860044,0.799330379021785,0.252770460067451,2.31
"power a=3.31",3.31,1e+06,10,1,0.075,0.075,0.075,0.0763512661371214,0.799330379021785,0.0799330379021785,2.31
"power a=3.31",3.31,1e+06,31.6227766016838,0,NA,NA,NA,0.0184897635268572,0.799330379021785,0.0252770460067451,2.31
"power a=4",4,100,1e-04,1,10,10,10,2.60660843425523,0.779112971732642,7791.12971732642,3
"power a=4",4,100,0.000316227766016838,1,10,10,10,2.5444434138052,0.779112971732642,2463.77154525753,3
"power a=4",4,100,0.001,1,10,10,10,2.46215627981343,0.779112971732642,779.112971732642,3
"power a=4",4,100,0.00316227766016838,1,10,10,10,2.34929749901118,0.779112971732642,246.377154525753,3
"power a=4",4,100,0.01,1,6.14,5.28,8.21,2.18794595162133,0.779112971732642,77.9112971732642,3
"power a=4",4,100,0.0316227766016838,1,3.595,2.9625,4.41,1.94724387488529,0.779112971732642,24.6377154525753,3
"power a=4",4,100,0.1,1,2.275,1.9175,2.605,1.58133431296816,0.779112971732642,7.79112971732642,3
"power a=4",4,100,0.316227766016838,1,1.275,1.15,1.385,1.07190929418274,0.779112971732642,2.46377154525753,3
"power a=4",4,100,1,1,0.585,0.565,0.605,0.551557701259974,0.779112971732642,0.779112971732642,3
"power a=4",4,100,3.16227766016838,1,0.22,0.22,0.22,0.218510161913063,0.779112971732642,0.246377154525753,3
"power a=4",4,100,10,1,0.075,0.075,0.075,0.0749376806746302,0.779112971732642,0.0779112971732642,3
"power a=4",4,100,31.6227766016838,0,NA,NA,NA,0.0255912476091443,0.779112971732642,0.0246377154525753,3
"power a=4",4,1000,1e-04,1,10,10,10,2.60660843425523,0.779112971732642,7791.12971732642,3
"power a=4",4,1000,0.000316227766016838,1,10,10,10,2.5444434138052,0.779112971732642,2463.77154525753,3
"power a=4",4,1000,0.001,1,6.03,5.2775,7.3625,2.46215627981343,0.779112971732642,779.112971732642,3
"power a=4",4,1000,0.00316227766016838,1,3.825,3.23,4.5775,2.34929749901118,0.779112971732642,246.377154525753,3
"power a=4",4,1000,0.01,1,2.925,2.47,3.3875,2.18794595162133,0.779112971732642,77.9112971732642,3
"power a=4",4,1000,0.0316227766016838,1,2.29,1.9875,2.61,1.94724387488529,0.779112971732642,24.6377154525753,3
"power a=4",4,1000,0.1,1,1.705,1.525,1.8525,1.58133431296816,0.779112971732642,7.79112971732642,3
"power a=4",4,1000,0.316227766016838,1,1.1,1.035,1.1525,1.07190929418274,0.779112971732642,2.46377154525753,3
"power a=4",4,1000,1,1,0.555,0.54375,0.565,0.551557701259974,0.779112971732642,0.779112971732642,3
"power a=4",4,1000,3.16227766016838,1,0.22,0.22,0.22,0.218510161913063,0.779112971732642,0.246377154525753,3
"power a=4",4,1000,10,1,0.075,0.075,0.075,0.0749376806746302,0.779112971732642,0.0779112971732642,3
"power a=4",4,1000,31.6227766016838,0,NA,NA,NA,0.0255912476091443,0.779112971732642,0.0246377154525753,3
"power a=4",4,10000,1e-04,1,6.655,5.8775,7.87,2.60660843425523,0.779112971732642,7791.12971732642,3
"power a=4",4,10000,0.000316227766016838,1,4.43,3.81,4.94,2.5444434138052,0.779112971732642,2463.77154525753,3
"power a=4",4,10000,0.001,1,3.495,3.025,3.895,2.46215627981343,0.779112971732642,779.112971732642,3
"power a=4",4,10000,0.00316227766016838,1,2.94,2.575,3.2625,2.34929749901118,0.779112971732642,246.377154525753,3
"power a=4",4,10000,0.01,1,2.57,2.2975,2.7525,2.18794595162133,0.779112971732642,77.9112971732642,3
"power a=4",4,10000,0.0316227766016838,1,2.135,1.9875,2.2325,1.94724387488529,0.779112971732642,24.6377154525753,3
"power a=4",4,10000,0.1,1,1.64,1.59,1.7,1.58133431296816,0.779112971732642,7.79112971732642,3
"power a=4",4,10000,0.316227766016838,1,1.09,1.07,1.11,1.07190929418274,0.779112971732642,2.46377154525753,3
"power a=4",4,10000,1,1,0.555,0.55,0.55625,0.551557701259974,0.779112971732642,0.779112971732642,3
"power a=4",4,10000,3.16227766016838,1,0.22,0.22,0.22,0.218510161913063,0.779112971732642,0.246377154525753,3
"power a=4",4,10000,10,1,0.075,0.075,0.075,0.0749376806746302,0.779112971732642,0.0779112971732642,3
"power a=4",4,10000,31.6227766016838,0,NA,NA,NA,0.0255912476091443,0.779112971732642,0.0246377154525753,3
"power a=4",4,1e+05,1e-04,1,3.865,3.3425,4.1525,2.60660843425523,0.779112971732642,7791.12971732642,3
"power a=4",4,1e+05,0.000316227766016838,1,3.32,2.9925,3.5825,2.5444434138052,0.779112971732642,2463.77154525753,3
"power a=4",4,1e+05,0.001,1,2.945,2.74,3.1525,2.46215627981343,0.779112971732642,779.112971732642,3
"power a=4",4,1e+05,0.00316227766016838,1,2.685,2.52,2.8,2.34929749901118,0.779112971732642,246.377154525753,3
"power a=4",4,1e+05,0.01,1,2.375,2.2675,2.4525,2.18794595162133,0.779112971732642,77.9112971732642,3
"power a=4",4,1e+05,0.0316227766016838,1,2.04,1.9675,2.09,1.94724387488529,0.779112971732642,24.6377154525753,3
"power a=4",4,1e+05,0.1,1,1.61,1.5775,1.63,1.58133431296816,0.779112971732642,7.79112971732642,3
"power a=4",4,1e+05,0.316227766016838,1,1.08,1.07,1.0825,1.07190929418274,0.779112971732642,2.46377154525753,3
"power a=4",4,1e+05,1,1,0.555,0.55,0.555,0.551557701259974,0.779112971732642,0.779112971732642,3
"power a=4",4,1e+05,3.16227766016838,1,0.22,0.22,0.22,0.218510161913063,0.779112971732642,0.246377154525753,3
"power a=4",4,1e+05,10,1,0.075,0.075,0.075,0.0749376806746302,0.779112971732642,0.0779112971732642,3
"power a=4",4,1e+05,31.6227766016838,0,NA,NA,NA,0.0255912476091443,0.779112971732642,0.0246377154525753,3
"power a=4",4,1e+06,1e-04,1,3.125,2.9125,3.27,2.60660843425523,0.779112971732642,7791.12971732642,3
"power a=4",4,1e+06,0.000316227766016838,1,2.92,2.7475,3.025,2.5444434138052,0.779112971732642,2463.77154525753,3
"power a=4",4,1e+06,0.001,1,2.72,2.575,2.805,2.46215627981343,0.779112971732642,779.112971732642,3
"power a=4",4,1e+06,0.00316227766016838,1,2.515,2.4075,2.565,2.34929749901118,0.779112971732642,246.377154525753,3
"power a=4",4,1e+06,0.01,1,2.27,2.205,2.3125,2.18794595162133,0.779112971732642,77.9112971732642,3
"power a=4",4,1e+06,0.0316227766016838,1,1.98,1.9475,2,1.94724387488529,0.779112971732642,24.6377154525753,3
"power a=4",4,1e+06,0.1,1,1.59,1.57,1.6,1.58133431296816,0.779112971732642,7.79112971732642,3
"power a=4",4,1e+06,0.316227766016838,1,1.07,1.07,1.0725,1.07190929418274,0.779112971732642,2.46377154525753,3
"power a=4",4,1e+06,1,1,0.55,0.55,0.55,0.551557701259974,0.779112971732642,0.779112971732642,3
"power a=4",4,1e+06,3.16227766016838,1,0.22,0.22,0.22,0.218510161913063,0.779112971732642,0.246377154525753,3
"power a=4",4,1e+06,10,1,0.075,0.075,0.075,0.0749376806746302,0.779112971732642,0.0779112971732642,3
"power a=4",4,1e+06,31.6227766016838,0,NA,NA,NA,0.0255912476091443,0.779112971732642,0.0246377154525753,3
