"dist","a","x","gstar_inf","gamma2","gap_to_gamma2"
"power a=2.8",2.8,1e-04,1.61770274211505,1.8,0.182297257884947
"power a=2.8",2.8,0.000316227766016838,1.59190959603315,1.8,0.208090403966847
"power a=2.8",2.8,0.001,1.55783918886972,1.8,0.242160811130283
"power a=2.8",2.8,0.00316227766016838,1.51107179057246,1.8,0.288928209427537
"power a=2.8",2.8,0.01,1.44365559634039,1.8,0.356344403659608
"power a=2.8",2.8,0.0316227766016838,1.34027031310458,1.8,0.459729686895421
"power a=2.8",2.8,0.1,1.17058189228706,1.8,0.629418107712941
"power a=2.8",2.8,0.316227766016838,0.888310682649364,1.8,0.911689317350636
"power a=2.8",2.8,1,0.514176844996123,1.8,1.28582315500388
"power a=2.8",2.8,3.16227766016838,0.219654233482054,1.8,1.58034576651795
"power a=2.8",2.8,10,0.0778109943528825,1.8,1.72218900564712
"power a=2.8",2.8,31.6227766016838,0.023308683575415,1.8,1.77669131642458
"power a=3.31",3.31,1e-04,2.04759372489442,2.31,0.262406275105576
"power a=3.31",3.31,0.000316227766016838,2.00793132178575,2.31,0.302068678214253
"power a=3.31",3.31,0.001,1.9553825423618,2.31,0.354617457638201
"power a=3.31",3.31,0.00316227766016838,1.8831085254291,2.31,0.426891474570901
"power a=3.31",3.31,0.01,1.77896168456496,2.31,0.531038315435039
"power a=3.31",3.31,0.0316227766016838,1.62041805728097,2.31,0.689581942719031
"power a=3.31",3.31,0.1,1.36775314601115,2.31,0.942246853988849
"power a=3.31",3.31,0.316227766016838,0.981125058083582,2.31,1.32887494191642
"power a=3.31",3.31,1,0.534254388586865,2.31,1.77574561141313
"power a=3.31",3.31,3.16227766016838,0.219387830860044,2.31,2.09061216913996
"power a=3.31",3.31,10,0.0763512661371214,2.31,2.23364873386288
"power a=3.31",3.31,31.6227766016838,0.0184897635268572,2.31,2.29151023647314
"power a=4",4,1e-04,2.60660843425523,3,0.393391565744774
"power a=4",4,0.000316227766016838,2.5444434138052,3,0.455556586194802
"power a=4",4,0.001,2.46215627981343,3,0.537843720186573
"power a=4",4,0.00316227766016838,2.34929749901118,3,0.650702500988817
"power a=4",4,0.01,2.18794595162133,3,0.812054048378672
"power a=4",4,0.0316227766016838,1.94724387488529,3,1.05275612511471
"power a=4",4,0.1,1.58133431296816,3,1.41866568703184
"power a=4",4,0.316227766016838,1.07190929418274,3,1.92809070581726
"power a=4",4,1,0.551557701259974,3,2.44844229874003
"power a=4",4,3.16227766016838,0.218510161913063,3,2.78148983808694
"power a=4",4,10,0.0749376806746302,3,2.92506231932537
"power a=4",4,31.6227766016838,0.0255912476091443,3,2.97440875239086
"NSFG men 25-44",3.31,1e-04,2.03421847592928,2.31,0.275781524070724
"NSFG men 25-44",3.31,0.000316227766016838,1.99161413985292,2.31,0.318385860147075
"NSFG men 25-44",3.31,0.001,1.93596171150818,2.31,0.374038288491818
"NSFG men 25-44",3.31,0.00316227766016838,1.86141941402623,2.31,0.448580585973769
"NSFG men 25-44",3.31,0.01,1.75814078745443,2.31,0.551859212545567
"NSFG men 25-44",3.31,0.0316227766016838,1.60668194699215,2.31,0.70331805300785
"NSFG men 25-44",3.31,0.1,1.36255586937931,2.31,0.947444130620688
"NSFG men 25-44",3.31,0.316227766016838,0.968484360171719,2.31,1.34151563982828
"NSFG men 25-44",3.31,1,0.523996543806283,2.31,1.78600345619372
"NSFG men 25-44",3.31,3.16227766016838,0.218102373942102,2.31,2.0918976260579
"NSFG men 25-44",3.31,10,0.0768089836702942,2.31,2.23319101632971
"NSFG men 25-44",3.31,31.6227766016838,0.0157931490049357,2.31,2.29420685099506
