"dist","a","gamma2","x","gstar_inf","delta","L1x","delta_times_ln"
"power a=2.8",2.8,1.8,1e-08,1.70822004521324,0.0917799547867557,18.4206807439524,1.69064924582121
"power a=2.8",2.8,1.8,3.16227766016838e-08,1.702205084628,0.0977949153719997,17.2693881974553,1.68885835729636
"power a=2.8",2.8,1.8,1e-07,1.69532810623339,0.104671893766613,16.1180956509583,1.68711159569721
"power a=2.8",2.8,1.8,3.16227766016838e-07,1.68738797822782,0.112612021772184,14.9668031044613,1.68544195705959
"power a=2.8",2.8,1.8,1e-06,1.67811467371304,0.12188532628696,13.8155105579643,1.68390801217841
"power a=2.8",2.8,1.8,3.16227766016838e-06,1.66714201055926,0.132857989440736,12.6642180114673,1.68254254284269
"power a=2.8",2.8,1.8,1e-05,1.65395802153977,0.14604197846023,11.5129254649702,1.68137041276942
"power a=2.8",2.8,1.8,3.16227766016838e-05,1.63783642893039,0.162163571069614,10.3616329184732,1.68027939617208
"power a=2.8",2.8,1.8,1e-04,1.61770143774656,0.182298562253439,9.21034037197618,1.67903180767607
"power a=2.8",2.8,1.8,0.000316227766016838,1.59190868394204,0.208091316057956,8.05904782547916,1.67701786817797
"power a=2.8",2.8,1.8,0.001,1.5578401753661,0.2421598246339,6.90775527898214,1.67278080697221
"power a=2.8",2.8,1.8,0.00316227766016838,1.51107196961731,0.288928030382687,5.75646273248511,1.66320343926827
"power a=2.8",2.8,1.8,0.01,1.44365636260315,0.35634363739685,4.60517018598809,1.64102309490652
"power a=2.8",2.8,1.8,0.0316227766016838,1.34026888880355,0.459731111196449,3.45387763949107,1.5878550051398
"power a=2.8",2.8,1.8,0.1,1.17058149500116,0.629418504998835,2.30258509299405,1.44928966686492
"power a=3.31",3.31,2.31,1e-08,2.18412539270037,0.125874607299629,18.4206807439524,2.31869595483684
"power a=3.31",3.31,2.31,3.16227766016838e-08,2.17531660455445,0.134683395445554,17.2693881974553,2.32589983970067
"power a=3.31",3.31,2.31,1e-07,2.16517668291795,0.144823317082052,16.1180956509583,2.33427607721759
"power a=3.31",3.31,2.31,3.16227766016838e-07,2.15338486373014,0.156615136269863,14.9668031044613,2.34402790772942
"power a=3.31",3.31,2.31,1e-06,2.1395125460513,0.170487453948705,13.8155105579643,2.35537122002878
"power a=3.31",3.31,2.31,3.16227766016838e-06,2.12298989759855,0.187010102401452,12.6642180114673,2.3683367071588
"power a=3.31",3.31,2.31,1e-05,2.10301041916224,0.20698958083776,11.5129254649702,2.38305561621056
"power a=3.31",3.31,2.31,3.16227766016838e-05,2.07843567568364,0.231564324316355,10.3616329184732,2.39938452558035
"power a=3.31",3.31,2.31,1e-04,2.04759326611696,0.262406733883037,9.21034037197618,2.41685533496135
"power a=3.31",3.31,2.31,0.000316227766016838,2.00793104321791,0.302068956782094,8.05904782547916,2.43438816929949
"power a=3.31",3.31,2.31,0.001,1.95538308434817,0.354616915651827,6.90775527898214,2.44960687111027
"power a=3.31",3.31,2.31,0.00316227766016838,1.8831089422811,0.426891057718904,5.75646273248511,2.45738246459002
"power a=3.31",3.31,2.31,0.01,1.77896163800188,0.531038361998124,4.60517018598809,2.44552203228971
"power a=3.31",3.31,2.31,0.0316227766016838,1.62041669339995,0.689583306600047,3.45387763949107,2.38173636323221
"power a=3.31",3.31,2.31,0.1,1.36775202281108,0.942247977188917,2.30258509299405,2.16960614617899
"power a=4",4,3,1e-08,2.81991567805702,0.180084321942983,18.4206807439524,3.31727580150283
"power a=4",4,3,3.16227766016838e-08,2.80631849150248,0.19368150849752,17.2693881974553,3.34476115691242
"power a=4",4,3,1e-07,2.79059704114042,0.209402958859584,16.1180956509583,3.37517692049247
"power a=4",4,3,3.16227766016838e-07,2.77224930002405,0.227750699975949,14.9668031044613,3.40869988344326
"power a=4",4,3,1e-06,2.75060380666777,0.249396193332231,13.8155105579643,3.44553574209753
"power a=4",4,3,3.16227766016838e-06,2.72476156633617,0.275238433663833,12.6642180114673,3.48567952905355
"power a=4",4,3,1e-05,2.69347254101838,0.306527458981625,11.5129254649702,3.52902778822216
"power a=4",4,3,3.16227766016838e-05,2.65495819036174,0.345041809638257,10.3616329184732,3.57519657299733
"power a=4",4,3,1e-04,2.60660826972078,0.393391730279215,9.21034037197618,3.62327173539222
"power a=4",4,3,0.000316227766016838,2.54444488112733,0.455555118872673,8.05904782547916,3.67134049013672
"power a=4",4,3,0.001,2.46215619274676,0.537843807253242,6.90775527898214,3.71529339882143
"power a=4",4,3,0.00316227766016838,2.34929757862741,0.650702421372594,5.75646273248511,3.74574423856916
"power a=4",4,3,0.01,2.18794490751167,0.812055092488329,4.60517018598809,3.73965190130706
"power a=4",4,3,0.0316227766016838,1.94724343328304,1.05275656671696,3.45387763949107,3.63609236561111
"power a=4",4,3,0.1,1.58133329113445,1.41866670886555,2.30258509299405,3.26660081576073
"NSFG men 25-44",3.31,2.31,1e-08,2.18085654103504,0.129143458964958,18.4206807439524,2.37891042776321
"NSFG men 25-44",3.31,2.31,3.16227766016838e-08,2.17155033776959,0.138449662230409,17.2693881974553,2.39094096286351
"NSFG men 25-44",3.31,2.31,1e-07,2.16079357263963,0.149206427360372,16.1180956509583,2.40492346793225
"NSFG men 25-44",3.31,2.31,3.16227766016838e-07,2.14823222667189,0.161767773328111,14.9668031044613,2.42114641204896
"NSFG men 25-44",3.31,2.31,1e-06,2.13339519661477,0.176604803385234,13.8155105579643,2.4398855257559
"NSFG men 25-44",3.31,2.31,3.16227766016838e-06,2.11564213389124,0.194357866108762,12.6642180114673,2.46139038864492
"NSFG men 25-44",3.31,2.31,1e-05,2.09409705140362,0.215902948596377,11.5129254649702,2.48567455485738
"NSFG men 25-44",3.31,2.31,3.16227766016838e-05,2.06753552883199,0.242464471168008,10.3616329184732,2.51232784601463
"NSFG men 25-44",3.31,2.31,1e-04,2.03421685830967,0.275783141690333,9.21034037197618,2.54005660382091
"NSFG men 25-44",3.31,2.31,0.000316227766016838,1.99161300059854,0.318386999401459,8.05904782547916,2.56589605518716
"NSFG men 25-44",3.31,2.31,0.001,1.93596323873348,0.374036761266522,6.90775527898214,2.5837544121722
"NSFG men 25-44",3.31,2.31,0.00316227766016838,1.86141953393165,0.448580466068353,5.75646273248511,2.58223673544327
"NSFG men 25-44",3.31,2.31,0.01,1.7581412762993,0.551858723700697,4.60517018598809,2.54140334126389
"NSFG men 25-44",3.31,2.31,0.0316227766016838,1.60668229144713,0.703317708552874,3.45387763949107,2.42917330702887
"NSFG men 25-44",3.31,2.31,0.1,1.36255734775615,0.947442652243851,2.30258509299405,2.18156732752343
