"network","fsw_frac","q","n_per_sex","n_fsw","fsw_deg_mean","fsw_deg_median","fsw_deg_max","pct_men_clients","fsw_per_client","fsw_per_client_excess","max_fsw_per_client","kappa_m","kappa_f","kappa_f_household","kappa","tau_c","R_tau03","R_tau06","pct_in_gc","fsw_in_gc","n_bridges","bridges_clients","bridges_in_gc"
"NSFG 25-44 (trimmed)",0,NA,20000,0,NA,NA,NA,0,NA,NA,0,0.603152844413982,0.754306602695911,0.75430660269591,0.674508838323328,1.48256026190223,0.202352651496999,0.404705302993997,0.3,0,363,0,0
"NSFG 25-44 + FSW core",2e-04,1,20000,4,773.75,597.5,1576,11.325,1.36644591611479,0.646203554119548,4,1.19223378702962,137.939791833467,0.755129083847384,12.8240586554995,0.0779784331048078,3.84721759664985,7.69443519329971,22.1902809719028,4,363,50,84
"NSFG 25-44 + FSW core",2e-04,2,20000,4,641,517.5,1236,8.235,1.55676988463874,0.969578783151326,4,0.917955010224949,91.4087525562372,0.755277346248744,9.16019226803731,0.109168014244559,2.74805768041119,5.49611536082239,17.2832716728327,4,363,37,82
"NSFG 25-44 + FSW core",2e-04,4,20000,4,546,474,957,5.975,1.82761506276151,1.28388278388278,4,0.796293988117496,62.8124974032989,0.755129083847384,7.07228492503609,0.141397018163108,2.12168547751083,4.24337095502165,12.7987201279872,4,363,19,40
"NSFG 25-44 + FSW core",2e-04,8,20000,4,501.25,440,841,4.875,2.05641025641026,1.5002493765586,4,0.749570968147001,51.5312879326943,0.755277346248744,6.21501065047933,0.16090077012545,1.8645031951438,3.7290063902876,10.02899710029,4,363,12,34
"NSFG 25-44 + FSW core",2e-04,16,20000,4,491.25,436.5,817,4.675,2.10160427807487,1.51246819338422,4,0.74059787849566,49.1072072449792,0.755277346248744,6.0306461929447,0.165819709531278,1.80919385788341,3.61838771576682,9.56654334566543,4,363,12,40
"NSFG 25-44 + FSW core",5e-04,1,20000,10,350.5,266.5,1120,11.325,1.54746136865342,1.08873038516405,8,1.36426292780907,85.0903863573707,0.755277346248744,10.7743055284464,0.0928134066144486,3.23229165853393,6.46458331706786,22.5643589102724,10,363,50,79
"NSFG 25-44 + FSW core",5e-04,2,20000,10,309.7,247.5,896,8.235,1.88038858530662,1.74168550209881,8,1.09938758355682,62.4310931433374,0.755277346248744,8.28468277181839,0.120704682067206,2.48540483154552,4.97080966309103,17.3556610847288,10,363,37,67
"NSFG 25-44 + FSW core",5e-04,4,20000,10,282.9,235.5,755,5.975,2.3673640167364,2.36196535878402,9,0.995023265223549,49.5837345741453,0.755277346248744,7.02402800947887,0.142368452781012,2.10720840284366,4.21441680568732,13.0242439390152,10,363,19,42
"NSFG 25-44 + FSW core",5e-04,8,20000,10,273.2,235.5,683,4.875,2.80205128205128,2.71229868228404,9,0.969128280120238,44.9482492485173,0.755277346248744,6.60004693079007,0.15151407414012,1.98001407923702,3.96002815847404,10.2824293926518,10,363,12,36
"NSFG 25-44 + FSW core",5e-04,16,20000,10,273,239.5,679,4.675,2.91978609625668,2.75091575091575,8,0.965469613259668,44.4239519012025,0.755277346248744,6.54904387384296,0.152694045003122,1.96471316215289,3.92942632430578,9.18770307423144,10,363,12,34
"NSFG 25-44 + FSW core",0.0017,1,20000,34,107.352941176471,26,1016,11.325,1.61147902869757,1.25315068493151,9,1.42160087719298,71.5617167919799,0.755277346248744,10.0862381175994,0.0991449922498965,3.02587143527981,6.05174287055962,22.0612479392516,34,363,50,88
"NSFG 25-44 + FSW core",0.0017,2,20000,34,96.0882352941177,26,850,8.235,1.98360655737705,2.06917661463116,11,1.17115254641593,53.6134854689301,0.755277346248744,7.92398700334441,0.126199096436925,2.37719610100332,4.75439220200665,17.2678223510016,34,363,37,63
"NSFG 25-44 + FSW core",0.0017,4,20000,34,89.9117647058823,25.5,739,5.975,2.5581589958159,2.83545960091593,12,1.08711863047749,44.0151545523794,0.755277346248744,6.9173473627712,0.144564086138271,2.07520420883136,4.15040841766272,12.8265973922166,33,363,19,48
"NSFG 25-44 + FSW core",0.0017,8,20000,34,87,26,669,4.875,3.03384615384615,3.18661257606491,12,1.06085976493318,39.0893575913701,0.755277346248744,6.43959056973113,0.155289375802933,1.93187717091934,3.86375434183868,10.0239796173253,34,363,12,29
"NSFG 25-44 + FSW core",0.0017,16,20000,34,86.5588235294118,25,671,4.675,3.1475935828877,3.23615358477744,11,1.05590462381183,38.7202352183019,0.755129083847384,6.39412819718892,0.15639348620499,1.91823845915668,3.83647691831335,9.61432782135185,34,363,12,41
"NSFG 25-44 (trimmed)",0,NA,20000,0,NA,NA,NA,0,NA,NA,0,0.693630112196887,0.835595367354325,0.835595367354325,0.761310783063776,1.3135240196857,0.228393234919133,0.456786469838266,0.34,0,401,0,0
"NSFG 25-44 + FSW core",2e-04,1,20000,4,796,722,1372,11.115,1.43229869545659,0.761934673366834,4,1.35073357851861,122.074109226085,0.834547346514048,12.840934483106,0.0778759521992451,3.8522803449318,7.70456068986359,23.012698730127,4,401,0,42
"NSFG 25-44 + FSW core",2e-04,2,20000,4,648,604.5,1044,7.95,1.63018867924528,1.10030864197531,4,1.01976028506641,79.2471655328798,0.835595367354325,8.98961134390772,0.111239514339817,2.69688340317231,5.39376680634463,17.7857214278572,4,401,0,41
"NSFG 25-44 + FSW core",2e-04,4,20000,4,548.25,531.5,822,5.62,1.95106761565836,1.48654810761514,4,0.876980697205416,55.7719059966251,0.835595367354325,6.9936317464816,0.142987225557463,2.09808952394448,4.19617904788896,13.3711628837116,4,401,0,38
"NSFG 25-44 + FSW core",2e-04,8,20000,4,504,500.5,723,4.42,2.28054298642534,1.74503968253968,4,0.82653399668325,46.7426202321725,0.835595367354325,6.215654809909,0.160884095173014,1.8646964429727,3.7293928859454,10.3989601039896,4,401,0,27
"NSFG 25-44 + FSW core",2e-04,16,20000,4,480.5,486.5,652,3.675,2.61496598639456,1.94588969823101,4,0.802330905306972,41.8299271592091,0.835542686513143,5.79322391476223,0.172615458113368,1.73796717442867,3.47593434885734,7.0967903209679,4,401,0,10
"NSFG 25-44 + FSW core",5e-04,1,20000,10,344.5,245.5,1169,11.115,1.54970760233918,1.03802612481858,7,1.46753297585033,90.2736702023563,0.835595367354325,11.5099777529322,0.086881140994842,3.45299332587967,6.90598665175934,22.6343414146463,10,401,0,53
"NSFG 25-44 + FSW core",5e-04,2,20000,10,297.2,225.5,926,7.95,1.86918238993711,1.76514131897712,8,1.16629446482693,63.6945286329558,0.835595367354325,8.61896607397758,0.116023197146489,2.58568982219328,5.17137964438655,17.938015496126,10,401,0,34
"NSFG 25-44 + FSW core",5e-04,4,20000,10,264.8,215,732,5.62,2.355871886121,2.42296072507553,8,1.03115025655529,46.752454446285,0.835271230149753,6.94325610912318,0.144024645538573,2.08297683273695,4.16595366547391,13.5916020994751,10,401,0,33
"NSFG 25-44 + FSW core",5e-04,8,20000,10,252.7,211.5,674,4.42,2.85859728506787,2.7194301543332,8,0.991433559335796,42.1312167593683,0.835595367354325,6.46299483141434,0.154727030747317,1.9388984494243,3.8777968988486,10.0574856285929,10,401,0,17
"NSFG 25-44 + FSW core",5e-04,16,20000,10,244.9,206.5,627,3.675,3.33197278911565,2.94569211923234,8,0.969494562782552,38.8890970553497,0.835595367354325,6.14025798698104,0.16285960657032,1.84207739609431,3.68415479218862,7.92051987003249,10,401,0,25
"NSFG 25-44 + FSW core",0.0017,1,20000,34,112.235294117647,54.5,529,11.115,1.7165991902834,1.5251572327044,9,1.65631390099927,43.8837918129558,0.834547346514048,8.52556944774696,0.117294217838348,2.55767083432409,5.11534166864818,22.9504920817305,33,401,0,45
"NSFG 25-44 + FSW core",0.0017,2,20000,34,103.058823529412,54,454,7.95,2.20377358490566,2.90981735159817,13,1.4216651046548,35.2806935332709,0.835595367354325,7.08218404620152,0.141199380512618,2.12465521386045,4.24931042772091,17.9322575810561,33,401,0,41
"NSFG 25-44 + FSW core",0.0017,4,20000,34,98.5294117647059,52.5,417,5.62,2.98042704626335,3.89850746268657,14,1.33029505362826,31.1146819628335,0.835542686513143,6.43363874571565,0.155433035568857,1.9300916237147,3.86018324742939,13.4785432382475,33,401,0,34
"NSFG 25-44 + FSW core",0.0017,8,20000,34,95.7941176470588,53.5,393,4.42,3.68438914027149,4.28124040528093,13,1.30294546745002,28.9285122826387,0.835595367354325,6.13940338784938,0.16288227647317,1.84182101635481,3.68364203270963,10.211320377679,33,401,0,23
"NSFG 25-44 + FSW core",0.0017,16,20000,34,95,52.5,388,3.675,4.39455782312925,4.47120743034056,13,1.2869661324702,28.1218125838794,0.835595367354325,6.01596379469882,0.166224404621781,1.80478913840964,3.60957827681929,7.18389369036319,33,401,0,20
"NSFG 25-44 (trimmed)",0,NA,20000,0,NA,NA,NA,0,NA,NA,0,0.606278192027985,0.739114425112768,0.739114425112768,0.669409409374542,1.49385411378418,0.200822822812362,0.401645645624725,0.21,0,376,0,3
"NSFG 25-44 + FSW core",2e-04,1,20000,4,820,776,1444,11.67,1.40531276778063,0.693292682926829,4,1.2251149770046,153.336132773445,0.739056386651323,13.7059984231983,0.0729607555117937,4.11179952695948,8.22359905391897,22.0852914708529,4,376,42,75
"NSFG 25-44 + FSW core",2e-04,2,20000,4,655.25,618,1120,8.335,1.57228554289142,0.959175887066005,4,0.891563295818615,96.4556806046168,0.739056386651323,9.27342140206514,0.107835065036223,2.78202642061954,5.56405284123908,16.5383461653835,4,376,32,59
"NSFG 25-44 + FSW core",2e-04,4,20000,4,559,537.5,896,6.01,1.86023294509151,1.30143112701252,4,0.772787979966611,67.2375626043406,0.738998342846621,7.20835488741272,0.138727908880597,2.16250646622382,4.32501293244763,12.5662433756624,4,376,25,55
"NSFG 25-44 + FSW core",2e-04,8,20000,4,523.5,517,809,5.065,2.06712734452122,1.46513849092646,4,0.736218984844032,58.6527562030312,0.737031070195627,6.57124589633504,0.152178143349913,1.97137376890051,3.94274753780103,10.2714728527147,4,376,18,50
"NSFG 25-44 + FSW core",2e-04,16,20000,4,518.25,505,810,4.89,2.11963190184049,1.51278340569223,4,0.732971973612337,57.077440228581,0.739114425112768,6.46808812657057,0.154605190967026,1.94042643797117,3.88085287594234,9.83901609839016,4,376,20,40
"NSFG 25-44 + FSW core",5e-04,1,20000,10,361,121,1334,11.67,1.54670094258783,1.01717451523546,6,1.36154089043259,119.626381433533,0.739114425112768,12.7622964193848,0.0783558042486062,3.82868892581543,7.65737785163086,22.1294676330917,10,376,42,84
"NSFG 25-44 + FSW core",5e-04,2,20000,10,301.5,117.5,1012,8.335,1.80863827234553,1.51376451077944,8,1.01693545127521,78.7445939937755,0.739114425112768,8.94864063579175,0.111748816462728,2.68459219073753,5.36918438147505,16.8732816795801,10,376,32,60
"NSFG 25-44 + FSW core",5e-04,4,20000,10,270.7,115,857,6.01,2.25207986688852,2.05615072035464,7,0.910772757039948,61.6674852652259,0.737031070195627,7.49433556592779,0.133434110496252,2.24830066977834,4.49660133955667,12.3544113971507,10,376,25,47
"NSFG 25-44 + FSW core",5e-04,8,20000,10,259.7,117.5,786,5.065,2.56367226061204,2.27339237581825,7,0.880483492990174,55.2886568268717,0.739114425112768,6.97715914148868,0.143324808811317,2.0931477424466,4.18629548489321,10.2924268932767,10,376,18,42
"NSFG 25-44 + FSW core",5e-04,16,20000,10,263.4,115.5,777,4.89,2.69325153374233,2.38268792710706,9,0.892528735632184,56.6386699507389,0.739114425112768,7.10996768480853,0.140647615338202,2.13299030544256,4.26598061088512,9.6575856035991,10,376,20,33
"NSFG 25-44 + FSW core",0.0017,1,20000,34,118.352941176471,32.5,909,11.67,1.72407883461868,1.51143141153082,10,1.55914563106796,70.4792233009709,0.739114425112768,10.4827178293977,0.0953951080506627,3.1448153488193,6.28963069763861,22.2535844532148,33,376,42,85
"NSFG 25-44 + FSW core",0.0017,2,20000,34,107.088235294118,32.5,737,8.335,2.18416316736653,2.6245536940401,12,1.27627532918079,53.4194591185051,0.737031070195627,8.25699326456852,0.121109460545534,2.47709797937056,4.95419595874111,16.7657491132537,33,376,32,70
"NSFG 25-44 + FSW core",0.0017,4,20000,34,100.676470588235,31,647,6.01,2.8477537437604,3.35086181711949,13,1.18501729691041,44.8839317666706,0.739114425112768,7.2930264977478,0.137117285986664,2.18790794932434,4.37581589864868,12.172153669381,33,376,25,45
"NSFG 25-44 + FSW core",0.0017,8,20000,34,99,32,601,5.065,3.32280355380059,3.68211527035056,13,1.17503586800574,42.0290929379882,0.739114425112768,7.02749540746081,0.142298207543236,2.10824862223824,4.21649724447649,10.1288904431233,33,376,18,37
"NSFG 25-44 + FSW core",0.0017,16,20000,34,98.2941176470588,32,606,4.89,3.41717791411043,3.66187911430281,12,1.16267751715334,41.9568374022658,0.739114425112768,6.98443065242064,0.143175592938764,2.09532919572619,4.19065839145238,9.89658790028476,33,376,20,38
"NSFG 25-44 (trimmed)",0,NA,20000,0,NA,NA,NA,0,NA,NA,0,0.672999634636463,0.800694190719766,0.800694190719766,0.734075539580186,1.3622576234755,0.220222661874056,0.440445323748112,0.3425,0,351,0,2
"NSFG 25-44 + FSW core",2e-04,1,20000,4,721.5,603.5,1342,10.31,1.3996120271581,0.724185724185724,4,1.25922040190461,111.753207973529,0.800694190719766,11.8626270049495,0.0842983598475082,3.55878810148484,7.11757620296969,21.5253474652535,4,351,37,76
"NSFG 25-44 + FSW core",2e-04,2,20000,4,573.75,507,987,7.23,1.58713692946058,1.01263616557734,4,0.930467135179827,68.2878875568417,0.800365380223795,7.97117526482115,0.125452015139255,2.39135257944635,4.78270515889269,16.3708629137086,4,351,26,53
"NSFG 25-44 + FSW core",2e-04,4,20000,4,483.75,445,766,5.11,1.89334637964775,1.3922480620155,4,0.804246569594226,46.6684570517393,0.800694190719766,6.12641383617829,0.163227628224313,1.83792415085349,3.67584830170697,11.951304869513,4,351,20,48
"NSFG 25-44 + FSW core",2e-04,8,20000,4,442.75,418.5,662,4.025,2.2,1.6352343308865,4,0.757425951747159,38.3777411585752,0.800694190719766,5.39150230668039,0.185477060588649,1.61745069200412,3.23490138400823,9.12908709129087,4,351,17,33
"NSFG 25-44 + FSW core",2e-04,16,20000,4,435,414.5,633,3.69,2.35772357723577,1.7735632183908,4,0.749989422466681,36.5377617939496,0.799086549440511,5.23478126248552,0.191029949458708,1.57043437874565,3.14086875749131,8.12668733126687,4,351,17,32
"NSFG 25-44 + FSW core",5e-04,1,20000,10,319.3,215.5,881,10.31,1.54849660523763,1.08925775133104,8,1.39630913946351,73.2986567818566,0.800694190719766,10.1166982941524,0.0988464784580972,3.03500948824571,6.07001897649142,21.2771807048238,10,351,37,72
"NSFG 25-44 + FSW core",5e-04,2,20000,10,275.5,206,705,7.23,1.90525587828492,1.805444646098,9,1.10060851926978,51.6608519269777,0.799908654944051,7.54044917386001,0.132618094352606,2.262134752158,4.524269504316,16.3209197700575,10,351,26,56
"NSFG 25-44 + FSW core",5e-04,4,20000,10,248.9,196.5,602,5.11,2.43542074363992,2.49658497388509,9,0.986262046339963,40.611769530449,0.800694190719766,6.32881086165384,0.158007566011963,1.89864325849615,3.7972865169923,12.0419895026243,10,351,20,40
"NSFG 25-44 + FSW core",5e-04,8,20000,10,234.4,191,555,4.025,2.91180124223603,2.7901023890785,8,0.940924092409241,35.3779702970297,0.800694190719766,5.76957403913094,0.173323020593497,1.73087221173928,3.46174442347857,9.0177455636091,10,351,17,39
"NSFG 25-44 + FSW core",5e-04,16,20000,10,229.3,185,529,3.69,3.1070460704607,2.88791975577846,9,0.925710033486295,33.5898135516144,0.800694190719766,5.57623774848807,0.179332382352445,1.67287132454642,3.34574264909284,7.64308922769308,10,351,17,29
"NSFG 25-44 + FSW core",0.0017,1,20000,34,89.5,16.5,1230,10.31,1.47575169738118,0.91948734801183,8,1.32603552668511,83.42852560247,0.800694190719766,10.5180411145723,0.0950747376918446,3.1554123343717,6.31082466874339,21.4467702452915,34,351,37,83
"NSFG 25-44 + FSW core",0.0017,2,20000,34,75.6764705882353,16.5,947,7.23,1.77939142461964,1.58802953750486,8,1.03898970083374,53.1000490436489,0.799634619776205,7.4276782422314,0.134631572260942,2.22830347266942,4.45660694533884,16.358595194085,34,351,26,57
"NSFG 25-44 + FSW core",0.0017,4,20000,34,68.3235294117647,16.5,749,5.11,2.27299412915851,2.30305639259578,8,0.936124530327429,37.897105578265,0.800694190719766,5.95620769955366,0.167892063279616,1.7868623098661,3.5737246197322,12.1771494229905,34,351,20,43
"NSFG 25-44 + FSW core",0.0017,8,20000,34,63.5294117647059,16.5,643,4.025,2.6832298136646,2.61388888888889,10,0.892205362710455,30.4443982540012,0.799451929664307,5.2117804430648,0.1918730097947,1.56353413291944,3.12706826583888,9.8091622121197,34,351,17,32
"NSFG 25-44 + FSW core",0.0017,16,20000,34,62.8235294117647,16,619,3.69,2.89430894308943,2.72659176029963,9,0.884820239680426,28.8559420772304,0.800694190719766,5.05295176950854,0.197904125274733,1.51588553085256,3.03177106170512,8.5127641504721,34,351,17,37
"NSFG 25-44 (trimmed)",0,NA,20000,0,NA,NA,NA,0,NA,NA,0,0.72391588237943,0.892781555365425,0.892781555365425,0.80392707842468,1.2438939138106,0.241178123527404,0.482356247054808,0.455,0,369,0,2
"NSFG 25-44 + FSW core",2e-04,1,20000,4,648.75,308,1799,10.445,1.24222115844902,0.449325626204239,4,1.21043506310229,140.160235474376,0.891110510672791,13.0251627041991,0.0767744728192622,3.90754881125972,7.81509762251945,22.3577642235776,4,369,39,79
"NSFG 25-44 + FSW core",2e-04,2,20000,4,497.25,276,1269,7.22,1.37742382271468,0.69482151835093,4,0.897999669366838,74.7712845098363,0.892781555365425,8.19418017668435,0.122037833979462,2.4582540530053,4.91650810601061,17.2382761723828,4,369,30,71
"NSFG 25-44 + FSW core",2e-04,4,20000,4,398,256.5,912,4.95,1.60808080808081,1.00879396984925,4,0.774486322954746,42.4192613135006,0.892781555365425,5.73176567186321,0.174466308856435,1.71952970155896,3.43905940311793,13.003699630037,4,369,20,53
"NSFG 25-44 + FSW core",2e-04,8,20000,4,353.75,250.5,749,3.935,1.79796696315121,1.21413427561837,4,0.730674794682923,30.99407332148,0.892781555365425,4.7588431535994,0.210135103789592,1.42765294607982,2.85530589215964,10.0539946005399,4,369,20,46
"NSFG 25-44 + FSW core",2e-04,16,20000,4,330.25,254.5,647,3.275,2.01679389312977,1.37623012869039,4,0.706592425723637,25.2485229736048,0.891110510672791,4.2237915542624,0.236754107572108,1.26713746627872,2.53427493255744,7.38676132386761,4,369,15,37
"NSFG 25-44 + FSW core",5e-04,1,20000,10,276.1,54,1691,10.445,1.32168501675443,0.60775081492213,5,1.27491188721564,126.507449535405,0.892781555365425,12.6998366617063,0.0787411701927858,3.8099509985119,7.6199019970238,22.6768307923019,10,369,39,84
"NSFG 25-44 + FSW core",5e-04,2,20000,10,217.6,52.5,1188,7.22,1.50692520775623,0.969669117647059,7,0.955583808391092,67.9667801336997,0.892781555365425,8.05902938350772,0.124084421635989,2.41770881505232,4.83541763010463,17.3056735816046,10,369,30,67
"NSFG 25-44 + FSW core",5e-04,4,20000,10,180.6,53,884,4.95,1.82424242424242,1.43300110741971,7,0.830550118685712,41.2703952025986,0.892781555365425,5.85466750838376,0.170803892546933,1.75640025251513,3.51280050503026,12.8942764308923,10,369,20,50
"NSFG 25-44 + FSW core",5e-04,8,20000,10,164.8,51.5,729,3.935,2.09402795425667,1.6747572815534,7,0.789520016767973,31.0158038147139,0.892781555365425,4.94849451327018,0.202081662881173,1.48454835398105,2.96909670796211,9.65258685328668,10,369,20,37
"NSFG 25-44 + FSW core",5e-04,16,20000,10,155.3,51,639,3.275,2.37099236641221,1.8815196394076,7,0.767929292929293,25.9998316498316,0.892781555365425,4.46833664075748,0.22379692498515,1.34050099222725,2.68100198445449,7.50062484378905,10,369,15,31
"NSFG 25-44 + FSW core",0.0017,1,20000,34,99.8823529411765,32.5,995,10.445,1.6256582096697,1.27326266195524,8,1.53771042455962,61.8031480685857,0.892781555365425,9.74860733929037,0.102578754605249,2.92458220178711,5.84916440357422,22.5233551481241,34,369,39,69
"NSFG 25-44 + FSW core",0.0017,2,20000,34,89.0588235294118,32.5,803,7.22,2.09695290858726,2.42866578599736,11,1.28123637804636,44.1836338418863,0.892781555365425,7.5239403900154,0.132909080636397,2.25718211700462,4.51436423400924,17.2603287205875,34,369,30,67
"NSFG 25-44 + FSW core",0.0017,4,20000,34,79.9411764705882,31.5,608,4.95,2.74545454545455,3.22295805739514,12,1.14712136409228,30.9129789368104,0.892781555365425,5.95490877899484,0.167928684907377,1.78647263369845,3.5729452673969,12.7716441025129,34,369,20,48
"NSFG 25-44 + FSW core",0.0017,8,20000,34,78.0294117647059,32,565,3.935,3.3710292249047,3.65473049378063,12,1.12630732099759,28.1852775543041,0.892781555365425,5.63429538218947,0.177484482471596,1.69028861465684,3.38057722931368,9.94904331318379,34,369,20,49
"NSFG 25-44 + FSW core",0.0017,16,20000,34,77.5588235294118,31,553,3.275,4.02595419847328,3.84755403868032,12,1.11962646916761,27.688455965223,0.892781555365425,5.56782975575271,0.179603192602431,1.67034892672581,3.34069785345163,7.25633211769996,34,369,15,32
"NSFG 25-44 (trimmed)",0,NA,20000,0,NA,NA,NA,0,NA,NA,0,0.621630280562039,0.777060735045082,0.777060735045082,0.695014016218248,1.43881990386505,0.208504204865474,0.417008409730949,0.7925,0,368,0,4
"NSFG 25-44 + FSW core",2e-04,1,20000,4,652.25,196,2199,11.58,1.12651122625216,0.232272901494826,3,1.0561779376891,203.442145719192,0.776603048194425,14.6584823875032,0.0682198861767935,4.39754471625096,8.79508943250192,22.5877412258774,4,368,50,85
"NSFG 25-44 + FSW core",2e-04,2,20000,4,490,176.5,1589,8.365,1.17154811715481,0.312244897959184,4,0.7580008399832,110.870810583788,0.777116704805492,9.1673424476306,0.109082867331793,2.75020273428918,5.50040546857836,17.5707429257074,4,368,34,75
"NSFG 25-44 + FSW core",2e-04,4,20000,4,378,169.5,1155,5.965,1.26739312657167,0.44047619047619,3,0.64515024398596,61.7408612276346,0.777116704805492,6.31127021168574,0.158446709847478,1.89338106350572,3.78676212701144,12.6537346265373,4,368,22,50
"NSFG 25-44 + FSW core",2e-04,8,20000,4,329,171.5,955,4.9,1.34285714285714,0.548632218844985,3,0.605801605801606,44.0914270914271,0.777116704805492,5.16823541782599,0.193489637981826,1.5504706253478,3.10094125069559,10.1964803519648,4,368,19,48
"NSFG 25-44 + FSW core",2e-04,16,20000,4,321.5,175.5,918,4.71,1.3651804670913,0.586314152410575,4,0.601746196403873,41.3888312586445,0.777116704805492,4.99054824478144,0.200378786247721,1.49716447343443,2.99432894686886,9.36906309369063,4,368,19,46
"NSFG 25-44 + FSW core",5e-04,1,20000,10,306.1,131.5,1954,11.58,1.32167530224525,0.618098660568442,5,1.21231584440609,163.555216570993,0.777116704805492,14.0812137432923,0.0710166054028091,4.22436412298768,8.44872824597537,22.5743564108973,10,368,50,85
"NSFG 25-44 + FSW core",5e-04,2,20000,10,249.3,125,1464,8.365,1.49013747758518,0.955475330926594,6,0.899806926015692,97.12295115639,0.777116704805492,9.34836371380593,0.106970591925427,2.80450911414178,5.60901822828356,17.2131967008248,10,368,34,70
"NSFG 25-44 + FSW core",5e-04,4,20000,10,207.6,122,1072,5.965,1.74015088013412,1.27360308285164,6,0.771545598930034,56.8296413942991,0.777116704805492,6.62168103328328,0.151019053163931,1.98650430998498,3.97300861996997,12.5318670332417,10,368,22,50
"NSFG 25-44 + FSW core",5e-04,8,20000,10,191.6,122.5,915,4.9,1.95510204081633,1.48643006263048,6,0.733989733232349,44.0005049229992,0.777116704805492,5.68294983881794,0.175964952773189,1.70488495164538,3.40976990329076,10.1999500124969,10,368,19,42
"NSFG 25-44 + FSW core",5e-04,16,20000,10,188.3,121.5,880,4.71,1.99893842887473,1.53266064790228,6,0.727510217840138,41.5249652382758,0.777116704805492,5.49634756054438,0.181939003853853,1.64890426816332,3.29780853632663,9.68257935516121,10,368,19,41
"NSFG 25-44 + FSW core",0.0017,1,20000,34,107.558823529412,48,1483,11.58,1.57901554404145,1.20317199890621,8,1.44763771809449,99.9521662419133,0.77517392896375,12.0289037678853,0.0831330950264808,3.60867113036558,7.21734226073117,22.5433381625618,33,368,50,91
"NSFG 25-44 + FSW core",0.0017,2,20000,34,95.1470588235294,48,1148,8.365,1.93365212193664,2.05378670788253,11,1.15551126171019,64.8193741279649,0.777116704805492,8.65445069209302,0.115547483667985,2.5963352076279,5.19267041525581,17.6999550382175,33,368,34,62
"NSFG 25-44 + FSW core",0.0017,4,20000,34,86.2058823529412,48,902,5.965,2.45683151718357,2.66803138860457,12,1.04071667810016,44.6062709333764,0.777116704805492,6.81340517716502,0.146769489557362,2.04402155314951,4.08804310629901,12.8091122545836,33,368,22,55
"NSFG 25-44 + FSW core",0.0017,8,20000,34,83.5588235294118,48,811,4.9,2.89897959183673,3.02358324533615,12,1.0206958000891,38.2910372200397,0.777116704805492,6.25167984397394,0.159957007549565,1.87550395319218,3.75100790638436,9.73922166158765,33,368,19,37
"NSFG 25-44 + FSW core",0.0017,16,20000,34,83.2941176470588,47.5,783,4.71,3.00636942675159,3.1024011299435,12,1.01774572563001,36.7390811117414,0.777116704805492,6.11482156444889,0.163537069636492,1.83444646933467,3.66889293866933,9.82664734975271,33,368,19,42
"NSFG 25-44 (trimmed)",0,NA,20000,0,NA,NA,NA,0,NA,NA,0,0.662424435252943,0.773601199945457,0.773601199945457,0.715857763794504,1.39692554942669,0.214757329138351,0.429514658276703,0.18,0,372,0,1
"NSFG 25-44 + FSW core",2e-04,1,20000,4,672,390,1841,10.89,1.23415977961433,0.41889880952381,4,1.1649384316267,153.417287751134,0.773272727272727,13.3686833524184,0.0748016819337037,4.01060500572552,8.02121001145103,22.4702529747025,4,372,48,81
"NSFG 25-44 + FSW core",2e-04,2,20000,4,517.5,337,1328,7.6,1.36184210526316,0.636714975845411,4,0.860288313738523,85.3352166507416,0.773601199945457,8.56813221390625,0.116711551016566,2.57043966417188,5.14087932834375,17.0607939206079,4,372,31,70
"NSFG 25-44 + FSW core",2e-04,4,20000,4,410,308,960,5.255,1.5604186489058,0.891463414634146,4,0.7337253077281,49.284125037012,0.773601199945457,6.01340251512334,0.166295204334827,1.804020754537,3.608041509074,11.7763223677632,4,372,22,45
"NSFG 25-44 + FSW core",2e-04,8,20000,4,367.25,297,812,4.315,1.70220162224797,1.05105513955071,4,0.692317525246069,37.7528654821254,0.773090909090909,5.11243292391526,0.19560158830097,1.53372987717458,3.06745975434916,9.95900409959004,4,372,16,43
"NSFG 25-44 + FSW core",2e-04,16,20000,4,339.5,288.5,717,3.68,1.84510869565217,1.15611192930781,4,0.669206729740143,31.2030480756882,0.773601199945457,4.56960498956482,0.218837296064672,1.37088149686945,2.74176299373889,7.22677732226777,4,372,15,31
"NSFG 25-44 + FSW core",5e-04,1,20000,10,315.2,215.5,1449,10.89,1.44719926538108,0.868020304568528,5,1.3396421471173,101.961669980119,0.772070188198927,11.6872644573413,0.085563221714544,3.50617933720238,7.01235867440475,22.3569107723069,10,372,48,90
"NSFG 25-44 + FSW core",5e-04,2,20000,10,264.6,201.5,1090,7.6,1.74078947368421,1.53136810279667,8,1.0471862701343,63.745283401631,0.773601199945457,8.17026227020942,0.122395091727498,2.45107868106283,4.90215736212565,17.1007248187953,10,372,31,56
"NSFG 25-44 + FSW core",5e-04,4,20000,10,234.1,192.5,849,5.255,2.22740247383444,2.09312259718069,8,0.92753265960069,44.01002382713,0.773601199945457,6.38911061490312,0.15651630724117,1.91673318447094,3.83346636894187,12.7943014246438,10,372,22,51
"NSFG 25-44 + FSW core",5e-04,8,20000,10,221.8,195.5,744,4.315,2.57010428736964,2.39765554553652,9,0.895779998348336,36.8729870344372,0.773090909090909,5.74718054917421,0.173998361708627,1.72415416475226,3.44830832950452,9.32766808297925,10,372,16,38
"NSFG 25-44 + FSW core",5e-04,16,20000,10,213.2,191,680,3.68,2.89673913043478,2.6031894934334,8,0.877222061078192,32.6818049973066,0.773601199945457,5.35436273887872,0.186763588641253,1.60630882166362,3.21261764332723,7.33316670832292,10,372,15,30
"NSFG 25-44 + FSW core",0.0017,1,20000,34,103.617647058824,39.5,1033,10.89,1.61753902662994,1.30173147885325,11,1.51165615327352,63.7418798730557,0.773090909090909,9.81609927269107,0.101873460345094,2.94482978180732,5.88965956361464,22.5833041914373,34,372,48,79
"NSFG 25-44 + FSW core",0.0017,2,20000,34,92.4117647058823,39.5,789,7.6,2.06710526315789,2.3857415658816,12,1.23832630657863,43.4052979078832,0.773272727272727,7.3314338464051,0.136398966552817,2.19943015392153,4.39886030784306,17.115451865914,34,372,31,55
"NSFG 25-44 + FSW core",0.0017,4,20000,34,86.0294117647059,39,642,5.255,2.78306374881066,3.26222222222222,13,1.15052555564471,33.5917515846907,0.773601199945457,6.21676512802722,0.160855361173558,1.86502953840817,3.73005907681633,12.5917969725733,34,372,22,48
"NSFG 25-44 + FSW core",0.0017,8,20000,34,83.9705882352941,38.5,613,4.315,3.30822711471611,3.57267950963222,13,1.1255230125523,31.5088509816543,0.773601199945457,5.95516052503483,0.167921585958281,1.78654815751045,3.5730963150209,9.59684268371884,34,372,16,36
"NSFG 25-44 + FSW core",0.0017,16,20000,34,82.2058823529412,36.5,572,3.68,3.79755434782609,3.76601073345259,12,1.1077233313168,28.9233313167978,0.773090909090909,5.66030466662552,0.17666893548968,1.69809139998766,3.39618279997531,7.55857521107059,34,372,15,32
"NSFG 25-44 (trimmed)",0,NA,20000,0,NA,NA,NA,0,NA,NA,0,0.67391502138113,0.840596851969794,0.840596851969794,0.752655861246117,1.32862846287329,0.225796758373835,0.45159351674767,0.295,0,371,0,1
"NSFG 25-44 + FSW core",2e-04,1,20000,4,839.75,806,1190,11.27,1.49023957409051,0.874665078892528,4,1.39631427331202,120.152716940926,0.840596851969794,12.9526427281012,0.0772043220053049,3.88579281843037,7.77158563686075,22.7827217278272,4,371,45,87
"NSFG 25-44 + FSW core",2e-04,2,20000,4,673.25,659,891,7.905,1.7033523086654,1.23653917564055,4,1.01714285714286,77.6006484295846,0.840596851969794,8.88430893541,0.112557994917795,2.665292680623,5.330585361246,17.4832516748325,4,371,27,70
"NSFG 25-44 + FSW core",2e-04,4,20000,4,577.25,560,744,5.495,2.10100090991811,1.6985708098744,4,0.87464493022107,57.4903462187641,0.840596851969794,7.09109581495668,0.141021927512357,2.127328744487,4.25465748897401,12.9237076292371,4,371,19,48
"NSFG 25-44 + FSW core",2e-04,8,20000,4,539.75,534,669,4.38,2.46461187214612,1.95924038906901,4,0.832774118719191,50.2284081023984,0.840596851969794,6.46752798928174,0.154618580956625,1.94025839678452,3.88051679356904,9.91150884911509,4,371,18,45
"NSFG 25-44 + FSW core",2e-04,16,20000,4,524.75,520,647,4.025,2.60745341614907,2.05145307289185,4,0.817989286159213,47.6177899588887,0.840596851969794,6.24106096885383,0.16022916696224,1.87231829065615,3.7446365813123,8.2991700829917,4,371,15,39
"NSFG 25-44 + FSW core",5e-04,1,20000,10,356.3,178.5,1128,11.27,1.58074534161491,1.1310693236037,7,1.49493051477784,96.268310824036,0.840596851969794,11.9964342809424,0.0833581026312633,3.59893028428271,7.19786056856543,22.8917770557361,10,371,45,84
"NSFG 25-44 + FSW core",5e-04,2,20000,10,300.6,165,897,7.905,1.90132827324478,1.86759813705921,8,1.14310869217224,65.6675204097967,0.840596851969794,8.66401254464909,0.115419962153402,2.59920376339473,5.19840752678945,17.5256185953512,10,371,27,58
"NSFG 25-44 + FSW core",5e-04,4,20000,10,270,161.5,721,5.495,2.45677888989991,2.51925925925926,9,1.0144234664938,50.0815979256138,0.840596851969794,7.12768883827359,0.140297931445926,2.13830665148208,4.27661330296415,12.9092726818295,10,371,19,53
"NSFG 25-44 + FSW core",5e-04,8,20000,10,255.3,159,656,4.38,2.91438356164384,2.84528006267137,9,0.976319543509272,43.6531485632769,0.840596851969794,6.52835523528254,0.153177938999933,1.95850657058476,3.91701314116953,9.76255936015996,10,371,18,46
"NSFG 25-44 + FSW core",5e-04,16,20000,10,249.1,164,617,4.025,3.0944099378882,2.91208350060217,9,0.957626772361378,40.6481428513055,0.840596851969794,6.2390503957878,0.16028080181483,1.87171511873634,3.74343023747268,8.91027243189203,10,371,15,41
"NSFG 25-44 + FSW core",0.0017,1,20000,34,115.294117647059,60.5,832,11.27,1.73913043478261,1.65102040816327,12,1.69367978070345,51.1375622562836,0.839907192575406,9.30648457947098,0.107451959057224,2.7919453738413,5.58389074768259,22.8106109806664,33,371,45,88
"NSFG 25-44 + FSW core",0.0017,2,20000,34,104.5,57.5,679,7.905,2.24731182795699,2.99352659724177,14,1.40191893479538,38.7860583512826,0.840596851969794,7.37393447277242,0.135612813443408,2.21218034183173,4.42436068366345,17.7898786031873,34,371,27,68
"NSFG 25-44 + FSW core",0.0017,4,20000,34,98.2058823529412,59,582,5.495,3.03821656050955,3.95088349805331,16,1.30002764503772,32.2109711306821,0.840596851969794,6.47110137019955,0.154533199650551,1.94133041105986,3.88266082211973,12.8515761602638,34,371,19,44
"NSFG 25-44 + FSW core",0.0017,8,20000,34,97.7941176470588,57,552,4.38,3.79566210045662,4.40541353383459,14,1.30193227170348,31.0646066305765,0.840596851969794,6.35956082446905,0.157243562503939,1.90786824734072,3.81573649468143,10.2313033921167,34,371,18,46
"NSFG 25-44 + FSW core",0.0017,16,20000,34,97.8823529411765,58,546,4.025,4.13416149068323,4.56009615384615,15,1.3052273894662,31.0372594729148,0.840362130931259,6.36480016638524,0.157114123595169,1.90944004991557,3.81888009983114,8.81750512064745,34,371,15,45
"NSFG 25-44 (trimmed)",0,NA,20000,0,NA,NA,NA,0,NA,NA,0,0.606928194540032,0.708144069740766,0.708144069740766,0.655585693652625,1.5253536031704,0.196675708095788,0.393351416191575,0.2975,0,365,0,0
"NSFG 25-44 + FSW core",2e-04,1,20000,4,776.75,854,1345,10.93,1.42131747483989,0.723527518506598,4,1.22065614584588,132.449584387423,0.708295100018352,12.715164143543,0.0786462517283209,3.81454924306289,7.62909848612578,21.3478652134787,4,365,40,72
"NSFG 25-44 + FSW core",2e-04,2,20000,4,621.75,699.5,1033,7.745,1.60555196901227,0.988339364696421,4,0.902524399785859,85.072108059136,0.708295100018352,8.76239997173089,0.114123984664725,2.62871999151927,5.25743998303853,16.2283771622838,4,365,28,63
"NSFG 25-44 + FSW core",2e-04,4,20000,4,526,606,840,5.635,1.86690328305235,1.27756653992395,4,0.777605757563078,61.0823046989414,0.708235833906859,6.89187578378478,0.145098378347561,2.06756273513543,4.13512547027087,12.041295870413,4,365,20,39
"NSFG 25-44 + FSW core",2e-04,8,20000,4,489.5,574,758,4.685,2.08964781216649,1.46680286006129,4,0.738738738738739,52.7657657657658,0.708295100018352,6.24340574129101,0.16016899132255,1.8730217223873,3.74604344477461,9.22157784221578,4,365,17,31
"NSFG 25-44 + FSW core",2e-04,16,20000,4,488.5,573.5,753,4.49,2.17594654788419,1.52098259979529,4,0.736842105263158,52.3561263157895,0.708295100018352,6.21113502815308,0.161001168943731,1.86334050844592,3.72668101689185,9.01659834016598,4,365,17,38
"NSFG 25-44 + FSW core",5e-04,1,20000,10,343.5,255.5,1281,10.93,1.57136322049405,1.11441048034934,7,1.37338987753161,92.9271134715232,0.708295100018352,11.2971304759227,0.0885180535120204,3.3891391427768,6.77827828555361,21.3296675831042,10,365,40,70
"NSFG 25-44 + FSW core",5e-04,2,20000,10,294.2,235.5,980,7.745,1.89928986442866,1.80421481985044,8,1.06524375454766,62.1101948419436,0.708295100018352,8.13403326456922,0.122940239789265,2.44020997937077,4.88041995874153,15.8460384903774,10,365,28,63
"NSFG 25-44 + FSW core",5e-04,4,20000,10,265.4,230,802,5.635,2.35492457852706,2.37000753579503,8,0.959100204498977,47.0023721881391,0.708295100018352,6.71416299903281,0.148938892330146,2.01424889970984,4.02849779941969,12.1719570107473,10,365,20,46
"NSFG 25-44 + FSW core",5e-04,8,20000,10,255.1,232,718,4.685,2.72251867662753,2.6609172873383,9,0.932845935844252,41.2785969523966,0.708295100018352,6.20536633925799,0.161150840309547,1.8616099017774,3.72321980355479,9.51512121969508,10,365,17,42
"NSFG 25-44 + FSW core",5e-04,16,20000,10,255,222,723,4.49,2.83964365256125,2.71607843137255,9,0.930666228538569,41.4166598209152,0.708295100018352,6.20846894122826,0.161070307263575,1.86254068236848,3.72508136473696,9.1327168207948,10,365,17,42
"NSFG 25-44 + FSW core",0.0017,1,20000,34,114.705882352941,77.5,496,10.93,1.78408051235133,1.70358974358974,10,1.59377310760848,36.8876435104106,0.70796054140858,7.66749856406514,0.130420630880408,2.30024956921954,4.60049913843908,21.2968976370085,34,365,40,82
"NSFG 25-44 + FSW core",0.0017,2,20000,34,106.852941176471,77,427,7.745,2.34538411878631,3.24360033030553,16,1.38849345235754,30.6648314916041,0.708295100018352,6.52517568681026,0.153252578627325,1.95755270604308,3.91510541208615,16.1312884048559,34,365,28,51
"NSFG 25-44 + FSW core",0.0017,4,20000,34,104.058823529412,76.5,412,5.635,3.13930789707187,4.15771622385529,15,1.33770181186595,28.6879564204792,0.708235833906859,6.19483101322436,0.161424903740757,1.85844930396731,3.71689860793461,12.1571664085527,34,365,20,57
"NSFG 25-44 + FSW core",0.0017,8,20000,34,102.558823529412,75,387,4.685,3.72145144076841,4.5030111843992,14,1.32776964758929,27.2790412530159,0.708295100018352,6.01832892014806,0.166159080580029,1.80549867604442,3.61099735208884,9.70674926312634,34,365,17,36
"NSFG 25-44 + FSW core",0.0017,16,20000,34,102,74.5,378,4.49,3.8619153674833,4.520184544406,15,1.31694573091082,27.0071646281123,0.70796054140858,5.96380500695639,0.167678185124022,1.78914150208692,3.57828300417383,8.90243293200779,34,365,17,36
"NSFG 25-44 (trimmed)",0,NA,20000,0,NA,NA,NA,0,NA,NA,0,0.606634200128641,0.762933014793715,0.762933014793715,0.680309678882432,1.46991881938639,0.20409290366473,0.40818580732946,0.22,0,374,0,0
"NSFG 25-44 + FSW core",2e-04,1,20000,4,645.75,178.5,2193,11.59,1.11432269197584,0.218350754936121,3,1.02780401659206,200.848741221405,0.762933014793715,14.3677814207629,0.0696001679532025,4.31033442622887,8.62066885245773,22.2852714728527,4,374,46,89
"NSFG 25-44 + FSW core",2e-04,2,20000,4,489.75,168,1588,8.315,1.17799158147925,0.338948443083206,4,0.735542067105041,109.417889057494,0.761405926946933,8.97114598563749,0.111468479233419,2.69134379569125,5.38268759138249,16.7583241675832,4,374,32,75
"NSFG 25-44 + FSW core",2e-04,4,20000,4,382.75,170,1157,6.025,1.27053941908714,0.496407576747224,4,0.630209898270164,60.7257586813753,0.762933014793715,6.18627304610523,0.161648215742689,1.85588191383157,3.71176382766313,12.5562443755624,4,374,23,42
"NSFG 25-44 + FSW core",2e-04,8,20000,4,338.75,169,982,5.03,1.34691848906561,0.594833948339483,4,0.594550173010381,44.985553633218,0.761405926946933,5.17166981695443,0.193361145508878,1.55150094508633,3.10300189017266,10.8064193580642,4,374,16,52
"NSFG 25-44 + FSW core",2e-04,16,20000,4,327.5,163,951,4.895,1.33810010214505,0.570992366412214,4,0.58554342173687,42.2636505460218,0.762933014793715,4.97465602386828,0.201018923761166,1.49239680716048,2.98479361432097,10.1389861013899,4,374,15,43
"NSFG 25-44 + FSW core",5e-04,1,20000,10,339,62.5,1215,11.59,1.46246764452114,0.83834808259587,6,1.28295436476387,130.303068850374,0.762933014793715,12.9295356035596,0.0773422983362755,3.87886068106787,7.75772136213574,22.3194201449638,10,374,46,81
"NSFG 25-44 + FSW core",5e-04,2,20000,10,279.1,64,965,8.315,1.67829224293446,1.22608384091723,6,0.950116056521562,86.350612859877,0.762933014793715,9.05776483292906,0.11040251303109,2.71732944987872,5.43465889975744,16.9532616845789,10,374,32,59
"NSFG 25-44 + FSW core",5e-04,4,20000,10,244.1,60,796,6.025,2.02572614107884,1.63129864809504,6,0.834551989094064,64.7573016069732,0.762933014793715,7.35141720108876,0.136028193292022,2.20542516032663,4.41085032065326,12.511872031992,10,374,23,55
"NSFG 25-44 + FSW core",5e-04,8,20000,10,229.2,61,726,5.03,2.27833001988072,1.82547993019197,7,0.797439414723365,56.1319366504552,0.761405926946933,6.69042739365939,0.149467282306615,2.00712821809782,4.01425643619563,10.4248937765559,10,374,16,47
"NSFG 25-44 + FSW core",5e-04,16,20000,10,227.5,61.5,723,4.895,2.32379979570991,1.84527472527473,6,0.793893764818435,55.0543654590075,0.762933014793715,6.61115099388461,0.151259591699692,1.98334529816538,3.96669059633077,9.55011247188203,10,374,15,44
"NSFG 25-44 + FSW core",0.0017,1,20000,34,116.294117647059,18,658,11.59,1.70578084555651,1.53414264036419,9,1.55575427682737,56.5676516329704,0.762933014793715,9.38111752181341,0.106597108252269,2.81433525654402,5.62867051308805,22.3684867862317,32,374,46,90
"NSFG 25-44 + FSW core",0.0017,2,20000,34,104.470588235294,17.5,552,8.315,2.13589897775105,2.67398648648649,11,1.26618477702729,44.4591381285302,0.761405926946933,7.50289836650469,0.133281826722366,2.25086950995141,4.50173901990281,17.1304391267423,32,374,32,63
"NSFG 25-44 + FSW core",0.0017,4,20000,34,100.852941176471,18,500,6.025,2.84564315352697,3.48031496062992,13,1.2072236554872,40.4274657670172,0.762933014793715,6.98605704280621,0.143142260916655,2.09581711284186,4.19163422568372,12.5793075885497,32,374,23,51
"NSFG 25-44 + FSW core",0.0017,8,20000,34,97.5882352941177,17.5,487,5.03,3.29821073558648,3.68896925858951,12,1.16987601164135,37.8072798309612,0.761405926946933,6.6505510854104,0.150363479230126,1.99516532562312,3.99033065124624,9.97152420442624,32,374,16,39
"NSFG 25-44 + FSW core",0.0017,16,20000,34,99,18,494,4.895,3.43820224719101,3.83125371360665,13,1.19417475728155,38.7382619767627,0.762933014793715,6.80148914529824,0.147026625881081,2.04044674358947,4.08089348717895,10.2512864065544,32,374,15,42
"NSFG 25-44 (trimmed)",0,NA,50000,0,NA,NA,NA,0,NA,NA,0,0.633673841663627,0.751185698650128,0.751185698650128,0.689932407896891,1.44941734661846,0.206979722369067,0.413959444738134,0.134,0,936,0,1
"NSFG 25-44 + FSW core",2e-04,1,50000,10,803.4,480,3401,10.888,1.4757531227039,0.910629823251182,7,1.3143793553314,251.092404620231,0.751185698650128,18.1667463491224,0.0550456301190284,5.45002390473671,10.9000478094734,21.9088091190881,10,936,108,211
"NSFG 25-44 + FSW core",2e-04,2,50000,10,685.8,451.5,2645,7.688,1.7840790842872,1.51676873724118,8,1.03959272349947,167.539803495574,0.751185698650128,13.1974679620952,0.075772110443619,3.95924038862855,7.91848077725711,16.6943305669433,10,936,73,152
"NSFG 25-44 + FSW core",2e-04,4,50000,10,603.4,440.5,2085,5.422,2.22574695684249,2.0828637719589,8,0.919282216452493,118.25953922503,0.751185698650128,10.4265953856202,0.0959085840598692,3.12797861568606,6.25595723137212,12.1287871212879,10,936,47,110
"NSFG 25-44 + FSW core",2e-04,8,50000,10,567.7,429,1827,4.406,2.57694053563323,2.32728553813634,7,0.877464998264377,99.5374646676695,0.751185698650128,9.34562150217187,0.107001979458253,2.80368645065156,5.60737290130312,9.32506749325067,10,936,35,90
"NSFG 25-44 + FSW core",2e-04,16,50000,10,556.6,425,1746,4.07,2.73513513513513,2.42579949694574,7,0.865730467326864,94.2263438545358,0.751185698650128,9.03186673394205,0.110719082716529,2.70956002018262,5.41912004036523,8.17518248175183,10,936,33,81
"NSFG 25-44 + FSW core",5e-04,1,50000,25,361.16,146,2000,10.888,1.65852314474651,1.34787905637391,9,1.48785415589907,143.627934658335,0.751185698650128,14.6183931909291,0.0684069710630379,4.38551795727874,8.77103591455749,21.9105223694076,25,936,108,204
"NSFG 25-44 + FSW core",5e-04,2,50000,25,325.84,145,1664,7.688,2.11914672216441,2.39528602995335,13,1.24619635994029,109.874376647715,0.751185698650128,11.7014976917098,0.0854591460295269,3.51044930751294,7.02089861502588,16.670832291927,25,936,73,164
"NSFG 25-44 + FSW core",5e-04,4,50000,25,303.16,141,1436,5.422,2.79564736259683,3.22469982847341,13,1.14716581996506,90.6582156765333,0.751185698650128,10.198039337203,0.0980580645881552,3.0594118011609,6.1188236023218,12.1269682579355,25,936,47,132
"NSFG 25-44 + FSW core",5e-04,8,50000,25,298.4,141,1366,4.406,3.38629142078983,3.60670241286863,13,1.13307642903019,86.243384714194,0.751185698650128,9.88536020484006,0.101159692644319,2.96560806145202,5.93121612290403,9.43064233941515,25,936,35,87
"NSFG 25-44 + FSW core",5e-04,16,50000,25,294.04,144,1303,4.07,3.61228501228501,3.71350836620868,12,1.12068327676891,82.1925334963247,0.751185698650128,9.59748913855075,0.104193918384679,2.87924674156523,5.75849348313045,8.3649087728068,25,936,33,89
"NSFG 25-44 + FSW core",0.0017,1,50000,85,112.694117647059,37,1366,10.888,1.75955180014695,1.68932038834951,15,1.61148465038277,70.3450674699918,0.751185698650128,10.6470651570295,0.0939225960629882,3.19411954710886,6.38823909421771,22.0122895538792,83,936,108,212
"NSFG 25-44 + FSW core",0.0017,2,50000,85,107.270588235294,37,1183,7.688,2.37200832466181,3.39964904584339,18,1.46344057431534,59.4487386020614,0.751053466863679,9.32736276565479,0.107211440695992,2.79820882969644,5.59641765939287,16.7997202377979,84,936,73,163
"NSFG 25-44 + FSW core",0.0017,4,50000,85,104.4,37,1099,5.422,3.27333087421616,4.5104800540906,18,1.41391653844946,54.3533456840519,0.751185698650128,8.76647559642651,0.114070927250129,2.62994267892795,5.25988535785591,12.233601438777,84,936,47,129
"NSFG 25-44 + FSW core",0.0017,8,50000,85,103.270588235294,37,1040,4.406,3.98456650022696,4.87081339712919,18,1.40167929809113,52.1187773200415,0.751185698650128,8.54715222815903,0.116998033181795,2.56414566844771,5.12829133689542,9.39601338861967,84,936,35,86
"NSFG 25-44 + FSW core",0.0017,16,50000,85,102.670588235294,37,1027,4.07,4.28845208845209,4.98246820213132,18,1.39481014052591,51.2800919004831,0.751185698650128,8.45730407339682,0.118240989246867,2.53719122201905,5.07438244403809,8.26397562072239,84,936,33,90
"NSFG 25-44 (trimmed)",0,NA,50000,0,NA,NA,NA,0,NA,NA,0,0.634233707372345,0.803062977448006,0.803062977448006,0.713673321233408,1.40120132033484,0.214101996370022,0.428203992740045,0.1,0,1023,0,0
"NSFG 25-44 + FSW core",2e-04,1,50000,10,868,400,2810,11.248,1.54338549075391,0.995622119815668,6,1.38218871257768,269.901384901732,0.803062977448006,19.3146226398617,0.0517742447598324,5.79438679195851,11.588773583917,22.4297570242976,10,1023,0,112
"NSFG 25-44 + FSW core",2e-04,2,50000,10,731.7,377,2256,8.146,1.79646452246501,1.48038813721471,8,1.05945126865912,185.33001257375,0.80285834384195,14.0124272323488,0.0713652234133584,4.20372816970464,8.40745633940928,17.3872612738726,10,1023,0,76
"NSFG 25-44 + FSW core",2e-04,4,50000,10,646.1,371.5,1855,5.792,2.23100828729282,2.01547748026621,8,0.935026724856569,137.394073129669,0.803062977448006,11.3343341318817,0.0882275031214369,3.4003002395645,6.80060047912901,13.000699930007,10,1023,0,93
"NSFG 25-44 + FSW core",2e-04,8,50000,10,618.4,364,1723,4.698,2.63260962111537,2.31856403622251,9,0.902794653705954,124.585859249286,0.803062977448006,10.6054442461227,0.0942911939182173,3.18163327383682,6.36326654767364,10.01299870013,10,1023,0,65
"NSFG 25-44 + FSW core",2e-04,16,50000,10,610,361.5,1686,4.49,2.71714922048998,2.37704918032787,8,0.893847216284653,120.265875234306,0.803062977448006,10.3681877776312,0.0964488704725664,3.11045633328937,6.22091266657873,9.3000699930007,10,1023,0,64
"NSFG 25-44 + FSW core",5e-04,1,50000,25,376.92,82,2158,11.248,1.67549786628734,1.35583147617532,9,1.51977674186558,172.832228995494,0.803062977448006,16.206986205712,0.0617017863350536,4.86209586171359,9.72419172342718,22.4133966508373,24,1023,0,118
"NSFG 25-44 + FSW core",5e-04,2,50000,25,340.28,80,1781,8.146,2.08863245764793,2.30374985306218,11,1.25469355476473,132.677042309213,0.803062977448006,12.902287775841,0.0775056344559649,3.87068633275231,7.74137266550462,17.345663584104,24,1023,0,89
"NSFG 25-44 + FSW core",5e-04,4,50000,25,314.84,81,1547,5.792,2.71788674033149,3.11320035573625,12,1.15093706561856,108.334116218505,0.803062977448006,11.1662773486469,0.0895553610909703,3.34988320459408,6.69976640918817,12.9107723069233,24,1023,0,74
"NSFG 25-44 + FSW core",5e-04,8,50000,25,305.2,80,1428,4.698,3.24819071945509,3.44482306684142,13,1.12144735997947,99.2444665426317,0.803062977448006,10.5497604236686,0.0947888823860375,3.16492812710059,6.32985625420118,9.78755311172207,24,1023,0,55
"NSFG 25-44 + FSW core",5e-04,16,50000,25,302.76,80,1404,4.49,3.37149220489978,3.49319593077025,13,1.11284858798786,97.6963090211441,0.803062977448006,10.4269458397848,0.0959053605308299,3.12808375193545,6.25616750387089,9.15271182204449,24,1023,0,51
"NSFG 25-44 + FSW core",0.0017,1,50000,85,119.835294117647,48,1334,11.248,1.81116642958748,1.79893972118594,15,1.68846296068039,78.259614199433,0.803062977448006,11.4951494071578,0.0869932146664681,3.44854482214733,6.89708964429466,22.3769795673677,82,1023,0,103
"NSFG 25-44 + FSW core",0.0017,2,50000,85,113.388235294118,48,1164,8.146,2.36631475570833,3.4048557792073,17,1.50320094474486,65.210734041892,0.803062977448006,9.90074931605066,0.101002456286702,2.9702247948152,5.9404495896304,17.4201928360893,82,1023,0,99
"NSFG 25-44 + FSW core",0.0017,4,50000,85,110.223529411765,47,1081,5.792,3.23515193370166,4.54221368342406,18,1.45761230826845,59.0954483748654,0.803062977448006,9.28106959966611,0.107746202014903,2.78432087989983,5.56864175979966,12.7171903881701,83,1023,0,79
"NSFG 25-44 + FSW core",0.0017,8,50000,85,109.270588235294,48,1032,4.698,3.95402298850575,4.91042204995693,19,1.44804312163112,56.7215998750098,0.802565930149679,9.06285399567491,0.110340517509962,2.71885619870247,5.43771239740494,10.0554528650647,84,1023,0,62
"NSFG 25-44 + FSW core",0.0017,16,50000,85,108.894117647059,47,1040,4.49,4.12293986636971,4.97558340535869,20,1.44318004189202,56.5480351392753,0.803062977448006,9.03376974032495,0.110695759217351,2.71013092209748,5.42026184419497,9.41799470450117,84,1023,0,64
"NSFG 25-44 (trimmed)",0,NA,50000,0,NA,NA,NA,0,NA,NA,0,0.606311926605504,0.712146788990826,0.712146788990826,0.65710204052259,1.52183365494453,0.197130612156777,0.394261224313554,0.112,0,949,0,3
"NSFG 25-44 + FSW core",2e-04,1,50000,10,710.9,180,4926,11.34,1.25379188712522,0.490926993951329,5,1.1346069567758,411.017253972634,0.712660550458716,21.5949770945059,0.0463070646300623,6.47849312835177,12.9569862567035,21.7898210178982,10,949,133,205
"NSFG 25-44 + FSW core",2e-04,2,50000,10,563.1,175.5,3566,8.06,1.39727047146402,0.791333688510034,7,0.825797009861801,226.417521744192,0.712660550458716,13.6738770082473,0.0731321482120148,4.10216310247418,8.20432620494836,16.5923407659234,10,949,96,180
"NSFG 25-44 + FSW core",2e-04,4,50000,10,468.4,172.5,2678,5.8,1.6151724137931,1.13279248505551,8,0.716038118410381,135.292410110841,0.712660550458716,9.84248559922604,0.101600351854072,2.95274567976781,5.90549135953563,12.0727927207279,10,949,72,119
"NSFG 25-44 + FSW core",2e-04,8,50000,10,430.9,172,2292,4.86,1.77325102880658,1.27361336737062,6,0.681210678456045,103.525760925013,0.712757564081393,8.39778862781186,0.119078967609186,2.51933658834356,5.03867317668712,9.82601739826017,10,949,56,128
"NSFG 25-44 + FSW core",2e-04,16,50000,10,421.9,172,2229,4.69,1.79914712153518,1.28466461246741,6,0.673705722070845,98.4197547683924,0.712757564081393,8.14284667375454,0.122807175434499,2.44285400212636,4.88570800425272,9.44305569443056,10,949,55,112
"NSFG 25-44 + FSW core",5e-04,1,50000,25,351.48,120,3593,11.34,1.54973544973545,1.10003414134517,10,1.37552142586272,250.689704209329,0.712757564081393,18.5695734841466,0.0538515330389107,5.57087204524398,11.141744090488,21.9435141214696,25,949,133,219
"NSFG 25-44 + FSW core",5e-04,2,50000,25,305.2,120,2753,8.06,1.89330024813896,1.88099606815203,11,1.08354927491912,162.080314174889,0.712757564081393,13.2522453532548,0.0754589107991722,3.97567360597645,7.95134721195289,16.4688827793052,25,949,96,169
"NSFG 25-44 + FSW core",5e-04,4,50000,25,277.08,118,2173,5.8,2.38862068965517,2.55002165439584,11,0.9810184280784,114.533958455427,0.712757564081393,10.5999964096947,0.0943396545951097,3.17999892290841,6.35999784581681,12.2029492626843,25,949,72,136
"NSFG 25-44 + FSW core",5e-04,8,50000,25,267.04,120,1981,4.86,2.74732510288066,2.82953864589575,12,0.956551588858376,100.979305610043,0.712660550458716,9.82811860037832,0.101748873885334,2.9484355801135,5.89687116022699,9.77555611097226,25,949,56,105
"NSFG 25-44 + FSW core",5e-04,16,50000,25,264.8,118,1948,4.69,2.82302771855011,2.83534743202417,12,0.948053860375321,98.4785262021236,0.712757564081393,9.6624503584751,0.103493416566211,2.89873510754253,5.79747021508506,9.47963009247688,25,949,55,106
"NSFG 25-44 + FSW core",0.0017,1,50000,85,117.8,45,1887,11.34,1.76596119929453,1.71477079796265,16,1.61667235018756,99.7013671451158,0.712757564081393,12.6958435536756,0.0787659359358194,3.80875306610269,7.61750613220537,21.9333566468502,83,949,133,230
"NSFG 25-44 + FSW core",0.0017,2,50000,85,110.258823529412,45,1561,8.06,2.32555831265509,3.2614169867691,18,1.41032987334241,77.6893209963521,0.712757564081393,10.4674529012957,0.0955342249379711,3.1402358703887,6.28047174077741,16.4100514562622,82,949,96,165
"NSFG 25-44 + FSW core",0.0017,4,50000,85,107.329411764706,44,1418,5.8,3.14586206896552,4.32971610215938,17,1.36913743241544,69.3119263171131,0.712757564081393,9.74153749844348,0.102653200294079,2.92246124953304,5.84492249906609,12.1566668331918,83,949,72,138
"NSFG 25-44 + FSW core",0.0017,8,50000,85,105.6,44,1351,4.86,3.69382716049383,4.65352049910873,19,1.35762559667281,65.3186823573893,0.712757564081393,9.41691643317134,0.106191873645334,2.8250749299514,5.6501498599028,9.85262526852176,83,949,56,107
"NSFG 25-44 + FSW core",0.0017,16,50000,85,105.647058823529,44,1374,4.69,3.82942430703625,4.65768374164811,19,1.35246766749106,66.3710716592366,0.712757564081393,9.4744249680838,0.10554730269844,2.84232749042514,5.68465498085028,9.37802867562572,83,949,55,105
"NSFG 25-44 (trimmed)",0,NA,50000,0,NA,NA,NA,0,NA,NA,0,0.623945108974829,0.761209363763117,0.761209363763117,0.689168237388984,1.45102450424681,0.206750471216695,0.41350094243339,0.145,0,919,0,1
"NSFG 25-44 + FSW core",2e-04,1,50000,10,864.3,467.5,2676,10.948,1.57891852393131,1.11442786069652,7,1.4096688888537,215.149498820288,0.761209363763117,17.4152104477501,0.0574210689557983,5.22456313432504,10.4491262686501,21.5948405159484,10,919,109,205
"NSFG 25-44 + FSW core",2e-04,2,50000,10,746.7,438.5,2123,7.728,1.93245341614907,1.89580822284719,9,1.10460669624849,150.407164179105,0.761209363763117,12.8895601443953,0.0775821664042448,3.8668680433186,7.7337360866372,16.4853514648535,10,919,85,148
"NSFG 25-44 + FSW core",2e-04,4,50000,10,675.6,433.5,1737,5.528,2.44428364688857,2.51243339253996,9,0.987953773831287,115.473328545312,0.761209363763117,10.680932108819,0.0936247875945509,3.20427963264571,6.40855926529141,11.8828117188281,10,919,59,119
"NSFG 25-44 + FSW core",2e-04,8,50000,10,647.2,421,1600,4.57,2.83238512035011,2.77904820766378,9,0.954411282387668,103.616366021646,0.761209363763117,9.94447730004295,0.100558326981719,2.98334319001289,5.96668638002577,9.6020397960204,10,919,53,106
"NSFG 25-44 + FSW core",2e-04,16,50000,10,644.8,422.5,1601,4.414,2.92161304938831,2.83033498759305,10,0.951538814882867,103.02959511779,0.761209363763117,9.90134631432733,0.100996366378276,2.9704038942982,5.9408077885964,9.04209579042096,10,919,51,102
"NSFG 25-44 + FSW core",5e-04,1,50000,25,364.36,155,2026,10.948,1.66404822798685,1.35184981886047,10,1.49680116949872,155.106716758099,0.761209363763117,15.2369260364625,0.0656300357176351,4.57107781093876,9.14215562187751,21.6125968507873,25,919,109,194
"NSFG 25-44 + FSW core",5e-04,2,50000,25,324.16,150,1599,7.728,2.09730848861284,2.33514313919052,11,1.20930826851512,114.261455654757,0.761003173904269,11.754885073699,0.0850710146233121,3.5264655221097,7.05293104421939,16.350912271932,25,919,85,150
"NSFG 25-44 + FSW core",5e-04,4,50000,25,304.4,146,1418,5.528,2.75325615050651,3.21419185282523,15,1.12714511091793,96.3597025016904,0.761209363763117,10.421677771083,0.0959538398677699,3.12650333132491,6.25300666264983,12.0499875031242,25,919,59,121
"NSFG 25-44 + FSW core",5e-04,8,50000,25,296.96,146,1355,4.57,3.24901531728665,3.51993534482759,14,1.1033391461603,90.4372537621908,0.761209363763117,9.98914222278662,0.100108695791603,2.99674266683599,5.99348533367197,9.69457635591102,25,919,53,104
"NSFG 25-44 + FSW core",5e-04,16,50000,25,296.4,149,1363,4.414,3.3574988672406,3.5919028340081,12,1.10320100778449,90.6138118156271,0.761209363763117,9.99826227472524,0.100017380272962,2.99947868241757,5.99895736483514,9.45063734066483,25,919,51,104
"NSFG 25-44 + FSW core",0.0017,1,50000,85,114.752941176471,33,947,10.948,1.78187796857874,1.75333196637277,11,1.64514020727646,69.5331922442501,0.761209363763117,10.695412582098,0.0934980293956873,3.20862377462939,6.41724754925878,21.5666683319179,83,919,109,197
"NSFG 25-44 + FSW core",0.0017,2,50000,85,108.388235294118,33,841,7.728,2.38431677018634,3.48768045153587,20,1.45995825552016,59.8857205630796,0.761209363763117,9.35043593228901,0.106946885390315,2.8051307796867,5.6102615593734,16.5189588849478,85,919,85,168
"NSFG 25-44 + FSW core",0.0017,4,50000,85,105.729411764706,33,805,5.528,3.2514471780029,4.60509625013909,20,1.41724545239783,55.6718166784786,0.761209363763117,8.88260260364603,0.112579617103385,2.66478078109381,5.32956156218762,11.9408502772643,83,919,59,126
"NSFG 25-44 + FSW core",0.0017,8,50000,85,104.976470588235,33,780,4.57,3.90503282275711,4.92390451641825,18,1.40615787233372,54.3239110214248,0.761209363763117,8.74002260516143,0.114416180046199,2.62200678154843,5.24401356309686,9.74271868911425,85,919,53,109
"NSFG 25-44 + FSW core",0.0017,16,50000,85,104.694117647059,32,785,4.414,4.03217036701405,4.97516574896056,19,1.40391439430978,54.3346633652436,0.761209363763117,8.73391183882924,0.114496232438963,2.62017355164877,5.24034710329754,9.1152520357696,85,919,51,105
"NSFG 25-44 (trimmed)",0,NA,50000,0,NA,NA,NA,0,NA,NA,0,0.663608729682011,0.772820764848286,0.772820764848286,0.716135885173234,1.39638303386807,0.21484076555197,0.42968153110394,0.331,0,943,0,7
"NSFG 25-44 + FSW core",2e-04,1,50000,10,801.8,548.5,3837,10.92,1.46849816849817,0.912446994262908,7,1.3636926791302,274.240227456836,0.772820764848286,19.3385467526877,0.0517101937797378,5.80156402580631,11.6031280516126,22.030796920308,10,943,98,206
"NSFG 25-44 + FSW core",2e-04,2,50000,10,672.8,513,2849,7.722,1.74255374255374,1.49286563614744,9,1.0374106085913,166.83282793066,0.772820764848286,13.1557647271664,0.0760123049278179,3.9467294181499,7.89345883629981,16.8333166683332,10,943,67,160
"NSFG 25-44 + FSW core",2e-04,4,50000,10,594.9,498,2227,5.434,2.18954729481045,2.09514204067911,9,0.922612008934437,114.083661805282,0.772820764848286,10.2593838218856,0.0974717407362002,3.07781514656568,6.15563029313136,12.4337566243376,10,943,52,126
"NSFG 25-44 + FSW core",2e-04,8,50000,10,563.6,486.5,1952,4.456,2.52962298025135,2.36231369765791,9,0.886702434997936,94.9418406933553,0.772820764848286,9.17524720789496,0.108988889055712,2.75257416236849,5.50514832473698,9.52904709529047,10,943,42,95
"NSFG 25-44 + FSW core",2e-04,16,50000,10,551.6,492.5,1805,4.016,2.74701195219123,2.55511240029007,8,0.879743275879181,86.5039203361233,0.772762022643707,8.72360259599741,0.114631540008347,2.61708077879922,5.23416155759845,8.03019698030197,10,943,40,94
"NSFG 25-44 + FSW core",5e-04,1,50000,25,374.8,214,1797,10.92,1.71611721611722,1.50949839914621,13,1.60702234523939,135.505325848637,0.772820764848286,14.756696328708,0.0677658452627081,4.4270088986124,8.85401779722481,22.1934516370907,25,943,98,196
"NSFG 25-44 + FSW core",5e-04,2,50000,25,338.12,203,1516,7.722,2.18932918932919,2.70507512125872,14,1.32007193336699,104.472614840989,0.772820764848286,11.7435670329355,0.0851530031033538,3.52307010988065,7.0461402197613,16.9477630592352,25,943,67,175
"NSFG 25-44 + FSW core",5e-04,4,50000,25,319.52,208,1322,5.434,2.94000736105999,3.61266900350526,14,1.2328889030146,88.4475662275335,0.772820764848286,10.4425103734962,0.0957624138481174,3.13275311204885,6.26550622409771,12.2259435141215,25,943,52,117
"NSFG 25-44 + FSW core",5e-04,8,50000,25,312.56,210,1250,4.456,3.50718132854578,3.95623240337855,14,1.21122496135643,83.1848357847434,0.772820764848286,10.0377063868603,0.0996243525621581,3.0113119160581,6.0226238321162,9.57860534866284,25,943,42,97
"NSFG 25-44 + FSW core",5e-04,16,50000,25,308.36,206,1211,4.016,3.83914342629482,4.11389285251005,14,1.20064487294088,79.8204571574512,0.772820764848286,9.78958746025033,0.102149350425685,2.9368762380751,5.8737524761502,8.41889527618095,25,943,40,84
"NSFG 25-44 + FSW core",0.0017,1,50000,85,116.435294117647,56,1117,10.92,1.81263736263736,1.82641204405375,13,1.72475168116478,65.4899438583503,0.772820764848286,10.6279767956595,0.0940912855971234,3.18839303869785,6.37678607739571,22.172153669381,85,943,98,197
"NSFG 25-44 + FSW core",0.0017,2,50000,85,110.176470588235,55,936,7.722,2.42553742553742,3.64249866524293,17,1.53048021895994,54.737932321473,0.772820764848286,9.15288602817616,0.109255156998744,2.74586580845285,5.4917316169057,17.0654943298197,84,943,67,153
"NSFG 25-44 + FSW core",0.0017,4,50000,85,107.529411764706,54,894,5.434,3.364004416636,4.85404814004376,19,1.492719923844,50.990152780162,0.772820764848286,8.72433475829519,0.114621919917641,2.61730042748856,5.23460085497711,12.6002897537093,85,943,52,120
"NSFG 25-44 + FSW core",0.0017,8,50000,85,106.494117647059,54,854,4.456,4.06283662477558,5.16372072470172,18,1.4753949774187,49.404072447688,0.772820764848286,8.53759452968741,0.117129010580526,2.56127835890622,5.12255671781245,9.80666433531498,85,943,42,104
"NSFG 25-44 + FSW core",0.0017,16,50000,85,106.105882352941,56,854,4.016,4.49153386454183,5.33695531655394,17,1.4738734794709,48.9242627974609,0.772820764848286,8.49165316295022,0.117762699536891,2.54749594888507,5.09499189777013,8.33591447269821,84,943,40,81
"NSFG 25-44 (trimmed)",0,NA,50000,0,NA,NA,NA,0,NA,NA,0,0.65099582718344,0.793418247417045,0.793418247417045,0.718687670883322,1.39142501049298,0.215606301264997,0.431212602529993,0.144,0,941,0,2
"NSFG 25-44 + FSW core",2e-04,1,50000,10,771.2,81,3589,11.138,1.38480876279404,0.685684647302905,6,1.24289434583247,335.589525650653,0.793418247417045,20.4230831157246,0.0489642036089084,6.12692493471739,12.2538498694348,22.1267873212679,10,941,113,207
"NSFG 25-44 + FSW core",2e-04,2,50000,10,630,80,2767,7.986,1.57776108189331,1.00793650793651,6,0.938655420977786,214.507232874025,0.793418247417045,14.1897278682908,0.0704735150160744,4.25691836048724,8.51383672097448,17.3992600739926,10,941,83,183
"NSFG 25-44 + FSW core",2e-04,4,50000,10,531.9,80,2200,5.71,1.8630472854641,1.3355893965031,7,0.81281770158477,145.093292135951,0.793418247417045,10.8597604130714,0.092083062789889,3.2579281239214,6.51585624784281,12.8807119288071,10,941,60,130
"NSFG 25-44 + FSW core",2e-04,8,50000,10,483.6,78,1919,4.628,2.08988764044944,1.54838709677419,6,0.762756426358536,117.174344804488,0.793418247417045,9.45386082529112,0.105776890360474,2.83615824758734,5.67231649517467,10,10,941,47,94
"NSFG 25-44 + FSW core",2e-04,16,50000,10,475,79.5,1844,4.358,2.17989903625516,1.61473684210526,7,0.75429740562478,111.1924734609,0.793418247417045,9.15817636085695,0.109192044419903,2.74745290825708,5.49490581651417,9.23307669233077,10,941,44,99
"NSFG 25-44 + FSW core",5e-04,1,50000,25,333.88,63,3185,11.138,1.49883282456455,0.957948963699533,8,1.34893872773859,264.832537247335,0.793418247417045,18.9008694471498,0.052907619027589,5.67026083414495,11.3405216682899,22.2754311422144,25,941,113,220
"NSFG 25-44 + FSW core",5e-04,2,50000,25,285.2,61,2522,7.986,1.78562484347608,1.55063113604488,8,1.05523391765711,177.052331113225,0.793418247417045,13.6686365446936,0.0731601865870241,4.10059096340808,8.20118192681616,17.3096725818545,25,941,83,176
"NSFG 25-44 + FSW core",5e-04,4,50000,25,253.56,63,2027,5.71,2.22031523642732,2.07382867960246,10,0.936783299029697,127.491914142899,0.793418247417045,10.9285084037299,0.0915037956743206,3.27855252111898,6.55710504223796,12.8747813046738,25,941,60,126
"NSFG 25-44 + FSW core",5e-04,8,50000,25,239.24,63,1802,4.628,2.58470181503889,2.37819762581508,9,0.899178442326651,107.511271771278,0.793418247417045,9.83218276294004,0.101706815679754,2.94965482888201,5.89930965776403,10.0684828792802,25,941,47,103
"NSFG 25-44 + FSW core",5e-04,16,50000,25,236.16,61,1749,4.358,2.70949977053694,2.46781842818428,9,0.891663787572183,103.472352466973,0.793418247417045,9.60533964572335,0.104108760010921,2.881601893717,5.76320378743401,8.99975006248438,25,941,44,109
"NSFG 25-44 + FSW core",0.0017,1,50000,85,115.976470588235,28,1418,11.138,1.7701562219429,1.75512274294989,13,1.65052442961521,88.2380709640546,0.793418247417045,12.0681022430328,0.0828630699228063,3.62043067290983,7.24086134581967,22.4868861467752,84,941,113,204
"NSFG 25-44 + FSW core",0.0017,2,50000,85,109.211764705882,28,1238,7.986,2.32481843225645,3.36507594527631,19,1.45943081574764,73.170879960101,0.793418247417045,10.3338200598396,0.0967696354503317,3.10014601795187,6.20029203590374,17.1993805265524,84,941,83,159
"NSFG 25-44 + FSW core",0.0017,4,50000,85,105.670588235294,28,1107,5.71,3.14605954465849,4.31596526386106,18,1.39625123314699,65.3307652557899,0.793418247417045,9.55081994128427,0.104703052318829,2.86524598238528,5.73049196477056,12.8990358195534,84,941,60,124
"NSFG 25-44 + FSW core",0.0017,8,50000,85,104.552941176471,28,1073,4.628,3.84053586862576,4.72352874985935,18,1.38901609007935,62.8928582630242,0.793418247417045,9.34661393652379,0.10699061786347,2.80398418095714,5.60796836191428,10.1323874706499,84,941,47,109
"NSFG 25-44 + FSW core",0.0017,16,50000,85,103.364705882353,28,1045,4.358,4.03212482790271,4.72774869109948,17,1.36627660409958,60.9984763999057,0.793418247417045,9.12911776629658,0.10953961002583,2.73873532988897,5.47747065977795,9.0932707198881,83,941,44,108
"NSFG 25-44 (trimmed)",0,NA,50000,0,NA,NA,NA,0,NA,NA,0,0.604102451196242,0.742367532658153,0.742367532658154,0.669676075552425,1.49325925847819,0.200902822665727,0.401805645331455,0.119,0,933,0,1
"NSFG 25-44 + FSW core",2e-04,1,50000,10,879.2,475.5,2423,11.228,1.56608478802992,1.08871701546861,8,1.35632583417594,247.147371081901,0.742367532658154,18.3088056477491,0.0546185272398116,5.49264169432472,10.9852833886494,22.0657934206579,10,933,107,208
"NSFG 25-44 + FSW core",2e-04,2,50000,10,753.7,449.5,1968,8.104,1.86006910167818,1.63354119676264,8,1.06895551257253,176.909155383623,0.741610553547511,13.7516550593692,0.0727185197478237,4.12549651781077,8.25099303562153,17.013298670133,10,933,73,166
"NSFG 25-44 + FSW core",2e-04,4,50000,10,677.1,441,1697,5.766,2.34859521331946,2.17811253876828,8,0.952214642425825,139.049939615498,0.741977505825367,11.5067540397066,0.0869054814719495,3.45202621191197,6.90405242382394,12.2867713228677,10,933,49,115
"NSFG 25-44 + FSW core",2e-04,8,50000,10,654.1,440.5,1614,4.78,2.73682008368201,2.48127197676196,8,0.926282681344604,128.387032304567,0.742160981964296,10.9051677902245,0.0916996436218438,3.27155033706736,6.54310067413472,9.7970202979702,10,933,44,98
"NSFG 25-44 + FSW core",2e-04,16,50000,10,648,445,1598,4.582,2.82845918812746,2.54722222222222,7,0.920501131481421,125.253550227936,0.741403985174856,10.7375991127849,0.0931306886666433,3.22127973383548,6.44255946767097,9.19208079192081,10,933,44,84
"NSFG 25-44 + FSW core",5e-04,1,50000,25,384,262,1686,11.228,1.7100106875668,1.4875,10,1.51134892282732,139.884155187745,0.74212428673651,14.5400745274434,0.0687754384004407,4.36202235823302,8.72404471646604,21.9465133716571,25,933,107,215
"NSFG 25-44 + FSW core",5e-04,2,50000,25,351.6,256,1486,8.104,2.16929911154985,2.60955631399317,13,1.2853667014251,112.182513350397,0.742367532658154,12.0081500299911,0.08327677431598,3.60244500899734,7.20489001799468,16.701824543864,25,933,73,151
"NSFG 25-44 + FSW core",5e-04,4,50000,25,331.76,237,1308,5.766,2.87686437738467,3.40462985290571,13,1.19933755852097,95.6654670530909,0.742367532658154,10.7114512410888,0.0933580312781551,3.21343537232664,6.42687074465327,12.286928267933,25,933,49,108
"NSFG 25-44 + FSW core",5e-04,8,50000,25,326.44,249,1278,4.78,3.41464435146444,3.77698811420169,13,1.1890399591472,91.5446508362058,0.741573858319726,10.4331322185826,0.0958484929596583,3.12993966557479,6.25987933114957,9.87753061734566,25,933,44,93
"NSFG 25-44 + FSW core",5e-04,16,50000,25,323.84,249,1247,4.582,3.53382802269751,3.81497035573123,12,1.17867697567054,89.2513618428409,0.742234372419867,10.256633231787,0.0974978803864058,3.07698996953609,6.15397993907218,9.26568357910522,25,933,44,105
"NSFG 25-44 + FSW core",0.0017,1,50000,85,109.317647058824,23,2774,11.228,1.65514784467403,1.37257856220405,10,1.46031099128472,166.187754718164,0.742367532658154,15.5783761936816,0.0641915426593428,4.67351285810447,9.34702571620893,21.891392316531,82,933,107,195
"NSFG 25-44 + FSW core",0.0017,2,50000,85,99.5529411764706,23,2236,8.104,2.0883514313919,2.51477192153155,14,1.24527522790077,118.314201314995,0.742367532658154,12.1381112207142,0.082385140638146,3.64143336621427,7.28286673242854,17.2243592945996,83,933,73,153
"NSFG 25-44 + FSW core",0.0017,4,50000,85,93.8588235294118,23,1859,5.766,2.76725633021158,3.30358485836049,15,1.16281749651894,91.6577199468639,0.742160981964296,10.3238171450896,0.0968633971278381,3.09714514352689,6.19429028705378,12.3994604586102,83,933,49,119
"NSFG 25-44 + FSW core",0.0017,8,50000,85,91.3294117647059,23,1750,4.78,3.24811715481172,3.61896174159474,12,1.13867698781056,83.6964684343232,0.742367532658154,9.76233796624439,0.102434478652321,2.92870138987332,5.85740277974663,10.0164859869111,83,933,44,101
"NSFG 25-44 + FSW core",0.0017,16,50000,85,90.9058823529412,23,1716,4.582,3.37276298559581,3.65471722531383,14,1.13090149445605,82.0411377149285,0.741977505825367,9.632260650994,0.103817788599482,2.8896781952982,5.7793563905964,9.15521806464505,83,933,44,90
"NSFG 25-44 (trimmed)",0,NA,50000,0,NA,NA,NA,0,NA,NA,0,0.641703994880702,0.765993235213457,0.765993235213456,0.701099792531754,1.42633047485135,0.210329937759526,0.420659875519052,0.221,0,945,0,4
"NSFG 25-44 + FSW core",2e-04,1,50000,10,730.4,138,4593,11.106,1.31532504952278,0.591456736035049,5,1.21943902321005,376.27074630236,0.765993235213456,21.4205329376621,0.0466841792830362,6.42615988129863,12.8523197625973,22.2057794220578,10,945,109,212
"NSFG 25-44 + FSW core",2e-04,2,50000,10,581.4,137,3327,7.95,1.46264150943396,0.87547299621603,6,0.886909385380687,212.753937430796,0.765993235213456,13.7365739500091,0.0727983559539123,4.12097218500272,8.24194437000545,16.8983101689831,10,945,78,151
"NSFG 25-44 + FSW core",2e-04,4,50000,10,486,136.5,2489,5.58,1.74193548387097,1.25925925925926,6,0.767324322055243,130.805641843674,0.765993235213456,10.0185004091779,0.0998153375413254,3.00555012275337,6.01110024550675,12.4587541245875,10,945,52,127
"NSFG 25-44 + FSW core",2e-04,8,50000,10,444,133,2099,4.602,1.92959582790091,1.45,6,0.726756180877329,100.771941691751,0.76560500237686,8.55784035160097,0.116851911103123,2.56735210548029,5.13470421096058,9.99400059994001,10,945,44,105
"NSFG 25-44 + FSW core",2e-04,16,50000,10,432.3,135.5,2022,4.368,1.9793956043956,1.48693037242656,7,0.71609875120728,94.402697527831,0.76560500237686,8.22202248903993,0.121624576110442,2.46660674671198,4.93321349342396,9.08809119088091,10,945,44,111
"NSFG 25-44 + FSW core",5e-04,1,50000,25,345.36,76,3552,11.106,1.55483522420313,1.1253185082233,8,1.4376352066194,245.069557390769,0.765993235213456,18.7702057467574,0.0532759210789554,5.63106172402721,11.2621234480544,22.1064733816546,25,945,109,197
"NSFG 25-44 + FSW core",5e-04,2,50000,25,298.24,74,2704,7.95,1.87572327044025,1.90638412017167,10,1.11428617399559,157.233318852472,0.765993235213456,13.2364237348594,0.0755491075256529,3.97092712045783,7.94185424091566,16.8907773056736,25,945,78,179
"NSFG 25-44 + FSW core",5e-04,4,50000,25,267.8,73,2108,5.58,2.39964157706093,2.53174010455564,12,0.993549438019221,109.25456914807,0.765993235213456,10.4187242874594,0.0959810407118324,3.12561728623783,6.25123457247565,12.5018745313672,25,945,52,141
"NSFG 25-44 + FSW core",5e-04,8,50000,25,254.84,76,1854,4.602,2.76879617557584,2.81933762360697,11,0.959486457275734,92.0591818687977,0.765993235213456,9.39837955559336,0.10640132100271,2.81951386667801,5.63902773335602,9.60159960009998,25,945,44,104
"NSFG 25-44 + FSW core",5e-04,16,50000,25,253.12,74,1822,4.368,2.8974358974359,2.897597977244,10,0.955229261577791,89.8308806659894,0.765385599882985,9.26331937295998,0.107952663590445,2.77899581188799,5.55799162377599,9.14971257185704,25,945,44,96
"NSFG 25-44 + FSW core",0.0017,1,50000,85,115.905882352941,43,1722,11.106,1.77417612101567,1.71843280552172,13,1.67304444823152,101.789238849211,0.765993235213456,13.0498245561534,0.0766293826937672,3.91494736684602,7.82989473369204,22.35699655293,83,945,109,188
"NSFG 25-44 + FSW core",0.0017,2,50000,85,108.247058823529,42,1453,7.95,2.31471698113208,3.37245951527008,17,1.45570927757606,79.050770001252,0.765993235213456,10.7272987881551,0.0932201125137097,3.21818963644653,6.43637927289306,17.1304391267423,83,945,78,174
"NSFG 25-44 + FSW core",0.0017,4,50000,85,103.035294117647,42,1256,5.58,3.13906810035842,4.34117378396894,19,1.36838289757773,65.3738042330544,0.765993235213456,9.45813912258149,0.105729043212367,2.83744173677445,5.67488347354889,12.4813908178049,83,945,52,118
"NSFG 25-44 + FSW core",0.0017,8,50000,85,102.670588235294,41,1240,4.602,3.79269882659713,4.73450211985791,20,1.36977704897354,64.5008672069629,0.765993235213456,9.39956422069598,0.106387910813801,2.81986926620879,5.63973853241759,10.0204825897987,83,945,44,112
"NSFG 25-44 + FSW core",0.0017,16,50000,85,102.752941176471,43,1222,4.368,3.99908424908425,4.80764827112434,18,1.36890066058112,64.7656119440635,0.765993235213456,9.41582120545888,0.106204225651635,2.82474636163766,5.64949272327533,9.30009491931858,83,945,44,92
"NSFG 25-44 (trimmed)",0,NA,50000,0,NA,NA,NA,0,NA,NA,0,0.633147999122101,0.789999268417587,0.789999268417587,0.707238613274557,1.41394994734513,0.212171583982367,0.424343167964734,0.123,0,924,0,0
"NSFG 25-44 + FSW core",2e-04,1,50000,10,814.6,199,2686,10.88,1.49742647058824,0.913331696538178,6,1.31563280963978,251.298282476163,0.790094555297474,18.1828563606427,0.054996859688367,5.45485690819282,10.9097138163856,21.6668333166683,10,924,106,208
"NSFG 25-44 + FSW core",2e-04,2,50000,10,683.1,192,2129,7.788,1.75423728813559,1.37256624213146,7,1.00612938364739,173.315655128685,0.789962689296949,13.2052252260636,0.0757275989527437,3.96156756781909,7.92313513563817,16.6153384661534,10,924,70,150
"NSFG 25-44 + FSW core",2e-04,4,50000,10,601.9,185,1751,5.572,2.16044508255564,1.873400897159,7,0.889562566933026,131.737144740094,0.789743214573122,10.8253606238049,0.0923756754856745,3.24760818714147,6.49521637428294,12.3667633236676,10,924,47,126
"NSFG 25-44 + FSW core",2e-04,8,50000,10,568.6,187,1620,4.542,2.50374284456187,2.14632430531129,7,0.851150539237612,116.573994002949,0.790094555297474,9.96102494006978,0.100391275598291,2.98830748202093,5.97661496404187,9.77502249775022,10,924,42,102
"NSFG 25-44 + FSW core",2e-04,16,50000,10,562.7,190,1599,4.342,2.59189313680332,2.20828149991114,7,0.844634595293767,113.744888314014,0.789962689296949,9.8016767804209,0.102023360125231,2.94050303412627,5.88100606825254,8.97210278972103,10,924,42,97
"NSFG 25-44 + FSW core",5e-04,1,50000,25,357.92,112,1586,10.88,1.64485294117647,1.33124720607957,10,1.47460903732809,141.352330058939,0.790094555297474,14.4374313280547,0.0692643987200693,4.33122939841641,8.66245879683282,21.8385403649088,25,924,106,199
"NSFG 25-44 + FSW core",5e-04,2,50000,25,324.04,109,1371,7.788,2.0803800719055,2.39279101345513,11,1.2227213354997,112.334958106343,0.790094555297474,11.7198272171176,0.0853254899986438,3.51594816513528,7.03189633027055,16.9027743064234,25,924,70,146
"NSFG 25-44 + FSW core",5e-04,4,50000,25,301.76,112,1231,5.572,2.70782483847811,3.13971367974549,12,1.12468659594986,94.7506910961106,0.789743214573122,10.3230243743188,0.0968708358848551,3.09690731229565,6.1938146245913,12.2169457635591,25,924,47,110
"NSFG 25-44 + FSW core",5e-04,8,50000,25,295.8,112,1175,4.542,3.25627476882431,3.48289384719405,12,1.10351049604485,90.2070854344219,0.789999268417587,9.97719728152647,0.100228548337074,2.99315918445794,5.98631836891588,9.85653586603349,25,924,42,103
"NSFG 25-44 + FSW core",5e-04,16,50000,25,294.96,108,1146,4.342,3.39659143251958,3.59018171955519,14,1.10405956390711,89.2531304894361,0.790094555297474,9.92677048820567,0.100737697238808,2.9780311464617,5.9560622929234,9.21669582604349,25,924,42,100
"NSFG 25-44 + FSW core",0.0017,1,50000,85,110.811764705882,31,1649,10.88,1.73143382352941,1.64433591676399,11,1.58253245132302,86.0008112830754,0.790094555297474,11.6661508088818,0.0857180758574345,3.49984524266454,6.99969048532908,21.7984712993955,82,924,106,195
"NSFG 25-44 + FSW core",0.0017,2,50000,85,104.023529411765,31,1400,7.788,2.27067282999486,3.18140692151097,17,1.38874019962845,69.7740168141315,0.790072426658863,9.84367726204673,0.10158805224706,2.95310317861402,5.90620635722804,16.7887295798571,82,924,70,153
"NSFG 25-44 + FSW core",0.0017,4,50000,85,100.435294117647,31,1253,5.572,3.06424982053123,4.153918238257,17,1.32823944441808,61.3111859902235,0.789999268417587,9.0241861470311,0.110813316980279,2.70725584410933,5.41451168821866,12.5843033421592,82,924,47,117
"NSFG 25-44 + FSW core",0.0017,8,50000,85,99.3882352941176,31,1192,4.542,3.71994715984148,4.55445075757576,17,1.32084976949765,58.7533228775566,0.789977137631459,8.80933101773577,0.113515997751328,2.64279930532073,5.28559861064146,9.80066943098366,82,924,42,88
"NSFG 25-44 + FSW core",0.0017,16,50000,85,98.9882352941176,30,1183,4.342,3.87563334868724,4.65438554789636,18,1.32030432715169,57.8973846885402,0.790072426658863,8.74312115523086,0.114375631109917,2.62293634656926,5.24587269313852,9.21416795723635,82,924,42,93
"NSFG 25-44 (trimmed)",0,NA,50000,0,NA,NA,NA,0,NA,NA,0,0.643079173523496,0.76855000914244,0.768550009142439,0.7030209845309,1.42243264710976,0.21090629535927,0.42181259071854,0.267,0,940,0,3
"NSFG 25-44 + FSW core",2e-04,1,50000,10,808.1,410,3739,11.032,1.46501087744743,0.906075980695458,7,1.33141100189578,276.097592837457,0.768550009142439,19.1728811789134,0.0521570018959808,5.75186435367402,11.503728707348,21.8768123187681,10,940,116,187
"NSFG 25-44 + FSW core",2e-04,2,50000,10,675.9,384,2787,7.812,1.73041474654378,1.46293830448291,8,1.00636300021156,170.31281225081,0.768550009142439,13.0918490944248,0.0763834041156073,3.92755472832745,7.85510945665491,16.6583341665833,10,940,84,159
"NSFG 25-44 + FSW core",2e-04,4,50000,10,597.5,379.5,2166,5.536,2.15859826589595,2.01271966527197,8,0.892211324486937,117.30312371219,0.768550009142439,10.2303067096597,0.0977487800102589,3.06909201289791,6.13818402579581,12.2127787221278,10,940,54,119
"NSFG 25-44 + FSW core",2e-04,8,50000,10,566.3,380.5,1930,4.578,2.47400611620795,2.25534169168285,9,0.858084933640415,99.6900568323033,0.768550009142439,9.24892079118187,0.108120722685118,2.77467623735456,5.54935247470912,9.76202379762024,10,940,44,111
"NSFG 25-44 + FSW core",2e-04,16,50000,10,559,384.5,1852,4.366,2.56069628950985,2.3438282647585,9,0.853284671532847,95.1199402786994,0.768550009142439,9.00912798204876,0.110998534152535,2.70273839461463,5.40547678922926,9.19208079192081,10,940,40,91
"NSFG 25-44 + FSW core",5e-04,1,50000,25,351.68,84,2300,11.032,1.59390862944162,1.18494085532302,8,1.4464887684698,203.47985255663,0.768550009142439,17.1560870052893,0.0582883497671523,5.1468261015868,10.2936522031736,22.0004998750312,25,940,116,212
"NSFG 25-44 + FSW core",5e-04,2,50000,25,305.88,81,1851,7.812,1.95775729646697,1.98639989538381,10,1.13531289603285,144.40515263808,0.768550009142439,12.8041021568716,0.0780999704429353,3.84123064706149,7.68246129412299,16.5668582854286,25,940,84,177
"NSFG 25-44 + FSW core",5e-04,4,50000,25,276.36,83,1560,5.536,2.49602601156069,2.61832392531481,11,1.01556843455251,111.435412912547,0.768550009142439,10.6381524639059,0.0940012848464889,3.19144573917178,6.38289147834357,11.874031492127,25,940,54,105
"NSFG 25-44 + FSW core",5e-04,8,50000,25,267.4,83,1478,4.578,2.92048929663609,2.94151084517577,11,0.991250509164969,102.460219959267,0.768550009142439,10.0778839645919,0.099227179387404,3.02336518937756,6.04673037875512,9.66158460384904,25,940,44,97
"NSFG 25-44 + FSW core",5e-04,16,50000,25,264.12,82,1432,4.366,3.02473660100779,2.98167499621384,11,0.980536113422413,99.4579805197983,0.768550009142439,9.87532995234717,0.101262439313465,2.96259898570415,5.9251979714083,8.96675831042239,25,940,40,87
"NSFG 25-44 + FSW core",0.0017,1,50000,85,113.552941176471,33,1465,11.032,1.74981870920957,1.68234562784915,13,1.63734419197414,84.7907432159399,0.768550009142439,11.7826835202253,0.0848703097459479,3.5348050560676,7.0696101121352,21.9133736324125,83,940,116,216
"NSFG 25-44 + FSW core",0.0017,2,50000,85,107.117647058824,33,1259,7.812,2.3310291858679,3.41504667764964,19,1.44343600595658,70.3955168900384,0.768550009142439,10.0802491902237,0.0992038967617829,3.02407475706712,6.04814951413424,16.6738272468402,83,940,84,150
"NSFG 25-44 + FSW core",0.0017,4,50000,85,103.317647058824,33,1138,5.536,3.17268786127168,4.42245502163516,16,1.37834005545752,62.9673556843963,0.768550009142439,9.31613806928839,0.107340616096771,2.79484142078652,5.58968284157303,12.2306039866114,82,940,54,114
"NSFG 25-44 + FSW core",0.0017,8,50000,85,102.4,32,1079,4.578,3.80253385757973,4.73805147058824,18,1.36640691548096,60.5794239202448,0.768550009142439,9.0981395779838,0.1099125806357,2.72944187339514,5.45888374679028,9.92756157266324,83,940,44,104
"NSFG 25-44 + FSW core",0.0017,16,50000,85,101.623529411765,33,1076,4.366,3.9569399908383,4.79300764065756,16,1.35715639211723,59.6613504295099,0.768550009142439,8.99832112661887,0.111131841810112,2.69949633798566,5.39899267597132,9.17819853124844,83,940,40,102
