"net","tau","c","gamma","cases_capped","p_reach","importations"
1,0.1,10,-2,10.2666666666667,0,9.16666666666667
1,0.1,10,0,83.2333333333333,0.0333333333333333,9
1,0.1,10,1,104.2,0.0333333333333333,11.7666666666667
1,0.1,10,2,297.6,0,9.33333333333333
1,0.1,10,3,441.8,0.0333333333333333,9.03333333333333
1,0.1,10,4,353.633333333333,0,8.63333333333333
1,0.1,10,6,451.333333333333,0,8.2
1,0.1,100,-2,141.5,0,94.8666666666667
1,0.1,100,0,464.733333333333,0.1,93.9666666666667
1,0.1,100,1,557.133333333333,0.0333333333333333,93.6333333333333
1,0.1,100,2,646.666666666667,0.0333333333333333,82.4333333333333
1,0.1,100,3,654.9,0.1,63.9333333333333
1,0.1,100,4,653.6,0.0666666666666667,49.9333333333333
1,0.1,100,6,544.833333333333,0,34.3666666666667
1,0.3,10,-2,12.9666666666667,0,9.76666666666667
1,0.3,10,0,290.7,0.266666666666667,10.1
1,0.3,10,1,621.9,0.566666666666667,8.13333333333333
1,0.3,10,2,749.933333333333,0.666666666666667,7.9
1,0.3,10,3,984.566666666667,0.9,6.46666666666667
1,0.3,10,4,1045.06666666667,1,5.43333333333333
1,0.3,10,6,1037.86666666667,1,4.53333333333333
1,0.3,100,-2,281.833333333333,0.166666666666667,90.4
1,0.3,100,0,1004.2,0.966666666666667,60.9
1,0.3,100,1,1038.8,1,40.4
1,0.3,100,2,1042.23333333333,1,23.2333333333333
1,0.3,100,3,1036.76666666667,1,18.1666666666667
1,0.3,100,4,1029,1,14.3
1,0.3,100,6,1022.73333333333,1,10.5333333333333
1,0.6,10,-2,63.1,0.0333333333333333,9.56666666666667
1,0.6,10,0,414.5,0.333333333333333,9.36666666666667
1,0.6,10,1,881.066666666667,0.733333333333333,6.8
1,0.6,10,2,1097.93333333333,0.9,4.5
1,0.6,10,3,1173.93333333333,1,3.93333333333333
1,0.6,10,4,1126.73333333333,0.966666666666667,3.4
1,0.6,10,6,1184.26666666667,1,2.56666666666667
1,0.6,100,-2,811.066666666667,0.666666666666667,73.4666666666667
1,0.6,100,0,1178.83333333333,0.966666666666667,33.0666666666667
1,0.6,100,1,1205.3,1,23.3333333333333
1,0.6,100,2,1210.16666666667,1,8.4
1,0.6,100,3,1169.83333333333,1,5.23333333333333
1,0.6,100,4,1186.2,1,3.76666666666667
1,0.6,100,6,1197.93333333333,1,2.7
1,0.9,10,-2,414.666666666667,0.266666666666667,8.1
1,0.9,10,0,823.8,0.566666666666667,7.83333333333333
1,0.9,10,1,1331.66666666667,0.866666666666667,5.8
1,0.9,10,2,1356.7,0.9,3.16666666666667
1,0.9,10,3,1553.9,1,1.9
1,0.9,10,4,1516,1,1.8
1,0.9,10,6,1544.56666666667,1,1.33333333333333
1,0.9,100,-2,1459.1,0.933333333333333,38.5666666666667
1,0.9,100,0,1480.56666666667,1,16.8333333333333
1,0.9,100,1,1406.26666666667,1,8.56666666666667
1,0.9,100,2,1474.46666666667,1,3.63333333333333
1,0.9,100,3,1601.33333333333,1,2.33333333333333
1,0.9,100,4,1511.46666666667,1,2.3
1,0.9,100,6,1758.43333333333,1,1.76666666666667
2,0.1,10,-2,9.4,0,8.66666666666667
2,0.1,10,0,113.2,0.0333333333333333,9.46666666666667
2,0.1,10,1,378.7,0.0666666666666667,9.6
2,0.1,10,2,633.6,0.0666666666666667,8.8
2,0.1,10,3,658.933333333333,0.0666666666666667,8.5
2,0.1,10,4,681.133333333333,0.166666666666667,6.33333333333333
2,0.1,10,6,674.466666666667,0.1,4.9
2,0.1,100,-2,134.666666666667,0.0333333333333333,94.5
2,0.1,100,0,634.266666666667,0.1,95.1666666666667
2,0.1,100,1,859.766666666667,0.3,90.6
2,0.1,100,2,871.466666666667,0.3,66.0333333333333
2,0.1,100,3,793.333333333333,0.233333333333333,42.3666666666667
2,0.1,100,4,747.6,0.133333333333333,27
2,0.1,100,6,772.3,0.166666666666667,13.3
2,0.3,10,-2,83.0666666666667,0.0666666666666667,9.86666666666667
2,0.3,10,0,361.7,0.333333333333333,9.4
2,0.3,10,1,673.066666666667,0.633333333333333,7.33333333333333
2,0.3,10,2,982.166666666667,0.933333333333333,5.33333333333333
2,0.3,10,3,1036.16666666667,1,3.66666666666667
2,0.3,10,4,1061.63333333333,1,2.93333333333333
2,0.3,10,6,1055.33333333333,1,2.13333333333333
2,0.3,100,-2,349.733333333333,0.233333333333333,92.2333333333333
2,0.3,100,0,1060.03333333333,1,48
2,0.3,100,1,1055.26666666667,1,27.6
2,0.3,100,2,1050.76666666667,1,13.3
2,0.3,100,3,1052.06666666667,1,8.9
2,0.3,100,4,1054.4,1,4.2
2,0.3,100,6,1040.46666666667,1,2.86666666666667
2,0.6,10,-2,107.733333333333,0.0666666666666667,9.36666666666667
2,0.6,10,0,752.233333333333,0.6,7
2,0.6,10,1,1185.23333333333,0.933333333333333,5.86666666666667
2,0.6,10,2,1240.23333333333,1,3.06666666666667
2,0.6,10,3,1226,0.966666666666667,2.1
2,0.6,10,4,1256.13333333333,1,1.63333333333333
2,0.6,10,6,1217.96666666667,1,1.7
2,0.6,100,-2,945.766666666667,0.733333333333333,59.7
2,0.6,100,0,1272.3,1,32.6
2,0.6,100,1,1197.73333333333,1,10.3
2,0.6,100,2,1207.86666666667,1,4.3
2,0.6,100,3,1250.1,1,2.63333333333333
2,0.6,100,4,1201.5,1,2.2
2,0.6,100,6,1248.26666666667,1,1.56666666666667
2,0.9,10,-2,531.466666666667,0.333333333333333,8.13333333333333
2,0.9,10,0,1073.63333333333,0.633333333333333,6.8
2,0.9,10,1,1362.36666666667,0.933333333333333,3.86666666666667
2,0.9,10,2,1508.2,1,2.36666666666667
2,0.9,10,3,1625.5,1,1.63333333333333
2,0.9,10,4,1576.33333333333,1,1.5
2,0.9,10,6,1622.3,1,1.23333333333333
2,0.9,100,-2,1525.9,0.9,32.4666666666667
2,0.9,100,0,1655.13333333333,1,17.7
2,0.9,100,1,1606.4,1,5.9
2,0.9,100,2,1499.33333333333,1,2.86666666666667
2,0.9,100,3,1560.4,1,1.9
2,0.9,100,4,1577.93333333333,1,1.43333333333333
2,0.9,100,6,1466.76666666667,1,1.06666666666667
3,0.1,10,-2,10.9,0,9.33333333333333
3,0.1,10,0,53.5333333333333,0,10
3,0.1,10,1,351.433333333333,0.0666666666666667,9.4
3,0.1,10,2,613.033333333333,0.166666666666667,9.3
3,0.1,10,3,666.733333333333,0.0666666666666667,7.73333333333333
3,0.1,10,4,743.566666666667,0.1,5.26666666666667
3,0.1,10,6,658.933333333333,0,3.86666666666667
3,0.1,100,-2,195.366666666667,0,95.4
3,0.1,100,0,670.133333333333,0.2,94.9666666666667
3,0.1,100,1,813.566666666667,0.133333333333333,88.4666666666667
3,0.1,100,2,782.633333333333,0.1,64.4666666666667
3,0.1,100,3,780.166666666667,0.0333333333333333,40.5666666666667
3,0.1,100,4,748.4,0.0333333333333333,24.4666666666667
3,0.1,100,6,776.9,0.133333333333333,9.8
3,0.3,10,-2,81.9,0.0666666666666667,10.0666666666667
3,0.3,10,0,327.366666666667,0.3,8.4
3,0.3,10,1,840.6,0.8,7.76666666666667
3,0.3,10,2,900.133333333333,0.866666666666667,5.3
3,0.3,10,3,1013.3,0.966666666666667,2.93333333333333
3,0.3,10,4,1018.83333333333,0.966666666666667,3.16666666666667
3,0.3,10,6,1047.73333333333,1,1.7
3,0.3,100,-2,495.566666666667,0.4,89.0333333333333
3,0.3,100,0,1026.13333333333,0.966666666666667,50.1
3,0.3,100,1,1055.4,1,24.5333333333333
3,0.3,100,2,1058.36666666667,1,12.7
3,0.3,100,3,1047.4,1,6
3,0.3,100,4,1049.33333333333,1,5.33333333333333
3,0.3,100,6,1044.13333333333,1,2.83333333333333
3,0.6,10,-2,215.633333333333,0.166666666666667,9.7
3,0.6,10,0,411.733333333333,0.333333333333333,7.9
3,0.6,10,1,941.733333333333,0.766666666666667,6.26666666666667
3,0.6,10,2,1266.46666666667,1,3.03333333333333
3,0.6,10,3,1231.86666666667,1,1.9
3,0.6,10,4,1251.63333333333,1,1.7
3,0.6,10,6,1178.53333333333,1,1.43333333333333
3,0.6,100,-2,1110.5,0.866666666666667,67.6666666666667
3,0.6,100,0,1237.36666666667,1,26.8333333333333
3,0.6,100,1,1240.06666666667,1,11.5
3,0.6,100,2,1228.1,1,4.4
3,0.6,100,3,1262.5,1,2.43333333333333
3,0.6,100,4,1295.63333333333,1,2.06666666666667
3,0.6,100,6,1273,1,1.5
3,0.9,10,-2,756.166666666667,0.433333333333333,7.5
3,0.9,10,0,1058.76666666667,0.6,7.53333333333333
3,0.9,10,1,1415.33333333333,0.866666666666667,4.43333333333333
3,0.9,10,2,1644.13333333333,1,1.9
3,0.9,10,3,1567.26666666667,1,1.5
3,0.9,10,4,1549.2,1,1.3
3,0.9,10,6,1481.7,1,1.23333333333333
3,0.9,100,-2,1651,1,24.1
3,0.9,100,0,1651.83333333333,1,16.5666666666667
3,0.9,100,1,1598.13333333333,1,5.36666666666667
3,0.9,100,2,1532.13333333333,1,3.3
3,0.9,100,3,1553.06666666667,1,1.7
3,0.9,100,4,1515.23333333333,1,1.26666666666667
3,0.9,100,6,1533.1,1,1.46666666666667
4,0.1,10,-2,10.6,0,9.63333333333333
4,0.1,10,0,43.3333333333333,0,9.16666666666667
4,0.1,10,1,359.233333333333,0.0666666666666667,9.36666666666667
4,0.1,10,2,535.4,0.1,8.93333333333333
4,0.1,10,3,704.9,0.1,7.9
4,0.1,10,4,745.066666666667,0.166666666666667,6.36666666666667
4,0.1,10,6,719.6,0.166666666666667,4.53333333333333
4,0.1,100,-2,106.033333333333,0,95
4,0.1,100,0,638.166666666667,0.133333333333333,96.8666666666667
4,0.1,100,1,830.833333333333,0.233333333333333,91.4333333333333
4,0.1,100,2,808.633333333333,0.2,68.5
4,0.1,100,3,841.8,0.2,43.8333333333333
4,0.1,100,4,798.333333333333,0.133333333333333,28.4333333333333
4,0.1,100,6,750.566666666667,0.1,14
4,0.3,10,-2,13.2,0,9.36666666666667
4,0.3,10,0,254.633333333333,0.233333333333333,8.66666666666667
4,0.3,10,1,602.966666666667,0.566666666666667,6.26666666666667
4,0.3,10,2,1015.3,0.966666666666667,5.56666666666667
4,0.3,10,3,1054.4,1,3.73333333333333
4,0.3,10,4,1051.03333333333,1,3.33333333333333
4,0.3,10,6,1048.03333333333,1,2.4
4,0.3,100,-2,283.133333333333,0.166666666666667,89
4,0.3,100,0,937.766666666667,0.866666666666667,61.3666666666667
4,0.3,100,1,1043.23333333333,1,28.3666666666667
4,0.3,100,2,1044.03333333333,1,15.2333333333333
4,0.3,100,3,1047.9,1,6.66666666666667
4,0.3,100,4,1044.63333333333,1,5.76666666666667
4,0.3,100,6,1047.56666666667,1,3.76666666666667
4,0.6,10,-2,142.166666666667,0.1,10.7666666666667
4,0.6,10,0,374.766666666667,0.3,8.26666666666667
4,0.6,10,1,1019.66666666667,0.833333333333333,5.6
4,0.6,10,2,1131.4,0.933333333333333,3.3
4,0.6,10,3,1253.33333333333,1,2.03333333333333
4,0.6,10,4,1248.63333333333,1,1.83333333333333
4,0.6,10,6,1230.36666666667,1,1.66666666666667
4,0.6,100,-2,1079.46666666667,0.866666666666667,60.2666666666667
4,0.6,100,0,1257.9,1,35.5
4,0.6,100,1,1222.5,1,13.5
4,0.6,100,2,1258.83333333333,1,5.56666666666667
4,0.6,100,3,1236.56666666667,1,3.16666666666667
4,0.6,100,4,1233.43333333333,1,1.96666666666667
4,0.6,100,6,1230.86666666667,1,1.76666666666667
4,0.9,10,-2,523.3,0.266666666666667,8.83333333333333
4,0.9,10,0,954.066666666667,0.5,6.7
4,0.9,10,1,1503.3,0.9,4.56666666666667
4,0.9,10,2,1536.23333333333,0.966666666666667,3.1
4,0.9,10,3,1603.06666666667,1,1.5
4,0.9,10,4,1436.56666666667,1,1.5
4,0.9,10,6,1503.83333333333,1,1.3
4,0.9,100,-2,1575.8,0.966666666666667,41.7
4,0.9,100,0,1648.26666666667,1,14
4,0.9,100,1,1753.9,1,9.8
4,0.9,100,2,1729.63333333333,1,3
4,0.9,100,3,1679.06666666667,1,2.46666666666667
4,0.9,100,4,1548.13333333333,1,1.63333333333333
4,0.9,100,6,1576.5,1,1.53333333333333
5,0.1,10,-2,10.8333333333333,0,9.7
5,0.1,10,0,87.4333333333333,0,9.7
5,0.1,10,1,291.233333333333,0.0666666666666667,10.0333333333333
5,0.1,10,2,306.5,0,8.93333333333333
5,0.1,10,3,509.3,0.0333333333333333,8.63333333333333
5,0.1,10,4,625.233333333333,0.0333333333333333,7.16666666666667
5,0.1,10,6,448.833333333333,0,5.23333333333333
5,0.1,100,-2,166.866666666667,0,92.7666666666667
5,0.1,100,0,470.466666666667,0.0666666666666667,95.2666666666667
5,0.1,100,1,630.533333333333,0.0333333333333333,90.6333333333333
5,0.1,100,2,742.4,0.133333333333333,75.8666666666667
5,0.1,100,3,624.3,0.0333333333333333,48.4333333333333
5,0.1,100,4,588.133333333333,0,34.9
5,0.1,100,6,627.633333333333,0.1,15.7666666666667
5,0.3,10,-2,14.8666666666667,0,10.2333333333333
5,0.3,10,0,247.3,0.233333333333333,9.9
5,0.3,10,1,556.9,0.533333333333333,7.86666666666667
5,0.3,10,2,891.733333333333,0.866666666666667,6.23333333333333
5,0.3,10,3,996.1,0.966666666666667,4.66666666666667
5,0.3,10,4,1030.43333333333,0.966666666666667,3.8
5,0.3,10,6,1030.6,0.966666666666667,2.46666666666667
5,0.3,100,-2,403.366666666667,0.3,86.1666666666667
5,0.3,100,0,828.733333333333,0.766666666666667,65.9333333333333
5,0.3,100,1,1034,1,36.2666666666667
5,0.3,100,2,1042.73333333333,1,18.6
5,0.3,100,3,1030.26666666667,1,11.5666666666667
5,0.3,100,4,1036.7,1,7.56666666666667
5,0.3,100,6,1042.56666666667,1,4.4
5,0.6,10,-2,206.466666666667,0.166666666666667,10.2333333333333
5,0.6,10,0,433.5,0.366666666666667,8.8
5,0.6,10,1,934.333333333333,0.8,5.9
5,0.6,10,2,1083.83333333333,0.9,4.3
5,0.6,10,3,1107.16666666667,0.966666666666667,2.56666666666667
5,0.6,10,4,1193.7,1,2.16666666666667
5,0.6,10,6,1158.33333333333,1,1.9
5,0.6,100,-2,1054.26666666667,0.866666666666667,68.0666666666667
5,0.6,100,0,1205.33333333333,1,30.5333333333333
5,0.6,100,1,1214.23333333333,1,17.2666666666667
5,0.6,100,2,1167.5,1,5.8
5,0.6,100,3,1178.8,1,4.03333333333333
5,0.6,100,4,1199.9,1,3.2
5,0.6,100,6,1200.06666666667,1,1.96666666666667
5,0.9,10,-2,512.466666666667,0.333333333333333,7.96666666666667
5,0.9,10,0,630.5,0.433333333333333,6.5
5,0.9,10,1,1325.46666666667,0.966666666666667,5.16666666666667
5,0.9,10,2,1463.43333333333,0.966666666666667,2.46666666666667
5,0.9,10,3,1460.26666666667,1,1.73333333333333
5,0.9,10,4,1513.03333333333,1,1.3
5,0.9,10,6,1655.83333333333,1,1.43333333333333
5,0.9,100,-2,1560.66666666667,1,34.2
5,0.9,100,0,1474.33333333333,1,18.5333333333333
5,0.9,100,1,1465.9,1,6.36666666666667
5,0.9,100,2,1478.66666666667,1,2.23333333333333
5,0.9,100,3,1496.7,1,1.96666666666667
5,0.9,100,4,1515.9,1,1.56666666666667
5,0.9,100,6,1544.06666666667,1,1.56666666666667
6,0.1,10,-2,11.9,0,10.5333333333333
6,0.1,10,0,160.4,0,9.33333333333333
6,0.1,10,1,441.2,0.0666666666666667,9.2
6,0.1,10,2,585.4,0.1,9.66666666666667
6,0.1,10,3,761.5,0.133333333333333,6.8
6,0.1,10,4,720.833333333333,0.0666666666666667,6.26666666666667
6,0.1,10,6,642.433333333333,0.0666666666666667,4.33333333333333
6,0.1,100,-2,245.633333333333,0.1,93.7333333333333
6,0.1,100,0,669.766666666667,0.133333333333333,91.9666666666667
6,0.1,100,1,894.933333333333,0.333333333333333,89.9333333333333
6,0.1,100,2,848.066666666667,0.3,65.4
6,0.1,100,3,808,0.166666666666667,40.9666666666667
6,0.1,100,4,804.333333333333,0.1,23.8333333333333
6,0.1,100,6,817.533333333333,0.233333333333333,10.2
6,0.3,10,-2,13.0666666666667,0,9.86666666666667
6,0.3,10,0,186.566666666667,0.166666666666667,8.7
6,0.3,10,1,879.333333333333,0.833333333333333,6.7
6,0.3,10,2,1054.66666666667,1,4.66666666666667
6,0.3,10,3,1054.43333333333,1,3.6
6,0.3,10,4,1051.6,1,2.7
6,0.3,10,6,1056.76666666667,1,2.1
6,0.3,100,-2,469,0.366666666666667,92.1666666666667
6,0.3,100,0,1060.93333333333,1,47.1
6,0.3,100,1,1061.6,1,25.7666666666667
6,0.3,100,2,1065.06666666667,1,8.73333333333333
6,0.3,100,3,1059.96666666667,1,5.03333333333333
6,0.3,100,4,1048.06666666667,1,4.46666666666667
6,0.3,100,6,1046.96666666667,1,2.9
6,0.6,10,-2,260.166666666667,0.2,9.4
6,0.6,10,0,540.9,0.433333333333333,7.63333333333333
6,0.6,10,1,1107.03333333333,0.9,5.3
6,0.6,10,2,1267.23333333333,1,2.96666666666667
6,0.6,10,3,1267.9,1,1.96666666666667
6,0.6,10,4,1248.93333333333,1,1.36666666666667
6,0.6,10,6,1230.4,1,1.43333333333333
6,0.6,100,-2,1106.86666666667,0.866666666666667,60.9
6,0.6,100,0,1288.7,1,31.6666666666667
6,0.6,100,1,1244.16666666667,1,11.4666666666667
6,0.6,100,2,1225.76666666667,1,3.76666666666667
6,0.6,100,3,1279.8,1,2.63333333333333
6,0.6,100,4,1233.63333333333,1,1.7
6,0.6,100,6,1275.53333333333,1,1.46666666666667
6,0.9,10,-2,706.966666666667,0.366666666666667,7.5
6,0.9,10,0,1232.46666666667,0.7,6.63333333333333
6,0.9,10,1,1576.36666666667,1,3.9
6,0.9,10,2,1662.73333333333,1,2.43333333333333
6,0.9,10,3,1694.2,1,1.76666666666667
6,0.9,10,4,1573.73333333333,1,1.33333333333333
6,0.9,10,6,1560.63333333333,1,1.23333333333333
6,0.9,100,-2,1681.2,1,25.1333333333333
6,0.9,100,0,1684.4,1,13.1
6,0.9,100,1,1678.46666666667,1,6.76666666666667
6,0.9,100,2,1588.93333333333,1,1.93333333333333
6,0.9,100,3,1655.66666666667,1,1.53333333333333
6,0.9,100,4,1609.06666666667,1,1.36666666666667
6,0.9,100,6,1606.16666666667,1,1.43333333333333
7,0.1,10,-2,10.9,0,9.86666666666667
7,0.1,10,0,87.4333333333333,0,10.0666666666667
7,0.1,10,1,262.966666666667,0,9.76666666666667
7,0.1,10,2,498.266666666667,0.0666666666666667,9.56666666666667
7,0.1,10,3,712.166666666667,0.166666666666667,8.5
7,0.1,10,4,730.033333333333,0.1,6.1
7,0.1,10,6,670.633333333333,0.0333333333333333,4.43333333333333
7,0.1,100,-2,149.366666666667,0,95.5333333333333
7,0.1,100,0,537.733333333333,0.2,91.0333333333333
7,0.1,100,1,812.266666666667,0.166666666666667,88.4333333333333
7,0.1,100,2,812.3,0.166666666666667,68.6
7,0.1,100,3,739.1,0.1,41.4333333333333
7,0.1,100,4,754.2,0.0333333333333333,23.7
7,0.1,100,6,692.466666666667,0.0333333333333333,11.9
7,0.3,10,-2,49.0333333333333,0.0333333333333333,10.1
7,0.3,10,0,222.933333333333,0.2,9.23333333333333
7,0.3,10,1,527.733333333333,0.5,8.33333333333333
7,0.3,10,2,1005.73333333333,0.966666666666667,5.03333333333333
7,0.3,10,3,1047.53333333333,1,3.36666666666667
7,0.3,10,4,1006.9,0.966666666666667,2.76666666666667
7,0.3,10,6,1012.06666666667,0.966666666666667,2.06666666666667
7,0.3,100,-2,376.766666666667,0.266666666666667,92.8666666666667
7,0.3,100,0,956.5,0.9,64.9333333333333
7,0.3,100,1,1039.4,1,31.2
7,0.3,100,2,1051.36666666667,1,15.2
7,0.3,100,3,1049.76666666667,1,7.43333333333333
7,0.3,100,4,1040.9,1,4.96666666666667
7,0.3,100,6,1041.63333333333,1,2.96666666666667
7,0.6,10,-2,214.566666666667,0.166666666666667,8.46666666666667
7,0.6,10,0,475.666666666667,0.366666666666667,9.1
7,0.6,10,1,1053.26666666667,0.866666666666667,5.73333333333333
7,0.6,10,2,1173.7,0.966666666666667,3.5
7,0.6,10,3,1231.66666666667,1,2.03333333333333
7,0.6,10,4,1213.63333333333,1,1.83333333333333
7,0.6,10,6,1199,0.966666666666667,1.63333333333333
7,0.6,100,-2,912.466666666667,0.7,69.2666666666667
7,0.6,100,0,1237.7,0.966666666666667,44.2666666666667
7,0.6,100,1,1238.53333333333,1,15.4666666666667
7,0.6,100,2,1200.46666666667,1,5.83333333333333
7,0.6,100,3,1197.13333333333,1,2.66666666666667
7,0.6,100,4,1256.43333333333,1,2
7,0.6,100,6,1222.2,1,1.63333333333333
7,0.9,10,-2,720.866666666667,0.4,7.8
7,0.9,10,0,1084.9,0.6,6.8
7,0.9,10,1,1204.03333333333,0.833333333333333,4.9
7,0.9,10,2,1666.8,1,2.63333333333333
7,0.9,10,3,1604.5,1,1.56666666666667
7,0.9,10,4,1519.8,1,1.3
7,0.9,10,6,1573.46666666667,1,1.2
7,0.9,100,-2,1566.63333333333,0.933333333333333,31.7
7,0.9,100,0,1689.7,1,19.2333333333333
7,0.9,100,1,1615.73333333333,1,7.83333333333333
7,0.9,100,2,1656,1,3.26666666666667
7,0.9,100,3,1641.83333333333,1,1.9
7,0.9,100,4,1477.53333333333,1,1.66666666666667
7,0.9,100,6,1583.5,1,1.36666666666667
8,0.1,10,-2,11.6666666666667,0,10.3
8,0.1,10,0,44.2,0.0333333333333333,9.9
8,0.1,10,1,452.966666666667,0.133333333333333,9.13333333333333
8,0.1,10,2,519.833333333333,0.2,8.5
8,0.1,10,3,786,0.233333333333333,7.73333333333333
8,0.1,10,4,781.866666666667,0.2,6.03333333333333
8,0.1,10,6,676.266666666667,0.166666666666667,4.93333333333333
8,0.1,100,-2,161.366666666667,0.0333333333333333,93.8
8,0.1,100,0,695.366666666667,0.3,93.4666666666667
8,0.1,100,1,875.633333333333,0.266666666666667,86.7666666666667
8,0.1,100,2,851.1,0.2,68.1666666666667
8,0.1,100,3,877.6,0.3,45
8,0.1,100,4,834.233333333333,0.166666666666667,29.5666666666667
8,0.1,100,6,833.9,0.233333333333333,15.8333333333333
8,0.3,10,-2,82.5666666666667,0.0666666666666667,10.2333333333333
8,0.3,10,0,329.366666666667,0.3,9.23333333333333
8,0.3,10,1,737.566666666667,0.7,7.46666666666667
8,0.3,10,2,1025.56666666667,0.966666666666667,5.2
8,0.3,10,3,1055.23333333333,1,3.73333333333333
8,0.3,10,4,1049.56666666667,1,3.33333333333333
8,0.3,10,6,1063.13333333333,1,2.43333333333333
8,0.3,100,-2,312.9,0.2,84.8666666666667
8,0.3,100,0,1059.33333333333,1,41.8666666666667
8,0.3,100,1,1054.73333333333,1,30.5666666666667
8,0.3,100,2,1051.2,1,12.2333333333333
8,0.3,100,3,1052.16666666667,1,7.13333333333333
8,0.3,100,4,1061.1,1,5.33333333333333
8,0.3,100,6,1058.2,1,3.76666666666667
8,0.6,10,-2,109.466666666667,0.0666666666666667,9.03333333333333
8,0.6,10,0,535,0.4,8.56666666666667
8,0.6,10,1,1110.26666666667,0.866666666666667,5.76666666666667
8,0.6,10,2,1298.76666666667,1,3.3
8,0.6,10,3,1290.63333333333,1,2.16666666666667
8,0.6,10,4,1289.83333333333,1,2.23333333333333
8,0.6,10,6,1236.53333333333,1,1.86666666666667
8,0.6,100,-2,795.666666666667,0.566666666666667,76.0666666666667
8,0.6,100,0,1274.5,1,32.2666666666667
8,0.6,100,1,1282.6,1,10.3666666666667
8,0.6,100,2,1264.26666666667,1,5.43333333333333
8,0.6,100,3,1267.76666666667,1,2.56666666666667
8,0.6,100,4,1259.1,1,2
8,0.6,100,6,1291.9,1,1.73333333333333
8,0.9,10,-2,398.5,0.266666666666667,8.7
8,0.9,10,0,1041.2,0.566666666666667,6.13333333333333
8,0.9,10,1,1428.3,0.866666666666667,5
8,0.9,10,2,1561.36666666667,0.966666666666667,2.4
8,0.9,10,3,1664.53333333333,1,1.76666666666667
8,0.9,10,4,1447.56666666667,1,1.2
8,0.9,10,6,1475.23333333333,1,1.33333333333333
8,0.9,100,-2,1705.96666666667,1,32.2333333333333
8,0.9,100,0,1728,1,15.3333333333333
8,0.9,100,1,1614.03333333333,1,8.03333333333333
8,0.9,100,2,1575.53333333333,1,3
8,0.9,100,3,1513.06666666667,1,1.5
8,0.9,100,4,1687.4,1,1.43333333333333
8,0.9,100,6,1488.73333333333,1,1.3
9,0.1,10,-2,10.4,0,9.26666666666667
9,0.1,10,0,78.5,0,10.6
9,0.1,10,1,342.1,0.0333333333333333,8.9
9,0.1,10,2,554.9,0.0666666666666667,9.33333333333333
9,0.1,10,3,724.8,0.0333333333333333,8.13333333333333
9,0.1,10,4,753.8,0.1,7.46666666666667
9,0.1,10,6,755.466666666667,0.233333333333333,5.66666666666667
9,0.1,100,-2,101.8,0,91.2
9,0.1,100,0,642.4,0.133333333333333,94.5
9,0.1,100,1,816.433333333333,0.3,87.8666666666667
9,0.1,100,2,784.866666666667,0.166666666666667,67.0666666666667
9,0.1,100,3,800.9,0.133333333333333,42.1333333333333
9,0.1,100,4,787.2,0.0333333333333333,29.8
9,0.1,100,6,751.266666666667,0.0333333333333333,17.1
9,0.3,10,-2,82.3,0.0666666666666667,9.2
9,0.3,10,0,250.733333333333,0.233333333333333,9.63333333333333
9,0.3,10,1,597.966666666667,0.566666666666667,8.73333333333333
9,0.3,10,2,1061.23333333333,1,4.56666666666667
9,0.3,10,3,1051.5,1,4.26666666666667
9,0.3,10,4,1047.16666666667,1,3.23333333333333
9,0.3,10,6,1044.33333333333,1,2.2
9,0.3,100,-2,409.766666666667,0.3,86.2333333333333
9,0.3,100,0,957.466666666667,0.9,52.1333333333333
9,0.3,100,1,1050.73333333333,1,30.2333333333333
9,0.3,100,2,1046.2,1,14.7
9,0.3,100,3,1047.73333333333,1,7.13333333333333
9,0.3,100,4,1048.2,1,6
9,0.3,100,6,1057.13333333333,1,3.4
9,0.6,10,-2,287.9,0.2,9.96666666666667
9,0.6,10,0,495.966666666667,0.4,8.86666666666667
9,0.6,10,1,1132.53333333333,0.933333333333333,4.9
9,0.6,10,2,1243.06666666667,1,3.33333333333333
9,0.6,10,3,1218.5,1,2.36666666666667
9,0.6,10,4,1230.8,1,1.73333333333333
9,0.6,10,6,1241.03333333333,1,1.66666666666667
9,0.6,100,-2,1084.53333333333,0.833333333333333,62
9,0.6,100,0,1256.26666666667,1,31.8
9,0.6,100,1,1252.63333333333,1,15.9333333333333
9,0.6,100,2,1242.6,1,4.3
9,0.6,100,3,1244.53333333333,1,2.76666666666667
9,0.6,100,4,1222.23333333333,1,2.36666666666667
9,0.6,100,6,1229.73333333333,1,1.93333333333333
9,0.9,10,-2,608.533333333333,0.333333333333333,7.03333333333333
9,0.9,10,0,1298.2,0.733333333333333,5.43333333333333
9,0.9,10,1,1340.16666666667,0.833333333333333,4.7
9,0.9,10,2,1558.86666666667,1,2.13333333333333
9,0.9,10,3,1501.06666666667,1,1.43333333333333
9,0.9,10,4,1588.8,1,1.36666666666667
9,0.9,10,6,1577.2,1,1.13333333333333
9,0.9,100,-2,1665.86666666667,1,27.2666666666667
9,0.9,100,0,1625.76666666667,1,15.6
9,0.9,100,1,1476.96666666667,1,5.86666666666667
9,0.9,100,2,1472.76666666667,1,2.36666666666667
9,0.9,100,3,1746.8,1,2.06666666666667
9,0.9,100,4,1557.03333333333,1,1.33333333333333
9,0.9,100,6,1514.9,1,1.2
10,0.1,10,-2,10.3333333333333,0,9.23333333333333
10,0.1,10,0,116.466666666667,0,10.3333333333333
10,0.1,10,1,436.1,0.0333333333333333,9.53333333333333
10,0.1,10,2,643.366666666667,0.0333333333333333,9.4
10,0.1,10,3,688.533333333333,0.0333333333333333,8.9
10,0.1,10,4,668.066666666667,0.0666666666666667,7.4
10,0.1,10,6,666,0.0333333333333333,5.56666666666667
10,0.1,100,-2,178.766666666667,0,93.2
10,0.1,100,0,525.766666666667,0.133333333333333,93.1666666666667
10,0.1,100,1,822.6,0.166666666666667,93.6
10,0.1,100,2,846.366666666667,0.1,74.3
10,0.1,100,3,790.966666666667,0.0666666666666667,53
10,0.1,100,4,785.533333333333,0.0333333333333333,38.5333333333333
10,0.1,100,6,731.866666666667,0.1,19.8666666666667
10,0.3,10,-2,14.4,0,10.0666666666667
10,0.3,10,0,357.266666666667,0.333333333333333,9.23333333333333
10,0.3,10,1,566.833333333333,0.533333333333333,7.7
10,0.3,10,2,903.033333333333,0.866666666666667,5.13333333333333
10,0.3,10,3,1040.86666666667,1,5.1
10,0.3,10,4,1014.46666666667,0.966666666666667,3.36666666666667
10,0.3,10,6,1050.96666666667,1,2.63333333333333
10,0.3,100,-2,344.033333333333,0.233333333333333,90.3333333333333
10,0.3,100,0,960.4,0.9,60.6
10,0.3,100,1,1037.56666666667,1,30.7333333333333
10,0.3,100,2,1048.16666666667,1,13.8333333333333
10,0.3,100,3,1039.73333333333,1,8.83333333333333
10,0.3,100,4,1049.3,1,7.4
10,0.3,100,6,1043.66666666667,1,3.7
10,0.6,10,-2,57.3,0.0333333333333333,10.6333333333333
10,0.6,10,0,473.366666666667,0.366666666666667,7.7
10,0.6,10,1,830.466666666667,0.7,7.1
10,0.6,10,2,1041.5,0.866666666666667,4.83333333333333
10,0.6,10,3,1250.16666666667,1,2.23333333333333
10,0.6,10,4,1214.33333333333,1,1.8
10,0.6,10,6,1244.26666666667,1,1.96666666666667
10,0.6,100,-2,990.266666666667,0.766666666666667,65.1666666666667
10,0.6,100,0,1141,0.933333333333333,36.4666666666667
10,0.6,100,1,1236.8,1,11.3666666666667
10,0.6,100,2,1206.26666666667,1,8.1
10,0.6,100,3,1218.56666666667,1,4.26666666666667
10,0.6,100,4,1208.86666666667,1,3.06666666666667
10,0.6,100,6,1230.8,1,2.1
10,0.9,10,-2,808.9,0.5,8.73333333333333
10,0.9,10,0,1022.9,0.566666666666667,7.73333333333333
10,0.9,10,1,1402.63333333333,0.833333333333333,5.03333333333333
10,0.9,10,2,1626,0.966666666666667,3.36666666666667
10,0.9,10,3,1516.3,1,2.06666666666667
10,0.9,10,4,1510.43333333333,1,1.6
10,0.9,10,6,1463.4,1,1.4
10,0.9,100,-2,1665.33333333333,1,28.4
10,0.9,100,0,1610.56666666667,1,18.4666666666667
10,0.9,100,1,1633.13333333333,1,8.7
10,0.9,100,2,1708.23333333333,1,3.23333333333333
10,0.9,100,3,1642.23333333333,1,1.83333333333333
10,0.9,100,4,1411.83333333333,1,2
10,0.9,100,6,1430.9,1,1.43333333333333
