"tau","c","gamma","se_cases","cases_capped","p_reach","importations"
0.1,10,-2,0.225596602723742,10.72,0,9.57
0.1,10,0,11.4926157720491,86.7733333333333,0.01,9.75666666666667
0.1,10,1,33.0175520848989,342.013333333333,0.0566666666666667,9.67
0.1,10,2,39.159724223168,518.79,0.08,9.17666666666667
0.1,10,3,34.3184714327646,665.466666666667,0.09,8.18666666666667
0.1,10,4,39.1472402729446,680.323333333333,0.1,6.70333333333333
0.1,10,6,32.6871860913096,636.396666666667,0.08,5.16666666666667
0.1,100,-2,13.4771791110055,158.136666666667,0.0166666666666667,94
0.1,100,0,27.3883733104504,594.88,0.15,94.0366666666667
0.1,100,1,34.5332734340965,791.37,0.196666666666667,90.1366666666667
0.1,100,2,21.0188423698333,799.45,0.17,70.0833333333333
0.1,100,3,24.8636905179589,771.106666666667,0.136666666666667,46.1666666666667
0.1,100,4,23.6993733573456,750.156666666667,0.0733333333333333,31.0166666666667
0.1,100,6,27.7887395260102,729.926666666667,0.113333333333333,16.2133333333333
0.3,10,-2,10.8168027155742,44.7366666666667,0.03,9.87666666666667
0.3,10,0,18.830905153202,282.856666666667,0.26,9.25
0.3,10,1,38.3355191647332,660.486666666667,0.623333333333333,7.63
0.3,10,2,30.6877605593525,958.95,0.91,5.49333333333333
0.3,10,3,8.25352158284683,1033.41,0.983333333333333,4.15333333333333
0.3,10,4,5.89318805334589,1037.67,0.986666666666667,3.40666666666667
0.3,10,6,4.67691005411917,1044.68333333333,0.993333333333333,2.46666666666667
0.3,100,-2,23.0711390708108,372.61,0.263333333333333,89.33
0.3,100,0,23.047640542318,985.15,0.926666666666667,55.2933333333333
0.3,100,1,3.02383453724604,1047.07333333333,1,30.5666666666667
0.3,100,2,2.2789547094888,1050.01333333333,1,14.7766666666667
0.3,100,3,2.71478826221162,1046.37666666667,1,8.68666666666667
0.3,100,4,2.85342527543111,1046.16333333333,1,6.53333333333333
0.3,100,6,3.10128925799069,1044.50666666667,1,4.11333333333333
0.6,10,-2,25.7655748175548,166.45,0.12,9.71333333333333
0.6,10,0,33.6965065595974,490.763333333333,0.39,8.32
0.6,10,1,37.3397804618382,1019.56,0.833333333333333,5.92333333333333
0.6,10,2,28.7071824797545,1184.41333333333,0.956666666666667,3.61333333333333
0.6,10,3,16.4017247286398,1225.11666666667,0.993333333333333,2.33
0.6,10,4,14.0896305886087,1227.43666666667,0.996666666666667,1.97
0.6,10,6,9.50769857004131,1212.07,0.996666666666667,1.78333333333333
0.6,100,-2,37.5634906804302,989.086666666667,0.773333333333333,66.2566666666667
0.6,100,0,14.7932442455549,1234.99,0.986666666666667,33.5
0.6,100,1,7.84339629446955,1233.45666666667,1,14.05
0.6,100,2,9.20959946046635,1221.18333333333,1,5.59
0.6,100,3,12.0509246610036,1230.56,1,3.24
0.6,100,4,10.5519628973786,1229.69333333333,1,2.43333333333333
0.6,100,6,10.0377810370693,1240.03,1,1.83666666666667
0.9,10,-2,45.620433815139,598.183333333333,0.35,8.03
0.9,10,0,60.1938272644358,1022.04333333333,0.59,6.81
0.9,10,1,32.5277383812267,1388.96333333333,0.89,4.73666666666667
0.9,10,2,31.1408850386057,1558.44666666667,0.976666666666667,2.59666666666667
0.9,10,3,23.2973149515264,1579.06,1,1.68666666666667
0.9,10,4,16.2998244328953,1523.14666666667,1,1.42
0.9,10,6,20.4319903189841,1545.81666666667,1,1.28333333333333
0.9,100,-2,25.2299866658802,1605.74666666667,0.973333333333333,31.5766666666667
0.9,100,0,26.7213957137139,1624.85666666667,1,16.5366666666667
0.9,100,1,33.2998938937248,1584.89333333333,1,7.32
0.9,100,2,30.858471614297,1571.57,1,2.88333333333333
0.9,100,3,24.8600985516952,1609.01666666667,1,1.92
0.9,100,4,23.7149774000824,1541.15333333333,1,1.6
0.9,100,6,28.8370392822825,1550.30666666667,1,1.41333333333333
