"net","tau","seed_type","mean_capped","median","frac_reach"
1,0.1,"client",74.1133333333333,0,0.00333333333333333
1,0.1,"non-client bridge",0.143333333333333,0,0
1,0.3,"client",423.64,1,0.423333333333333
1,0.3,"non-client bridge",0.403333333333333,0,0
1,0.6,"client",730.213333333333,1000,0.73
1,0.6,"non-client bridge",11.1866666666666,1,0.01
1,0.9,"client",913.516666666667,1000,0.913333333333333
1,0.9,"non-client bridge",15.1866666666666,1,0.0133333333333333
2,0.1,"client",185.89,0,0.03
2,0.1,"non-client bridge",0.0966666666666667,0,0
2,0.3,"client",510.266666666667,1000,0.51
2,0.3,"non-client bridge",0.483333333333333,0,0
2,0.6,"client",726.87,1000,0.726666666666667
2,0.6,"non-client bridge",7.57333333333332,1,0.00666666666666667
2,0.9,"client",913.433333333333,1000,0.913333333333333
2,0.9,"non-client bridge",28.46,1,0.0266666666666667
3,0.1,"client",186.743333333333,0,0.0166666666666667
3,0.1,"non-client bridge",0.133333333333333,0,0
3,0.3,"client",523.576666666667,1000,0.523333333333333
3,0.3,"non-client bridge",3.81666666666665,0,0.00333333333333333
3,0.6,"client",750.2,1000,0.75
3,0.6,"non-client bridge",24.2233333333333,1,0.0233333333333333
3,0.9,"client",913.486666666667,1000,0.913333333333333
3,0.9,"non-client bridge",41.6933333333333,1,0.04
4,0.1,"client",203.876666666667,0,0.0166666666666667
4,0.1,"non-client bridge",0.0833333333333333,0,0
4,0.3,"client",513.556666666667,1000,0.513333333333333
4,0.3,"non-client bridge",3.71999999999999,0,0.00333333333333333
4,0.6,"client",756.89,1000,0.756666666666667
4,0.6,"non-client bridge",24.3333333333333,1,0.0233333333333333
4,0.9,"client",906.843333333333,1000,0.906666666666667
4,0.9,"non-client bridge",48.5166666666667,1,0.0466666666666667
5,0.1,"client",126.96,0,0.00333333333333333
5,0.1,"non-client bridge",0.126666666666667,0,0
5,0.3,"client",476.78,3,0.473333333333333
5,0.3,"non-client bridge",3.77666666666668,0,0.00333333333333333
5,0.6,"client",683.573333333333,1000,0.683333333333333
5,0.6,"non-client bridge",10.9866666666667,1,0.01
5,0.9,"client",923.423333333333,1000,0.923333333333333
5,0.9,"non-client bridge",58.43,1,0.0566666666666667
6,0.1,"client",196.69,0,0.04
6,0.1,"non-client bridge",0.106666666666667,0,0
6,0.3,"client",533.583333333333,1000,0.533333333333333
6,0.3,"non-client bridge",3.73999999999999,0,0.00333333333333333
6,0.6,"client",703.553333333333,1000,0.703333333333333
6,0.6,"non-client bridge",21.1866666666666,1,0.02
6,0.9,"client",926.716666666667,1000,0.926666666666667
6,0.9,"non-client bridge",74.8,1,0.0733333333333333
7,0.1,"client",152.843333333333,0,0.02
7,0.1,"non-client bridge",0.116666666666667,0,0
7,0.3,"client",457.016666666667,2,0.456666666666667
7,0.3,"non-client bridge",10.4033333333333,0,0.01
7,0.6,"client",790.273333333333,1000,0.79
7,0.6,"non-client bridge",17.5166666666667,1,0.0166666666666667
7,0.9,"client",910.1,1000,0.91
7,0.9,"non-client bridge",41.7466666666666,1,0.04
8,0.1,"client",174.396666666667,0,0.02
8,0.1,"non-client bridge",0.123333333333333,0,0
8,0.3,"client",486.946666666667,3,0.486666666666667
8,0.3,"non-client bridge",0.406666666666667,0,0
8,0.6,"client",780.263333333333,1000,0.78
8,0.6,"non-client bridge",20.7966666666667,1,0.02
8,0.9,"client",900.11,1000,0.9
8,0.9,"non-client bridge",51.4,1,0.05
9,0.1,"client",193.19,0,0.0366666666666667
9,0.1,"non-client bridge",0.126666666666667,0,0
9,0.3,"client",533.54,1000,0.533333333333333
9,0.3,"non-client bridge",3.74666666666666,0,0.00333333333333333
9,0.6,"client",793.47,1000,0.793333333333333
9,0.6,"non-client bridge",30.7066666666667,1,0.03
9,0.9,"client",920.253333333333,1000,0.92
9,0.9,"non-client bridge",65.0033333333335,1,0.0633333333333333
10,0.1,"client",181.776666666667,0,0.0166666666666667
10,0.1,"non-client bridge",0.153333333333333,0,0
10,0.3,"client",576.916666666667,1000,0.576666666666667
10,0.3,"non-client bridge",0.483333333333333,0,0
10,0.6,"client",763.576666666667,1000,0.763333333333333
10,0.6,"non-client bridge",17.8866666666667,1,0.0166666666666667
10,0.9,"client",936.75,1000,0.936666666666667
10,0.9,"non-client bridge",45.1566666666667,1,0.0433333333333333
