"law","a","eta","gamma","theta_fit","g1","g2","theta_theory"
"NSFG men 25-44",3.31,0.5,0,0,1.81,2.31,0
"NSFG men 25-44",3.31,0.5,0.05,4.80861177581905e-06,1.81,2.31,0
"NSFG men 25-44",3.31,0.5,0.1,1.07658336223003e-05,1.81,2.31,0
"NSFG men 25-44",3.31,0.5,0.15,1.81150215461136e-05,1.81,2.31,0
"NSFG men 25-44",3.31,0.5,0.2,2.71484704131987e-05,1.81,2.31,0
"NSFG men 25-44",3.31,0.5,0.25,3.82258469904483e-05,1.81,2.31,0
"NSFG men 25-44",3.31,0.5,0.3,5.18131005201902e-05,1.81,2.31,0
"NSFG men 25-44",3.31,0.5,0.35,6.8563726700463e-05,1.81,2.31,0
"NSFG men 25-44",3.31,0.5,0.4,8.94756557929311e-05,1.81,2.31,0
"NSFG men 25-44",3.31,0.5,0.45,0.000116158797749532,1.81,2.31,0
"NSFG men 25-44",3.31,0.5,0.5,0.000151223684918371,1.81,2.31,0
"NSFG men 25-44",3.31,0.5,0.55,0.000198750318786784,1.81,2.31,0
"NSFG men 25-44",3.31,0.5,0.6,0.000264760946899046,1.81,2.31,0
"NSFG men 25-44",3.31,0.5,0.65,0.000357654289488118,1.81,2.31,0
"NSFG men 25-44",3.31,0.5,0.7,0.000488639432498033,1.81,2.31,0
"NSFG men 25-44",3.31,0.5,0.75,0.000672244863104387,1.81,2.31,0
"NSFG men 25-44",3.31,0.5,0.8,0.000926932863289379,1.81,2.31,0
"NSFG men 25-44",3.31,0.5,0.85,0.00127577033353541,1.81,2.31,0
"NSFG men 25-44",3.31,0.5,0.9,0.0017470510009235,1.81,2.31,0
"NSFG men 25-44",3.31,0.5,0.95,0.00237474882208894,1.81,2.31,0
"NSFG men 25-44",3.31,0.5,1,0.0031987040397208,1.81,2.31,0
"NSFG men 25-44",3.31,0.5,1.05,0.00426448481073634,1.81,2.31,0
"NSFG men 25-44",3.31,0.5,1.1,0.00562288563243104,1.81,2.31,0
"NSFG men 25-44",3.31,0.5,1.15,0.00732897956985254,1.81,2.31,0
"NSFG men 25-44",3.31,0.5,1.2,0.00944057400879815,1.81,2.31,0
"NSFG men 25-44",3.31,0.5,1.25,0.0120159304170494,1.81,2.31,0
"NSFG men 25-44",3.31,0.5,1.3,0.0151107352447391,1.81,2.31,0
"NSFG men 25-44",3.31,0.5,1.35,0.0187744876144483,1.81,2.31,0
"NSFG men 25-44",3.31,0.5,1.4,0.0230466167708326,1.81,2.31,0
"NSFG men 25-44",3.31,0.5,1.45,0.0279527172291916,1.81,2.31,0
"NSFG men 25-44",3.31,0.5,1.5,0.0335012919470258,1.81,2.31,0
"NSFG men 25-44",3.31,0.5,1.55,0.0396813459644331,1.81,2.31,0
"NSFG men 25-44",3.31,0.5,1.6,0.0464611003776601,1.81,2.31,0
"NSFG men 25-44",3.31,0.5,1.65,0.0537880115018857,1.81,2.31,0
"NSFG men 25-44",3.31,0.5,1.7,0.0615901792301993,1.81,2.31,0
"NSFG men 25-44",3.31,0.5,1.75,0.0697791051094279,1.81,2.31,0
"NSFG men 25-44",3.31,0.5,1.8,0.0782536183288857,1.81,2.31,0
"NSFG men 25-44",3.31,0.5,1.85,0.0869046466500053,1.81,2.31,0.0173160173160173
"NSFG men 25-44",3.31,0.5,1.9,0.0956204014864184,1.81,2.31,0.038961038961039
"NSFG men 25-44",3.31,0.5,1.95,0.104291503616461,1.81,2.31,0.0606060606060607
"NSFG men 25-44",3.31,0.5,2,0.112815612099911,1.81,2.31,0.0822510822510822
"NSFG men 25-44",3.31,0.5,2.05,0.121101219436964,1.81,2.31,0.103896103896104
"NSFG men 25-44",3.31,0.5,2.1,0.129070407129613,1.81,2.31,0.125541125541126
"NSFG men 25-44",3.31,0.5,2.15,0.136660485748967,1.81,2.31,0.147186147186147
"NSFG men 25-44",3.31,0.5,2.2,0.143824555648011,1.81,2.31,0.168831168831169
"NSFG men 25-44",3.31,0.5,2.25,0.150531113613902,1.81,2.31,0.19047619047619
"NSFG men 25-44",3.31,0.5,2.3,0.156762894427799,1.81,2.31,0.212121212121212
"NSFG men 25-44",3.31,0.5,2.35,0.16251517094716,1.81,2.31,0.216450216450216
"NSFG men 25-44",3.31,0.5,2.4,0.167793740540942,1.81,2.31,0.216450216450216
"NSFG men 25-44",3.31,0.5,2.45,0.172612803357677,1.81,2.31,0.216450216450216
"NSFG men 25-44",3.31,0.5,2.5,0.176992897624579,1.81,2.31,0.216450216450216
"NSFG men 25-44",3.31,0.5,2.55,0.180959009278867,1.81,2.31,0.216450216450216
"NSFG men 25-44",3.31,0.5,2.6,0.184538926605895,1.81,2.31,0.216450216450216
"NSFG men 25-44",3.31,0.5,2.65,0.187761871005876,1.81,2.31,0.216450216450216
"NSFG men 25-44",3.31,0.5,2.7,0.19065740512003,1.81,2.31,0.216450216450216
"NSFG men 25-44",3.31,0.5,2.75,0.193254599448714,1.81,2.31,0.216450216450216
"NSFG men 25-44",3.31,0.5,2.8,0.195581426963058,1.81,2.31,0.216450216450216
"NSFG men 25-44",3.31,0.5,2.85,0.197664350119769,1.81,2.31,0.216450216450216
"NSFG men 25-44",3.31,0.5,2.9,0.199528064175263,1.81,2.31,0.216450216450216
"NSFG men 25-44",3.31,0.5,2.95,0.201195363068412,1.81,2.31,0.216450216450216
"NSFG men 25-44",3.31,0.5,3,0.202687098089186,1.81,2.31,0.216450216450216
"NSFG men 25-44",3.31,0.5,3.05,0.204022204138864,1.81,2.31,0.216450216450216
"NSFG men 25-44",3.31,0.5,3.1,0.205217773003407,1.81,2.31,0.216450216450216
"NSFG men 25-44",3.31,0.5,3.15,0.206289157340322,1.81,2.31,0.216450216450216
"NSFG men 25-44",3.31,0.5,3.2,0.207250092834834,1.81,2.31,0.216450216450216
"NSFG men 25-44",3.31,0.5,3.25,0.208112829146765,1.81,2.31,0.216450216450216
"NSFG men 25-44",3.31,0.5,3.3,0.208888262853303,1.81,2.31,0.216450216450216
"NSFG men 25-44",3.31,0.5,3.35,0.20958606764467,1.81,2.31,0.216450216450216
"NSFG men 25-44",3.31,0.5,3.4,0.210214818619304,1.81,2.31,0.216450216450216
"NSFG men 25-44",3.31,0.5,3.45,0.210782108727819,1.81,2.31,0.216450216450216
"NSFG men 25-44",3.31,0.5,3.5,0.211294656303052,1.81,2.31,0.216450216450216
"NSFG men 25-44",3.31,0.5,3.55,0.211758403252123,1.81,2.31,0.216450216450216
"NSFG men 25-44",3.31,0.5,3.6,0.212178603931316,1.81,2.31,0.216450216450216
"NSFG men 25-44",3.31,0.5,3.65,0.21255990502232,1.81,2.31,0.216450216450216
"NSFG men 25-44",3.31,0.5,3.7,0.212906416916132,1.81,2.31,0.216450216450216
"NSFG men 25-44",3.31,0.5,3.75,0.213221777218662,1.81,2.31,0.216450216450216
"NSFG men 25-44",3.31,0.5,3.8,0.213509207042403,1.81,2.31,0.216450216450216
"NSFG men 25-44",3.31,0.5,3.85,0.213771560759294,1.81,2.31,0.216450216450216
"NSFG men 25-44",3.31,0.5,3.9,0.214011369873879,1.81,2.31,0.216450216450216
"NSFG men 25-44",3.31,0.5,3.95,0.214230881643024,1.81,2.31,0.216450216450216
"NSFG men 25-44",3.31,0.5,4,0.214432093025506,1.81,2.31,0.216450216450216
"NSFG men 25-44",3.31,0.5,4.05,0.214616780496944,1.81,2.31,0.216450216450216
"NSFG men 25-44",3.31,0.5,4.1,0.214786526215994,1.81,2.31,0.216450216450216
"NSFG men 25-44",3.31,0.5,4.15,0.214942740978939,1.81,2.31,0.216450216450216
"NSFG men 25-44",3.31,0.5,4.2,0.21508668435319,1.81,2.31,0.216450216450216
"NSFG men 25-44",3.31,0.5,4.25,0.215219482336587,1.81,2.31,0.216450216450216
"NSFG men 25-44",3.31,0.5,4.3,0.215342142849323,1.81,2.31,0.216450216450216
"NSFG men 25-44",3.31,0.5,4.35,0.215455569328875,1.81,2.31,0.216450216450216
"NSFG men 25-44",3.31,0.5,4.4,0.21556057266557,1.81,2.31,0.216450216450216
"NSFG men 25-44",3.31,0.5,4.45,0.215657881687135,1.81,2.31,0.216450216450216
"NSFG men 25-44",3.31,0.5,4.5,0.215748152374586,1.81,2.31,0.216450216450216
"NSFG men 25-44",3.31,0.5,4.55,0.215831975968897,1.81,2.31,0.216450216450216
"NSFG men 25-44",3.31,0.5,4.6,0.21590988610761,1.81,2.31,0.216450216450216
"NSFG men 25-44",3.31,0.5,4.65,0.215982365112897,1.81,2.31,0.216450216450216
"NSFG men 25-44",3.31,0.5,4.7,0.216049849536984,1.81,2.31,0.216450216450216
"NSFG men 25-44",3.31,0.5,4.75,0.216112735057333,1.81,2.31,0.216450216450216
"NSFG men 25-44",3.31,0.5,4.8,0.216171380802136,1.81,2.31,0.216450216450216
"NSFG men 25-44",3.31,0.5,4.85,0.216226113176323,1.81,2.31,0.216450216450216
"NSFG men 25-44",3.31,0.5,4.9,0.216277229249381,1.81,2.31,0.216450216450216
"NSFG men 25-44",3.31,0.5,4.95,0.216324999758374,1.81,2.31,0.216450216450216
"NSFG men 25-44",3.31,0.5,5,0.216369671772847,1.81,2.31,0.216450216450216
"NSFG men 25-44",3.31,0.5,5.05,0.216411471062305,1.81,2.31,0.216450216450216
"NSFG men 25-44",3.31,0.5,5.1,0.216450604201882,1.81,2.31,0.216450216450216
"NSFG men 25-44",3.31,0.5,5.15,0.216487260447282,1.81,2.31,0.216450216450216
"NSFG men 25-44",3.31,0.5,5.2,0.216521613406236,1.81,2.31,0.216450216450216
"NSFG men 25-44",3.31,0.5,5.25,0.216553822530284,1.81,2.31,0.216450216450216
"NSFG men 25-44",3.31,0.5,5.3,0.216584034447781,1.81,2.31,0.216450216450216
"NSFG men 25-44",3.31,0.5,5.35,0.216612384156431,1.81,2.31,0.216450216450216
"NSFG men 25-44",3.31,0.5,5.4,0.21663899609141,1.81,2.31,0.216450216450216
"NSFG men 25-44",3.31,0.5,5.45,0.216663985083219,1.81,2.31,0.216450216450216
"NSFG men 25-44",3.31,0.5,5.5,0.216687457217664,1.81,2.31,0.216450216450216
"NSFG men 25-44",3.31,0.5,5.55,0.216709510608881,1.81,2.31,0.216450216450216
"NSFG men 25-44",3.31,0.5,5.6,0.216730236095053,1.81,2.31,0.216450216450216
"NSFG men 25-44",3.31,0.5,5.65,0.216749717865271,1.81,2.31,0.216450216450216
"NSFG men 25-44",3.31,0.5,5.7,0.216768034025053,1.81,2.31,0.216450216450216
"NSFG men 25-44",3.31,0.5,5.75,0.216785257107114,1.81,2.31,0.216450216450216
"NSFG men 25-44",3.31,0.5,5.8,0.216801454533244,1.81,2.31,0.216450216450216
"NSFG men 25-44",3.31,0.5,5.85,0.216816689032477,1.81,2.31,0.216450216450216
"NSFG men 25-44",3.31,0.5,5.9,0.216831019020108,1.81,2.31,0.216450216450216
"NSFG men 25-44",3.31,0.5,5.95,0.216844498941669,1.81,2.31,0.216450216450216
"NSFG men 25-44",3.31,0.5,6,0.216857179585416,1.81,2.31,0.216450216450216
"NSFG men 25-44",3.31,1,0,0,1.31,2.31,0
"NSFG men 25-44",3.31,1,0.05,5.23352456442777e-05,1.31,2.31,0
"NSFG men 25-44",3.31,1,0.1,0.00012430309560303,1.31,2.31,0
"NSFG men 25-44",3.31,1,0.15,0.000224545626115903,1.31,2.31,0
"NSFG men 25-44",3.31,1,0.2,0.000364564217992938,1.31,2.31,0
"NSFG men 25-44",3.31,1,0.25,0.000559247025176521,1.31,2.31,0
"NSFG men 25-44",3.31,1,0.3,0.000827522278891237,1.31,2.31,0
"NSFG men 25-44",3.31,1,0.35,0.00119311037531753,1.31,2.31,0
"NSFG men 25-44",3.31,1,0.4,0.0016853029717981,1.31,2.31,0
"NSFG men 25-44",3.31,1,0.45,0.00233968393492014,1.31,2.31,0
"NSFG men 25-44",3.31,1,0.5,0.00319870403972083,1.31,2.31,0
"NSFG men 25-44",3.31,1,0.55,0.00431201144460481,1.31,2.31,0
"NSFG men 25-44",3.31,1,0.6,0.00573642289441164,1.31,2.31,0
"NSFG men 25-44",3.31,1,0.65,0.00753541017442232,1.31,2.31,0
"NSFG men 25-44",3.31,1,0.7,0.00977798975637781,1.31,2.31,0
"NSFG men 25-44",3.31,1,0.75,0.0125369515952355,1.31,2.31,0
"NSFG men 25-44",3.31,1,0.8,0.0158864444231104,1.31,2.31,0
"NSFG men 25-44",3.31,1,0.85,0.0198990342630654,1.31,2.31,0
"NSFG men 25-44",3.31,1,0.9,0.0246424440868379,1.31,2.31,0
"NSFG men 25-44",3.31,1,0.95,0.0301762423663622,1.31,2.31,0
"NSFG men 25-44",3.31,1,1,0.0365487723018282,1.31,2.31,0
"NSFG men 25-44",3.31,1,1.05,0.0437946070902512,1.31,2.31,0
"NSFG men 25-44",3.31,1,1.1,0.0519327623251729,1.31,2.31,0
"NSFG men 25-44",3.31,1,1.15,0.06096576738682,1.31,2.31,0
"NSFG men 25-44",3.31,1,1.2,0.0708795295540793,1.31,2.31,0
"NSFG men 25-44",3.31,1,1.25,0.0816438118415589,1.31,2.31,0
"NSFG men 25-44",3.31,1,1.3,0.0932131298887065,1.31,2.31,0
"NSFG men 25-44",3.31,1,1.35,0.105527910579536,1.31,2.31,0.0173160173160173
"NSFG men 25-44",3.31,1,1.4,0.118515794572333,1.31,2.31,0.038961038961039
"NSFG men 25-44",3.31,1,1.45,0.132092997160734,1.31,2.31,0.0606060606060607
"NSFG men 25-44",3.31,1,1.5,0.146165680362019,1.31,2.31,0.0822510822510822
"NSFG men 25-44",3.31,1,1.55,0.160631341716478,1.31,2.31,0.103896103896104
"NSFG men 25-44",3.31,1,1.6,0.175380283822355,1.31,2.31,0.125541125541126
"NSFG men 25-44",3.31,1,1.65,0.190297273565935,1.31,2.31,0.147186147186147
"NSFG men 25-44",3.31,1,1.7,0.205263511193292,1.31,2.31,0.168831168831169
"NSFG men 25-44",3.31,1,1.75,0.220158995038411,1.31,2.31,0.19047619047619
"NSFG men 25-44",3.31,1,1.8,0.234865289071767,1.31,2.31,0.212121212121212
"NSFG men 25-44",3.31,1,1.85,0.249268593912247,1.31,2.31,0.233766233766234
"NSFG men 25-44",3.31,1,1.9,0.263262918342442,1.31,2.31,0.255411255411255
"NSFG men 25-44",3.31,1,1.95,0.276753083289219,1.31,2.31,0.277056277056277
"NSFG men 25-44",3.31,1,2,0.289657286039571,1.31,2.31,0.298701298701299
"NSFG men 25-44",3.31,1,2.05,0.301909005030912,1.31,2.31,0.32034632034632
"NSFG men 25-44",3.31,1,2.1,0.31345811005059,1.31,2.31,0.341991341991342
"NSFG men 25-44",3.31,1,2.15,0.324271133069926,1.31,2.31,0.363636363636364
"NSFG men 25-44",3.31,1,2.2,0.334330737083123,1.31,2.31,0.385281385281385
"NSFG men 25-44",3.31,1,2.25,0.343634489377698,1.31,2.31,0.406926406926407
"NSFG men 25-44",3.31,1,2.3,0.352193097705939,1.31,2.31,0.428571428571429
"NSFG men 25-44",3.31,1,2.35,0.360028297382011,1.31,2.31,0.432900432900433
"NSFG men 25-44",3.31,1,2.4,0.367170581031287,1.31,2.31,0.432900432900433
"NSFG men 25-44",3.31,1,2.45,0.37365694274117,1.31,2.31,0.432900432900433
"NSFG men 25-44",3.31,1,2.5,0.379528772028847,1.31,2.31,0.432900432900433
"NSFG men 25-44",3.31,1,2.55,0.384829989732813,1.31,2.31,0.432900432900433
"NSFG men 25-44",3.31,1,2.6,0.389605475924384,1.31,2.31,0.432900432900433
"NSFG men 25-44",3.31,1,2.65,0.39389980466128,1.31,2.31,0.432900432900433
"NSFG men 25-44",3.31,1,2.7,0.397756274269945,1.31,2.31,0.432900432900433
"NSFG men 25-44",3.31,1,2.75,0.401216204910561,1.31,2.31,0.432900432900433
"NSFG men 25-44",3.31,1,2.8,0.404318466131442,1.31,2.31,0.432900432900433
"NSFG men 25-44",3.31,1,2.85,0.40709919407952,1.31,2.31,0.432900432900433
"NSFG men 25-44",3.31,1,2.9,0.409591659109649,1.31,2.31,0.432900432900433
"NSFG men 25-44",3.31,1,2.95,0.411826248111313,1.31,2.31,0.432900432900433
"NSFG men 25-44",3.31,1,3,0.413830530707319,1.31,2.31,0.432900432900433
"NSFG men 25-44",3.31,1,3.05,0.415629383706068,1.31,2.31,0.432900432900433
"NSFG men 25-44",3.31,1,3.1,0.417245153249805,1.31,2.31,0.432900432900433
"NSFG men 25-44",3.31,1,3.15,0.418697838677723,1.31,2.31,0.432900432900433
"NSFG men 25-44",3.31,1,3.2,0.420005286066048,1.31,2.31,0.432900432900433
"NSFG men 25-44",3.31,1,3.25,0.421183382680508,1.31,2.31,0.432900432900433
"NSFG men 25-44",3.31,1,3.3,0.422246246210788,1.31,2.31,0.432900432900433
"NSFG men 25-44",3.31,1,3.35,0.423206404719045,1.31,2.31,0.432900432900433
"NSFG men 25-44",3.31,1,3.4,0.424074964808265,1.31,2.31,0.432900432900433
"NSFG men 25-44",3.31,1,3.45,0.424861766685925,1.31,2.31,0.432900432900433
"NSFG men 25-44",3.31,1,3.5,0.425575525643639,1.31,2.31,0.432900432900433
"NSFG men 25-44",3.31,1,3.55,0.426223960064148,1.31,2.31,0.432900432900433
"NSFG men 25-44",3.31,1,3.6,0.426813906462391,1.31,2.31,0.432900432900433
"NSFG men 25-44",3.31,1,3.65,0.42735142231634,1.31,2.31,0.432900432900433
"NSFG men 25-44",3.31,1,3.7,0.427841877584406,1.31,2.31,0.432900432900433
"NSFG men 25-44",3.31,1,3.75,0.428290035870332,1.31,2.31,0.432900432900433
"NSFG men 25-44",3.31,1,3.8,0.428700126206808,1.31,2.31,0.432900432900433
"NSFG men 25-44",3.31,1,3.85,0.429075906403251,1.31,2.31,0.432900432900433
"NSFG men 25-44",3.31,1,3.9,0.429420718854532,1.31,2.31,0.432900432900433
"NSFG men 25-44",3.31,1,3.95,0.429737539645239,1.31,2.31,0.432900432900433
"NSFG men 25-44",3.31,1,4,0.430029021715174,1.31,2.31,0.432900432900433
"NSFG men 25-44",3.31,1,4.05,0.430297532780923,1.31,2.31,0.432900432900433
"NSFG men 25-44",3.31,1,4.1,0.430545188638686,1.31,2.31,0.432900432900433
"NSFG men 25-44",3.31,1,4.15,0.430773882406918,1.31,2.31,0.432900432900433
"NSFG men 25-44",3.31,1,4.2,0.430985310205256,1.31,2.31,0.432900432900433
"NSFG men 25-44",3.31,1,4.25,0.431180993709003,1.31,2.31,0.432900432900433
"NSFG men 25-44",3.31,1,4.3,0.43136229996654,1.31,2.31,0.432900432900433
"NSFG men 25-44",3.31,1,4.35,0.43153045882028,1.31,2.31,0.432900432900433
"NSFG men 25-44",3.31,1,4.4,0.431686578230034,1.31,2.31,0.432900432900433
"NSFG men 25-44",3.31,1,4.45,0.43183165776059,1.31,2.31,0.432900432900433
"NSFG men 25-44",3.31,1,4.5,0.431966600462515,1.31,2.31,0.432900432900433
"NSFG men 25-44",3.31,1,4.55,0.432092223346285,1.31,2.31,0.432900432900433
"NSFG men 25-44",3.31,1,4.6,0.432209266624574,1.31,2.31,0.432900432900433
"NSFG men 25-44",3.31,1,4.65,0.432318401875262,1.31,2.31,0.432900432900433
"NSFG men 25-44",3.31,1,4.7,0.432420239258301,1.31,2.31,0.432900432900433
"NSFG men 25-44",3.31,1,4.75,0.432515333902699,1.31,2.31,0.432900432900433
"NSFG men 25-44",3.31,1,4.8,0.432604191564999,1.31,2.31,0.432900432900433
"NSFG men 25-44",3.31,1,4.85,0.432687273647836,1.31,2.31,0.432900432900433
"NSFG men 25-44",3.31,1,4.9,0.432765001655872,1.31,2.31,0.432900432900433
"NSFG men 25-44",3.31,1,4.95,0.432837761156675,1.31,2.31,0.432900432900433
"NSFG men 25-44",3.31,1,5,0.432905905305592,1.31,2.31,0.432900432900433
"NSFG men 25-44",3.31,1,5.05,0.432969757986268,1.31,2.31,0.432900432900433
"NSFG men 25-44",3.31,1,5.1,0.433029616612016,1.31,2.31,0.432900432900433
"NSFG men 25-44",3.31,1,5.15,0.433085754627636,1.31,2.31,0.432900432900433
"NSFG men 25-44",3.31,1,5.2,0.433138423746371,1.31,2.31,0.432900432900433
"NSFG men 25-44",3.31,1,5.25,0.43318785595248,1.31,2.31,0.432900432900433
"NSFG men 25-44",3.31,1,5.3,0.433234265296108,1.31,2.31,0.432900432900433
"NSFG men 25-44",3.31,1,5.35,0.433277849503989,1.31,2.31,0.432900432900433
"NSFG men 25-44",3.31,1,5.4,0.4333187914266,1.31,2.31,0.432900432900433
"NSFG men 25-44",3.31,1,5.45,0.43335726033997,1.31,2.31,0.432900432900433
"NSFG men 25-44",3.31,1,5.5,0.433393413118162,1.31,2.31,0.432900432900433
"NSFG men 25-44",3.31,1,5.55,0.433427395290555,1.31,2.31,0.432900432900433
"NSFG men 25-44",3.31,1,5.6,0.433459341996406,1.31,2.31,0.432900432900433
"NSFG men 25-44",3.31,1,5.65,0.43348937884771,1.31,2.31,0.432900432900433
"NSFG men 25-44",3.31,1,5.7,0.433517622710104,1.31,2.31,0.432900432900433
"NSFG men 25-44",3.31,1,5.75,0.43354418241046,1.31,2.31,0.432900432900433
"NSFG men 25-44",3.31,1,5.8,0.433569159378804,1.31,2.31,0.432900432900433
"NSFG men 25-44",3.31,1,5.85,0.433592648231356,1.31,2.31,0.432900432900433
"NSFG men 25-44",3.31,1,5.9,0.433614737300703,1.31,2.31,0.432900432900433
"NSFG men 25-44",3.31,1,5.95,0.43363550911849,1.31,2.31,0.432900432900433
"NSFG men 25-44",3.31,1,6,0.433655040855367,1.31,2.31,0.432900432900433
"NSFG men 25-44",3.31,1.5,0,0,0.81,2.31,0
"NSFG men 25-44",3.31,1.5,0.05,0.0011181160166598,0.81,2.31,0
"NSFG men 25-44",3.31,1.5,0.1,0.00254848468831326,0.81,2.31,0
"NSFG men 25-44",3.31,1.5,0.15,0.00435482115624776,0.81,2.31,0
"NSFG men 25-44",3.31,1.5,0.2,0.00660643418707021,0.81,2.31,0
"NSFG men 25-44",3.31,1.5,0.25,0.00937647340250519,0.81,2.31,0
"NSFG men 25-44",3.31,1.5,0.3,0.0127395534839097,0.81,2.31,0
"NSFG men 25-44",3.31,1.5,0.35,0.016768893950045,0.81,2.31,0
"NSFG men 25-44",3.31,1.5,0.4,0.0215332157029101,0.81,2.31,0
"NSFG men 25-44",3.31,1.5,0.45,0.0270936971243909,0.81,2.31,0
"NSFG men 25-44",3.31,1.5,0.5,0.0335012919470258,0.81,2.31,0
"NSFG men 25-44",3.31,1.5,0.55,0.040794653369317,0.81,2.31,0
"NSFG men 25-44",3.31,1.5,0.6,0.0489988192323509,0.81,2.31,0
"NSFG men 25-44",3.31,1.5,0.65,0.058124717636587,0.81,2.31,0
"NSFG men 25-44",3.31,1.5,0.7,0.0681694649468565,0.81,2.31,0
"NSFG men 25-44",3.31,1.5,0.75,0.0791173526649425,0.81,2.31,0
"NSFG men 25-44",3.31,1.5,0.8,0.0909413587122751,0.81,2.31,0
"NSFG men 25-44",3.31,1.5,0.85,0.10360497687335,0.81,2.31,0.0173160173160173
"NSFG men 25-44",3.31,1.5,0.9,0.117064141533535,0.81,2.31,0.0389610389610389
"NSFG men 25-44",3.31,1.5,0.95,0.131269041943102,0.81,2.31,0.0606060606060606
"NSFG men 25-44",3.31,1.5,1,0.146165680362018,0.81,2.31,0.0822510822510822
"NSFG men 25-44",3.31,1.5,1.05,0.161697122487494,0.81,2.31,0.103896103896104
"NSFG men 25-44",3.31,1.5,1.1,0.177804465415065,0.81,2.31,0.125541125541126
"NSFG men 25-44",3.31,1.5,1.15,0.194427549096067,0.81,2.31,0.147186147186147
"NSFG men 25-44",3.31,1.5,1.2,0.21150538116237,0.81,2.31,0.168831168831169
"NSFG men 25-44",3.31,1.5,1.25,0.22897622141574,0.81,2.31,0.19047619047619
"NSFG men 25-44",3.31,1.5,1.3,0.246777320276784,0.81,2.31,0.212121212121212
"NSFG men 25-44",3.31,1.5,1.35,0.264844377486975,0.81,2.31,0.233766233766234
"NSFG men 25-44",3.31,1.5,1.4,0.283110831073554,0.81,2.31,0.255411255411255
"NSFG men 25-44",3.31,1.5,1.45,0.30150709647869,0.81,2.31,0.277056277056277
"NSFG men 25-44",3.31,1.5,1.5,0.319959873946877,0.81,2.31,0.298701298701299
"NSFG men 25-44",3.31,1.5,1.55,0.338391646955625,0.81,2.31,0.32034632034632
"NSFG men 25-44",3.31,1.5,1.6,0.356720506388529,0.81,2.31,0.341991341991342
"NSFG men 25-44",3.31,1.5,1.65,0.37486044053209,0.81,2.31,0.363636363636364
"NSFG men 25-44",3.31,1.5,1.7,0.392722212273602,0.81,2.31,0.385281385281385
"NSFG men 25-44",3.31,1.5,1.75,0.410214890447405,0.81,2.31,0.406926406926407
"NSFG men 25-44",3.31,1.5,1.8,0.427248011995103,0.81,2.31,0.428571428571429
"NSFG men 25-44",3.31,1.5,1.85,0.443734239992296,0.81,2.31,0.45021645021645
"NSFG men 25-44",3.31,1.5,1.9,0.459592278477984,0.81,2.31,0.471861471861472
"NSFG men 25-44",3.31,1.5,1.95,0.474749742317911,0.81,2.31,0.493506493506494
"NSFG men 25-44",3.31,1.5,2,0.489145680089037,0.81,2.31,0.515151515151515
"NSFG men 25-44",3.31,1.5,2.05,0.502732505130057,0.81,2.31,0.536796536796537
"NSFG men 25-44",3.31,1.5,2.1,0.515477179014275,0.81,2.31,0.558441558441558
"NSFG men 25-44",3.31,1.5,2.15,0.527361586370526,0.81,2.31,0.58008658008658
"NSFG men 25-44",3.31,1.5,2.2,0.538382125878236,0.81,2.31,0.601731601731602
"NSFG men 25-44",3.31,1.5,2.25,0.548548614484742,0.81,2.31,0.623376623376623
"NSFG men 25-44",3.31,1.5,2.3,0.55788265651952,0.81,2.31,0.645021645021645
"NSFG men 25-44",3.31,1.5,2.35,0.56641566098696,0.81,2.31,0.649350649350649
"NSFG men 25-44",3.31,1.5,2.4,0.57418669561087,0.81,2.31,0.649350649350649
"NSFG men 25-44",3.31,1.5,2.45,0.581240347429268,0.81,2.31,0.649350649350649
"NSFG men 25-44",3.31,1.5,2.5,0.587624724292178,0.81,2.31,0.649350649350649
"NSFG men 25-44",3.31,1.5,2.55,0.593389688945215,0.81,2.31,0.649350649350649
"NSFG men 25-44",3.31,1.5,2.6,0.598585375815979,0.81,2.31,0.649350649350649
"NSFG men 25-44",3.31,1.5,2.65,0.60326100564388,0.81,2.31,0.649350649350649
"NSFG men 25-44",3.31,1.5,2.7,0.607463987146358,0.81,2.31,0.649350649350649
"NSFG men 25-44",3.31,1.5,2.75,0.611239278089502,0.81,2.31,0.649350649350649
"NSFG men 25-44",3.31,1.5,2.8,0.614628969134124,0.81,2.31,0.649350649350649
"NSFG men 25-44",3.31,1.5,2.85,0.617672050799094,0.81,2.31,0.649350649350649
"NSFG men 25-44",3.31,1.5,2.9,0.620404324943808,0.81,2.31,0.649350649350649
"NSFG men 25-44",3.31,1.5,2.95,0.622858425714616,0.81,2.31,0.649350649350649
"NSFG men 25-44",3.31,1.5,3,0.625063919693104,0.81,2.31,0.649350649350649
"NSFG men 25-44",3.31,1.5,3.05,0.627047460163291,0.81,2.31,0.649350649350649
"NSFG men 25-44",3.31,1.5,3.1,0.628832975426078,0.81,2.31,0.649350649350649
"NSFG men 25-44",3.31,1.5,3.15,0.630441875616942,0.81,2.31,0.649350649350649
"NSFG men 25-44",3.31,1.5,3.2,0.631893266379517,0.81,2.31,0.649350649350649
"NSFG men 25-44",3.31,1.5,3.25,0.633204160977376,0.81,2.31,0.649350649350649
"NSFG men 25-44",3.31,1.5,3.3,0.63438968502039,0.81,2.31,0.649350649350649
"NSFG men 25-44",3.31,1.5,3.35,0.635463270008199,0.81,2.31,0.649350649350649
"NSFG men 25-44",3.31,1.5,3.4,0.636436833434115,0.81,2.31,0.649350649350649
"NSFG men 25-44",3.31,1.5,3.45,0.637320944333338,0.81,2.31,0.649350649350649
"NSFG men 25-44",3.31,1.5,3.5,0.638124973978504,0.81,2.31,0.649350649350649
"NSFG men 25-44",3.31,1.5,3.55,0.638857231993323,0.81,2.31,0.649350649350649
"NSFG men 25-44",3.31,1.5,3.6,0.639525088530282,0.81,2.31,0.649350649350649
"NSFG men 25-44",3.31,1.5,3.65,0.640135083389517,0.81,2.31,0.649350649350649
"NSFG men 25-44",3.31,1.5,3.7,0.640693023081667,0.81,2.31,0.649350649350649
"NSFG men 25-44",3.31,1.5,3.75,0.641204066887944,0.81,2.31,0.649350649350649
"NSFG men 25-44",3.31,1.5,3.8,0.641672802969222,0.81,2.31,0.649350649350649
"NSFG men 25-44",3.31,1.5,3.85,0.642103315539853,0.81,2.31,0.649350649350649
"NSFG men 25-44",3.31,1.5,3.9,0.642499244064192,0.81,2.31,0.649350649350649
"NSFG men 25-44",3.31,1.5,3.95,0.642863835363894,0.81,2.31,0.649350649350649
"NSFG men 25-44",3.31,1.5,4,0.643199989448298,0.81,2.31,0.649350649350649
"NSFG men 25-44",3.31,1.5,4.05,0.643510299803507,0.81,2.31,0.649350649350649
"NSFG men 25-44",3.31,1.5,4.1,0.643797088800847,0.81,2.31,0.649350649350649
"NSFG men 25-44",3.31,1.5,4.15,0.644062438814479,0.81,2.31,0.649350649350649
"NSFG men 25-44",3.31,1.5,4.2,0.644308219571771,0.81,2.31,0.649350649350649
"NSFG men 25-44",3.31,1.5,4.25,0.644536112199566,0.81,2.31,0.649350649350649
"NSFG men 25-44",3.31,1.5,4.3,0.644747630374601,0.81,2.31,0.649350649350649
"NSFG men 25-44",3.31,1.5,4.35,0.64494413893699,0.81,2.31,0.649350649350649
"NSFG men 25-44",3.31,1.5,4.4,0.645126870281723,0.81,2.31,0.649350649350649
"NSFG men 25-44",3.31,1.5,4.45,0.645296938804089,0.81,2.31,0.649350649350649
"NSFG men 25-44",3.31,1.5,4.5,0.645455353640457,0.81,2.31,0.649350649350649
"NSFG men 25-44",3.31,1.5,4.55,0.645603029915445,0.81,2.31,0.649350649350649
"NSFG men 25-44",3.31,1.5,4.6,0.645740798679905,0.81,2.31,0.649350649350649
"NSFG men 25-44",3.31,1.5,4.65,0.645869415700812,0.81,2.31,0.649350649350649
"NSFG men 25-44",3.31,1.5,4.7,0.645989569243634,0.81,2.31,0.649350649350649
"NSFG men 25-44",3.31,1.5,4.75,0.646101886970091,0.81,2.31,0.649350649350649
"NSFG men 25-44",3.31,1.5,4.8,0.646206942058522,0.81,2.31,0.649350649350649
"NSFG men 25-44",3.31,1.5,4.85,0.646305258640592,0.81,2.31,0.649350649350649
"NSFG men 25-44",3.31,1.5,4.9,0.64639731663626,0.81,2.31,0.649350649350649
"NSFG men 25-44",3.31,1.5,4.95,0.646483556058624,0.81,2.31,0.649350649350649
"NSFG men 25-44",3.31,1.5,5,0.646564380851288,0.81,2.31,0.649350649350649
"NSFG men 25-44",3.31,1.5,5.05,0.646640162313139,0.81,2.31,0.649350649350649
"NSFG men 25-44",3.31,1.5,5.1,0.646711242158568,0.81,2.31,0.649350649350649
"NSFG men 25-44",3.31,1.5,5.15,0.646777935255272,0.81,2.31,0.649350649350649
"NSFG men 25-44",3.31,1.5,5.2,0.646840532076618,0.81,2.31,0.649350649350649
"NSFG men 25-44",3.31,1.5,5.25,0.646899300901024,0.81,2.31,0.649350649350649
"NSFG men 25-44",3.31,1.5,5.3,0.646954489786867,0.81,2.31,0.649350649350649
"NSFG men 25-44",3.31,1.5,5.35,0.647006328348066,0.81,2.31,0.649350649350649
"NSFG men 25-44",3.31,1.5,5.4,0.647055029352392,0.81,2.31,0.649350649350649
"NSFG men 25-44",3.31,1.5,5.45,0.647100790161989,0.81,2.31,0.649350649350649
"NSFG men 25-44",3.31,1.5,5.5,0.647143794033309,0.81,2.31,0.649350649350649
"NSFG men 25-44",3.31,1.5,5.55,0.647184211291609,0.81,2.31,0.649350649350649
"NSFG men 25-44",3.31,1.5,5.6,0.647222200393414,0.81,2.31,0.649350649350649
"NSFG men 25-44",3.31,1.5,5.65,0.647257908888834,0.81,2.31,0.649350649350649
"NSFG men 25-44",3.31,1.5,5.7,0.647291474294206,0.81,2.31,0.649350649350649
"NSFG men 25-44",3.31,1.5,5.75,0.647323024884393,0.81,2.31,0.649350649350649
"NSFG men 25-44",3.31,1.5,5.8,0.64735268041302,0.81,2.31,0.649350649350649
"NSFG men 25-44",3.31,1.5,5.85,0.647380552767935,0.81,2.31,0.649350649350649
"NSFG men 25-44",3.31,1.5,5.9,0.647406746568492,0.81,2.31,0.649350649350649
"NSFG men 25-44",3.31,1.5,5.95,0.647431359710394,0.81,2.31,0.649350649350649
"NSFG men 25-44",3.31,1.5,6,0.647454483863348,0.81,2.31,0.649350649350649
"NSFG men 25-44",3.31,2,0,0,0.31,2.31,0
"NSFG men 25-44",3.31,2,0.05,0.00729817003406718,0.31,2.31,0
"NSFG men 25-44",3.31,2,0.1,0.0155082931189476,0.31,2.31,0
"NSFG men 25-44",3.31,2,0.15,0.0246415407111077,0.31,2.31,0
"NSFG men 25-44",3.31,2,0.2,0.0346953214702441,0.31,2.31,0
"NSFG men 25-44",3.31,2,0.25,0.0456542865649074,0.31,2.31,0
"NSFG men 25-44",3.31,2,0.3,0.0574918798657694,0.31,2.31,0
"NSFG men 25-44",3.31,2,0.35,0.0701722486530246,0.31,2.31,0.0173160173160173
"NSFG men 25-44",3.31,2,0.4,0.0836523252423028,0.31,2.31,0.0389610389610389
"NSFG men 25-44",3.31,2,0.45,0.0978839087938259,0.31,2.31,0.0606060606060606
"NSFG men 25-44",3.31,2,0.5,0.112815612099911,0.31,2.31,0.0822510822510822
"NSFG men 25-44",3.31,2,0.55,0.128394580859255,0.31,2.31,0.103896103896104
"NSFG men 25-44",3.31,2,0.6,0.144567934414938,0.31,2.31,0.125541125541126
"NSFG men 25-44",3.31,2,0.65,0.161283911438529,0.31,2.31,0.147186147186147
"NSFG men 25-44",3.31,2,0.7,0.178492728647842,0.31,2.31,0.168831168831169
"NSFG men 25-44",3.31,2,0.75,0.196147174331819,0.31,2.31,0.19047619047619
"NSFG men 25-44",3.31,2,0.8,0.214202961193049,0.31,2.31,0.212121212121212
"NSFG men 25-44",3.31,2,0.85,0.232618855873484,0.31,2.31,0.233766233766234
"NSFG men 25-44",3.31,2,0.9,0.251356590127451,0.31,2.31,0.255411255411255
"NSFG men 25-44",3.31,2,0.95,0.270380553353752,0.31,2.31,0.277056277056277
"NSFG men 25-44",3.31,2,1,0.289657286039571,0.31,2.31,0.298701298701299
"NSFG men 25-44",3.31,2,1.05,0.309154839819336,0.31,2.31,0.32034632034632
"NSFG men 25-44",3.31,2,1.1,0.328842100073934,0.31,2.31,0.341991341991342
"NSFG men 25-44",3.31,2,1.15,0.348688128154917,0.31,2.31,0.363636363636364
"NSFG men 25-44",3.31,2,1.2,0.368661494335374,0.31,2.31,0.385281385281385
"NSFG men 25-44",3.31,2,1.25,0.388729528917428,0.31,2.31,0.406926406926407
"NSFG men 25-44",3.31,2,1.3,0.408857455292818,0.31,2.31,0.428571428571429
"NSFG men 25-44",3.31,2,1.35,0.429007435659718,0.31,2.31,0.45021645021645
"NSFG men 25-44",3.31,2,1.4,0.449137603301791,0.31,2.31,0.471861471861472
"NSFG men 25-44",3.31,2,1.45,0.469201167600076,0.31,2.31,0.493506493506494
"NSFG men 25-44",3.31,2,1.5,0.489145680089037,0.31,2.31,0.515151515151515
"NSFG men 25-44",3.31,2,1.55,0.508912559147464,0.31,2.31,0.536796536796537
"NSFG men 25-44",3.31,2,1.6,0.52843698744491,0.31,2.31,0.558441558441558
"NSFG men 25-44",3.31,2,1.65,0.547648305925386,0.31,2.31,0.58008658008658
"NSFG men 25-44",3.31,2,1.7,0.56647101316141,0.31,2.31,0.601731601731602
"NSFG men 25-44",3.31,2,1.75,0.584826427647145,0.31,2.31,0.623376623376623
"NSFG men 25-44",3.31,2,1.8,0.60263498290138,0.31,2.31,0.645021645021645
"NSFG men 25-44",3.31,2,1.85,0.619819015689939,0.31,2.31,0.666666666666667
"NSFG men 25-44",3.31,2,1.9,0.636305805150262,0.31,2.31,0.688311688311688
"NSFG men 25-44",3.31,2,1.95,0.652030559098703,0.31,2.31,0.70995670995671
"NSFG men 25-44",3.31,2,2,0.666939044445064,0.31,2.31,0.731601731601732
"NSFG men 25-44",3.31,2,2.05,0.680989616435151,0.31,2.31,0.753246753246753
"NSFG men 25-44",3.31,2,2.1,0.694154490998566,0.31,2.31,0.774891774891775
"NSFG men 25-44",3.31,2,2.15,0.706420199445819,0.31,2.31,0.796536796536796
"NSFG men 25-44",3.31,2,2.2,0.717787250847343,0.31,2.31,0.818181818181818
"NSFG men 25-44",3.31,2,2.25,0.728269099756378,0.31,2.31,0.83982683982684
"NSFG men 25-44",3.31,2,2.3,0.737890571614898,0.31,2.31,0.861471861471861
"NSFG men 25-44",3.31,2,2.35,0.746685929799228,0.31,2.31,0.865800865800866
"NSFG men 25-44",3.31,2,2.4,0.754696773537724,0.31,2.31,0.865800865800866
"NSFG men 25-44",3.31,2,2.45,0.761969937125266,0.31,2.31,0.865800865800866
"NSFG men 25-44",3.31,2,2.5,0.768555525370657,0.31,2.31,0.865800865800866
"NSFG men 25-44",3.31,2,2.55,0.774505177495132,0.31,2.31,0.865800865800866
"NSFG men 25-44",3.31,2,2.6,0.779870610084948,0.31,2.31,0.865800865800866
"NSFG men 25-44",3.31,2,2.65,0.784702454675791,0.31,2.31,0.865800865800866
"NSFG men 25-44",3.31,2,2.7,0.789049379552522,0.31,2.31,0.865800865800866
"NSFG men 25-44",3.31,2,2.75,0.792957468479064,0.31,2.31,0.865800865800866
"NSFG men 25-44",3.31,2,2.8,0.796469820036423,0.31,2.31,0.865800865800866
"NSFG men 25-44",3.31,2,2.85,0.799626328180943,0.31,2.31,0.865800865800866
"NSFG men 25-44",3.31,2,2.9,0.802463605662352,0.31,2.31,0.865800865800866
"NSFG men 25-44",3.31,2,2.95,0.805015015454725,0.31,2.31,0.865800865800866
"NSFG men 25-44",3.31,2,3,0.807310780120666,0.31,2.31,0.865800865800866
"NSFG men 25-44",3.31,2,3.05,0.809378144185163,0.31,2.31,0.865800865800866
"NSFG men 25-44",3.31,2,3.1,0.811241569586662,0.31,2.31,0.865800865800866
"NSFG men 25-44",3.31,2,3.15,0.812922948782814,0.31,2.31,0.865800865800866
"NSFG men 25-44",3.31,2,3.2,0.814441823969477,0.31,2.31,0.865800865800866
"NSFG men 25-44",3.31,2,3.25,0.815815604087683,0.31,2.31,0.865800865800866
"NSFG men 25-44",3.31,2,3.3,0.8170597738755,0.31,2.31,0.865800865800866
"NSFG men 25-44",3.31,2,3.35,0.818188091237497,0.31,2.31,0.865800865800866
"NSFG men 25-44",3.31,2,3.4,0.81921277073647,0.31,2.31,0.865800865800866
"NSFG men 25-44",3.31,2,3.45,0.820144652144687,0.31,2.31,0.865800865800866
"NSFG men 25-44",3.31,2,3.5,0.820993353804325,0.31,2.31,0.865800865800866
"NSFG men 25-44",3.31,2,3.55,0.821767411108603,0.31,2.31,0.865800865800866
"NSFG men 25-44",3.31,2,3.6,0.822474400785138,0.31,2.31,0.865800865800866
"NSFG men 25-44",3.31,2,3.65,0.823121051889774,0.31,2.31,0.865800865800866
"NSFG men 25-44",3.31,2,3.7,0.823713344540877,0.31,2.31,0.865800865800866
"NSFG men 25-44",3.31,2,3.75,0.824256597471202,0.31,2.31,0.865800865800866
"NSFG men 25-44",3.31,2,3.8,0.824755545469979,0.31,2.31,0.865800865800866
"NSFG men 25-44",3.31,2,3.85,0.825214407749258,0.31,2.31,0.865800865800866
"NSFG men 25-44",3.31,2,3.9,0.825636948208575,0.31,2.31,0.865800865800866
"NSFG men 25-44",3.31,2,3.95,0.826026528500088,0.31,2.31,0.865800865800866
"NSFG men 25-44",3.31,2,4,0.826386154718938,0.31,2.31,0.865800865800866
"NSFG men 25-44",3.31,2,4.05,0.826718518465361,0.31,2.31,0.865800865800866
"NSFG men 25-44",3.31,2,4.1,0.827026032948874,0.31,2.31,0.865800865800866
"NSFG men 25-44",3.31,2,4.15,0.827310864732725,0.31,2.31,0.865800865800866
"NSFG men 25-44",3.31,2,4.2,0.827574961649797,0.31,2.31,0.865800865800866
"NSFG men 25-44",3.31,2,4.25,0.827820077359653,0.31,2.31,0.865800865800866
"NSFG men 25-44",3.31,2,4.3,0.828047792960819,0.31,2.31,0.865800865800866
"NSFG men 25-44",3.31,2,4.35,0.82825953602244,0.31,2.31,0.865800865800866
"NSFG men 25-44",3.31,2,4.4,0.828456597354805,0.31,2.31,0.865800865800866
"NSFG men 25-44",3.31,2,4.45,0.828640145798733,0.31,2.31,0.865800865800866
"NSFG men 25-44",3.31,2,4.5,0.828811241278847,0.31,2.31,0.865800865800866
"NSFG men 25-44",3.31,2,4.55,0.828970846335009,0.31,2.31,0.865800865800866
"NSFG men 25-44",3.31,2,4.6,0.829119836319152,0.31,2.31,0.865800865800866
"NSFG men 25-44",3.31,2,4.65,0.829259008421141,0.31,2.31,0.865800865800866
"NSFG men 25-44",3.31,2,4.7,0.829389089666575,0.31,2.31,0.865800865800866
"NSFG men 25-44",3.31,2,4.75,0.829510744011331,0.31,2.31,0.865800865800866
"NSFG men 25-44",3.31,2,4.8,0.829624578641975,0.31,2.31,0.865800865800866
"NSFG men 25-44",3.31,2,4.85,0.829731149577364,0.31,2.31,0.865800865800866
"NSFG men 25-44",3.31,2,4.9,0.829830966654746,0.31,2.31,0.865800865800866
"NSFG men 25-44",3.31,2,4.95,0.829924497973338,0.31,2.31,0.865800865800866
"NSFG men 25-44",3.31,2,5,0.830012173859132,0.31,2.31,0.865800865800866
"NSFG men 25-44",3.31,2,5.05,0.830094390406887,0.31,2.31,0.865800865800866
"NSFG men 25-44",3.31,2,5.1,0.830171512648271,0.31,2.31,0.865800865800866
"NSFG men 25-44",3.31,2,5.15,0.830243877389091,0.31,2.31,0.865800865800866
"NSFG men 25-44",3.31,2,5.2,0.830311795753416,0.31,2.31,0.865800865800866
"NSFG men 25-44",3.31,2,5.25,0.830375555467653,0.31,2.31,0.865800865800866
"NSFG men 25-44",3.31,2,5.3,0.830435422913776,0.31,2.31,0.865800865800866
"NSFG men 25-44",3.31,2,5.35,0.830491644977342,0.31,2.31,0.865800865800866
"NSFG men 25-44",3.31,2,5.4,0.830544450712873,0.31,2.31,0.865800865800866
"NSFG men 25-44",3.31,2,5.45,0.830594052846588,0.31,2.31,0.865800865800866
"NSFG men 25-44",3.31,2,5.5,0.830640649133985,0.31,2.31,0.865800865800866
"NSFG men 25-44",3.31,2,5.55,0.830684423587933,0.31,2.31,0.865800865800866
"NSFG men 25-44",3.31,2,5.6,0.830725547590897,0.31,2.31,0.865800865800866
"NSFG men 25-44",3.31,2,5.65,0.830764180903552,0.31,2.31,0.865800865800866
"NSFG men 25-44",3.31,2,5.7,0.830800472580527,0.31,2.31,0.865800865800866
"NSFG men 25-44",3.31,2,5.75,0.830834561802867,0.31,2.31,0.865800865800866
"NSFG men 25-44",3.31,2,5.8,0.830866578635671,0.31,2.31,0.865800865800866
"NSFG men 25-44",3.31,2,5.85,0.83089664471852,0.31,2.31,0.865800865800866
"NSFG men 25-44",3.31,2,5.9,0.830924873895343,0.31,2.31,0.865800865800866
"NSFG men 25-44",3.31,2,5.95,0.830951372789769,0.31,2.31,0.865800865800866
"NSFG men 25-44",3.31,2,6,0.830976241331249,0.31,2.31,0.865800865800866
"power a=3.31",3.31,0.5,0,0,1.81,2.31,0
"power a=3.31",3.31,0.5,0.05,-1.1935872583816e-05,1.81,2.31,0
"power a=3.31",3.31,0.5,0.1,-2.52257144897611e-05,1.81,2.31,0
"power a=3.31",3.31,0.5,0.15,-3.9940750235015e-05,1.81,2.31,0
"power a=3.31",3.31,0.5,0.2,-5.61032800254325e-05,1.81,2.31,0
"power a=3.31",3.31,0.5,0.25,-7.36510724583311e-05,1.81,2.31,0
"power a=3.31",3.31,0.5,0.3,-9.23831587208336e-05,1.81,2.31,0
"power a=3.31",3.31,0.5,0.35,-0.000111878881985048,1.81,2.31,0
"power a=3.31",3.31,0.5,0.4,-0.000131379784884558,1.81,2.31,0
"power a=3.31",3.31,0.5,0.45,-0.000149622098014946,1.81,2.31,0
"power a=3.31",3.31,0.5,0.5,-0.000164606971003812,1.81,2.31,0
"power a=3.31",3.31,0.5,0.55,-0.00017329670600642,1.81,2.31,0
"power a=3.31",3.31,0.5,0.6,-0.000171227914510833,1.81,2.31,0
"power a=3.31",3.31,0.5,0.65,-0.000152035776498163,1.81,2.31,0
"power a=3.31",3.31,0.5,0.7,-0.000106886950515901,1.81,2.31,0
"power a=3.31",3.31,0.5,0.75,-2.3824003899319e-05,1.81,2.31,0
"power a=3.31",3.31,0.5,0.8,0.000112964097735617,1.81,2.31,0
"power a=3.31",3.31,0.5,0.85,0.000323909084788182,1.81,2.31,0
"power a=3.31",3.31,0.5,0.9,0.000634801259044908,1.81,2.31,0
"power a=3.31",3.31,0.5,0.95,0.00107740073522746,1.81,2.31,0
"power a=3.31",3.31,0.5,1,0.00168980505656453,1.81,2.31,0
"power a=3.31",3.31,0.5,1.05,0.00251645442508106,1.81,2.31,0
"power a=3.31",3.31,0.5,1.1,0.00360767093024679,1.81,2.31,0
"power a=3.31",3.31,0.5,1.15,0.00501865638868077,1.81,2.31,0
"power a=3.31",3.31,0.5,1.2,0.00680791488228142,1.81,2.31,0
"power a=3.31",3.31,0.5,1.25,0.00903512175012252,1.81,2.31,0
"power a=3.31",3.31,0.5,1.3,0.0117585192444599,1.81,2.31,0
"power a=3.31",3.31,0.5,1.35,0.0150319559735091,1.81,2.31,0
"power a=3.31",3.31,0.5,1.4,0.0189016923283869,1.81,2.31,0
"power a=3.31",3.31,0.5,1.45,0.0234030955507883,1.81,2.31,0
"power a=3.31",3.31,0.5,1.5,0.0285573904714377,1.81,2.31,0
"power a=3.31",3.31,0.5,1.55,0.0343687225136453,1.81,2.31,0
"power a=3.31",3.31,0.5,1.6,0.0408218786238793,1.81,2.31,0
"power a=3.31",3.31,0.5,1.65,0.0478810299794023,1.81,2.31,0
"power a=3.31",3.31,0.5,1.7,0.0554897700583337,1.81,2.31,0
"power a=3.31",3.31,0.5,1.75,0.0635725417944064,1.81,2.31,0
"power a=3.31",3.31,0.5,1.8,0.0720373454340247,1.81,2.31,0
"power a=3.31",3.31,0.5,1.85,0.0807794738163391,1.81,2.31,0.0173160173160173
"power a=3.31",3.31,0.5,1.9,0.0896859719158788,1.81,2.31,0.038961038961039
"power a=3.31",3.31,0.5,1.95,0.0986405292111892,1.81,2.31,0.0606060606060607
"power a=3.31",3.31,0.5,2,0.107528517449837,1.81,2.31,0.0822510822510822
"power a=3.31",3.31,0.5,2.05,0.11624184954365,1.81,2.31,0.103896103896104
"power a=3.31",3.31,0.5,2.1,0.124683291196959,1.81,2.31,0.125541125541126
"power a=3.31",3.31,0.5,2.15,0.132769866608165,1.81,2.31,0.147186147186147
"power a=3.31",3.31,0.5,2.2,0.140435094398986,1.81,2.31,0.168831168831169
"power a=3.31",3.31,0.5,2.25,0.147629949961678,1.81,2.31,0.19047619047619
"power a=3.31",3.31,0.5,2.3,0.154322624573802,1.81,2.31,0.212121212121212
"power a=3.31",3.31,0.5,2.35,0.160497290358178,1.81,2.31,0.216450216450216
"power a=3.31",3.31,0.5,2.4,0.166152156880132,1.81,2.31,0.216450216450216
"power a=3.31",3.31,0.5,2.45,0.171297119344418,1.81,2.31,0.216450216450216
"power a=3.31",3.31,0.5,2.5,0.175951266231542,1.81,2.31,0.216450216450216
"power a=3.31",3.31,0.5,2.55,0.180140456924457,1.81,2.31,0.216450216450216
"power a=3.31",3.31,0.5,2.6,0.183895115340234,1.81,2.31,0.216450216450216
"power a=3.31",3.31,0.5,2.65,0.187248325572235,1.81,2.31,0.216450216450216
"power a=3.31",3.31,0.5,2.7,0.190234266135145,1.81,2.31,0.216450216450216
"power a=3.31",3.31,0.5,2.75,0.192886982593517,1.81,2.31,0.216450216450216
"power a=3.31",3.31,0.5,2.8,0.195239473680085,1.81,2.31,0.216450216450216
"power a=3.31",3.31,0.5,2.85,0.197323051709066,1.81,2.31,0.216450216450216
"power a=3.31",3.31,0.5,2.9,0.19916693187396,1.81,2.31,0.216450216450216
"power a=3.31",3.31,0.5,2.95,0.200798004570758,1.81,2.31,0.216450216450216
"power a=3.31",3.31,0.5,3,0.202240748147847,1.81,2.31,0.216450216450216
"power a=3.31",3.31,0.5,3.05,0.203517244795895,1.81,2.31,0.216450216450216
"power a=3.31",3.31,0.5,3.1,0.204647268431111,1.81,2.31,0.216450216450216
"power a=3.31",3.31,0.5,3.15,0.205648419567547,1.81,2.31,0.216450216450216
"power a=3.31",3.31,0.5,3.2,0.206536287819362,1.81,2.31,0.216450216450216
"power a=3.31",3.31,0.5,3.25,0.207324627568226,1.81,2.31,0.216450216450216
"power a=3.31",3.31,0.5,3.3,0.208025536389393,1.81,2.31,0.216450216450216
"power a=3.31",3.31,0.5,3.35,0.208649629074363,1.81,2.31,0.216450216450216
"power a=3.31",3.31,0.5,3.4,0.209206202599443,1.81,2.31,0.216450216450216
"power a=3.31",3.31,0.5,3.45,0.209703389275727,1.81,2.31,0.216450216450216
"power a=3.31",3.31,0.5,3.5,0.210148296689894,1.81,2.31,0.216450216450216
"power a=3.31",3.31,0.5,3.55,0.210547134013023,1.81,2.31,0.216450216450216
"power a=3.31",3.31,0.5,3.6,0.210905324909588,1.81,2.31,0.216450216450216
"power a=3.31",3.31,0.5,3.65,0.211227607698714,1.81,2.31,0.216450216450216
"power a=3.31",3.31,0.5,3.7,0.211518123667846,1.81,2.31,0.216450216450216
"power a=3.31",3.31,0.5,3.75,0.211780494564526,1.81,2.31,0.216450216450216
"power a=3.31",3.31,0.5,3.8,0.212017890332827,1.81,2.31,0.216450216450216
"power a=3.31",3.31,0.5,3.85,0.212233088145622,1.81,2.31,0.216450216450216
"power a=3.31",3.31,0.5,3.9,0.212428523732846,1.81,2.31,0.216450216450216
"power a=3.31",3.31,0.5,3.95,0.21260633593426,1.81,2.31,0.216450216450216
"power a=3.31",3.31,0.5,4,0.212768405323308,1.81,2.31,0.216450216450216
"power a=3.31",3.31,0.5,4.05,0.212916387663488,1.81,2.31,0.216450216450216
"power a=3.31",3.31,0.5,4.1,0.213051742874964,1.81,2.31,0.216450216450216
"power a=3.31",3.31,0.5,4.15,0.213175760109662,1.81,2.31,0.216450216450216
"power a=3.31",3.31,0.5,4.2,0.213289579459579,1.81,2.31,0.216450216450216
"power a=3.31",3.31,0.5,4.25,0.213394210756184,1.81,2.31,0.216450216450216
"power a=3.31",3.31,0.5,4.3,0.21349054985885,1.81,2.31,0.216450216450216
"power a=3.31",3.31,0.5,4.35,0.213579392777071,1.81,2.31,0.216450216450216
"power a=3.31",3.31,0.5,4.4,0.213661447924387,1.81,2.31,0.216450216450216
"power a=3.31",3.31,0.5,4.45,0.213737346761009,1.81,2.31,0.216450216450216
"power a=3.31",3.31,0.5,4.5,0.213807653046504,1.81,2.31,0.216450216450216
"power a=3.31",3.31,0.5,4.55,0.213872870893003,1.81,2.31,0.216450216450216
"power a=3.31",3.31,0.5,4.6,0.213933451782747,1.81,2.31,0.216450216450216
"power a=3.31",3.31,0.5,4.65,0.213989800690778,1.81,2.31,0.216450216450216
"power a=3.31",3.31,0.5,4.7,0.214042281433797,1.81,2.31,0.216450216450216
"power a=3.31",3.31,0.5,4.75,0.214091221349249,1.81,2.31,0.216450216450216
"power a=3.31",3.31,0.5,4.8,0.214136915394096,1.81,2.31,0.216450216450216
"power a=3.31",3.31,0.5,4.85,0.214179629740268,1.81,2.31,0.216450216450216
"power a=3.31",3.31,0.5,4.9,0.214219604933033,1.81,2.31,0.216450216450216
"power a=3.31",3.31,0.5,4.95,0.21425705866938,1.81,2.31,0.216450216450216
"power a=3.31",3.31,0.5,5,0.214292188245634,1.81,2.31,0.216450216450216
"power a=3.31",3.31,0.5,5.05,0.214325172716759,1.81,2.31,0.216450216450216
"power a=3.31",3.31,0.5,5.1,0.214356174804041,1.81,2.31,0.216450216450216
"power a=3.31",3.31,0.5,5.15,0.214385342582886,1.81,2.31,0.216450216450216
"power a=3.31",3.31,0.5,5.2,0.21441281097818,1.81,2.31,0.216450216450216
"power a=3.31",3.31,0.5,5.25,0.214438703091014,1.81,2.31,0.216450216450216
"power a=3.31",3.31,0.5,5.3,0.214463131377453,1.81,2.31,0.216450216450216
"power a=3.31",3.31,0.5,5.35,0.214486198697259,1.81,2.31,0.216450216450216
"power a=3.31",3.31,0.5,5.4,0.214507999248207,1.81,2.31,0.216450216450216
"power a=3.31",3.31,0.5,5.45,0.214528619399582,1.81,2.31,0.216450216450216
"power a=3.31",3.31,0.5,5.5,0.214548138436719,1.81,2.31,0.216450216450216
"power a=3.31",3.31,0.5,5.55,0.214566629226935,1.81,2.31,0.216450216450216
"power a=3.31",3.31,0.5,5.6,0.21458415881594,1.81,2.31,0.216450216450216
"power a=3.31",3.31,0.5,5.65,0.214600788962613,1.81,2.31,0.216450216450216
"power a=3.31",3.31,0.5,5.7,0.214616576619147,1.81,2.31,0.216450216450216
"power a=3.31",3.31,0.5,5.75,0.214631574362636,1.81,2.31,0.216450216450216
"power a=3.31",3.31,0.5,5.8,0.214645830783483,1.81,2.31,0.216450216450216
"power a=3.31",3.31,0.5,5.85,0.214659390835362,1.81,2.31,0.216450216450216
"power a=3.31",3.31,0.5,5.9,0.214672296150894,1.81,2.31,0.216450216450216
"power a=3.31",3.31,0.5,5.95,0.214684585326712,1.81,2.31,0.216450216450216
"power a=3.31",3.31,0.5,6,0.214696294181174,1.81,2.31,0.216450216450216
"power a=3.31",3.31,1,0,0,1.31,2.31,0
"power a=3.31",3.31,1,0.05,-2.06256075864077e-05,1.31,2.31,0
"power a=3.31",3.31,1,0.1,-3.18466579967114e-05,1.31,2.31,0
"power a=3.31",3.31,1,0.15,-2.73695557293429e-05,1.31,2.31,0
"power a=3.31",3.31,1,0.2,1.61674046255365e-06,1.31,2.31,0
"power a=3.31",3.31,1,0.25,6.71318946461582e-05,1.31,2.31,0
"power a=3.31",3.31,1,0.3,0.000185187910018655,1.31,2.31,0
"power a=3.31",3.31,1,0.35,0.000376637173806968,1.31,2.31,0
"power a=3.31",3.31,1,0.4,0.000668028445164233,1.31,2.31,0
"power a=3.31",3.31,1,0.45,0.00109238560821637,1.31,2.31,0
"power a=3.31",3.31,1,0.5,0.00168980505656457,1.31,2.31,0
"power a=3.31",3.31,1,0.55,0.00250776469007852,1.31,2.31,0
"power a=3.31",3.31,1,0.6,0.00360104998673968,1.31,2.31,0
"power a=3.31",3.31,1,0.65,0.00503122758318638,1.31,2.31,0
"power a=3.31",3.31,1,0.7,0.00686563490276947,1.31,2.31,0
"power a=3.31",3.31,1,0.75,0.0091759047172269,1.31,2.31,0
"power a=3.31",3.31,1,0.8,0.0120360903131993,1.31,2.31,0
"power a=3.31",3.31,1,0.85,0.015520472029301,1.31,2.31,0
"power a=3.31",3.31,1,0.9,0.0197011005584355,1.31,2.31,0
"power a=3.31",3.31,1,0.95,0.0246451032570192,1.31,2.31,0
"power a=3.31",3.31,1,1,0.0304118024990059,1.31,2.31,0
"power a=3.31",3.31,1,1.05,0.0370497839097303,1.31,2.31,0
"power a=3.31",3.31,1,1.1,0.0445941565251296,1.31,2.31,0
"power a=3.31",3.31,1,1.15,0.0530642933390865,1.31,2.31,0
"power a=3.31",3.31,1,1.2,0.0624622919116191,1.31,2.31,0
"power a=3.31",3.31,1,1.25,0.0727722705155329,1.31,2.31,0
"power a=3.31",3.31,1,1.3,0.0839604716494883,1.31,2.31,0
"power a=3.31",3.31,1,1.35,0.0959760367608519,1.31,2.31,0.0173160173160173
"power a=3.31",3.31,1,1.4,0.10875227121527,1.31,2.31,0.038961038961039
"power a=3.31",3.31,1,1.45,0.122208231732981,1.31,2.31,0.0606060606060607
"power a=3.31",3.31,1,1.5,0.136250514892278,1.31,2.31,0.0822510822510822
"power a=3.31",3.31,1,1.55,0.150775179028299,1.31,2.31,0.103896103896104
"power a=3.31",3.31,1,1.6,0.165669776791842,1.31,2.31,0.125541125541126
"power a=3.31",3.31,1,1.65,0.180815503558571,1.31,2.31,0.147186147186147
"power a=3.31",3.31,1,1.7,0.196089471428324,1.31,2.31,0.168831168831169
"power a=3.31",3.31,1,1.75,0.211367098727089,1.31,2.31,0.19047619047619
"power a=3.31",3.31,1,1.8,0.226524576978831,1.31,2.31,0.212121212121212
"power a=3.31",3.31,1,1.85,0.241441371145521,1.31,2.31,0.233766233766234
"power a=3.31",3.31,1,1.9,0.256002735767015,1.31,2.31,0.255411255411255
"power a=3.31",3.31,1,1.95,0.270102255526611,1.31,2.31,0.277056277056277
"power a=3.31",3.31,1,2,0.283644390652383,1.31,2.31,0.298701298701299
"power a=3.31",3.31,1,2.05,0.296546913439111,1.31,2.31,0.32034632034632
"power a=3.31",3.31,1,2.1,0.308743013508197,1.31,2.31,0.341991341991342
"power a=3.31",3.31,1,2.15,0.320182799151403,1.31,2.31,0.363636363636364
"power a=3.31",3.31,1,2.2,0.330833967505135,1.31,2.31,0.385281385281385
"power a=3.31",3.31,1,2.25,0.340681539526199,1.31,2.31,0.406926406926407
"power a=3.31",3.31,1,2.3,0.349726705224891,1.31,2.31,0.428571428571429
"power a=3.31",3.31,1,2.35,0.357984949038248,1.31,2.31,0.432900432900433
"power a=3.31",3.31,1,2.4,0.365483695725096,1.31,2.31,0.432900432900433
"power a=3.31",3.31,1,2.45,0.37225973088618,1.31,2.31,0.432900432900433
"power a=3.31",3.31,1,2.5,0.378356621350394,1.31,2.31,0.432900432900433
"power a=3.31",3.31,1,2.55,0.383822308691355,1.31,2.31,0.432900432900433
"power a=3.31",3.31,1,2.6,0.388706990742349,1.31,2.31,0.432900432900433
"power a=3.31",3.31,1,2.65,0.393061352110785,1.31,2.31,0.432900432900433
"power a=3.31",3.31,1,2.7,0.396935160925512,1.31,2.31,0.432900432900433
"power a=3.31",3.31,1,2.75,0.400376217132747,1.31,2.31,0.432900432900433
"power a=3.31",3.31,1,2.8,0.403429617040482,1.31,2.31,0.432900432900433
"power a=3.31",3.31,1,2.85,0.406137287754433,1.31,2.31,0.432900432900433
"power a=3.31",3.31,1,2.9,0.408537741444405,1.31,2.31,0.432900432900433
"power a=3.31",3.31,1,2.95,0.410666000817489,1.31,2.31,0.432900432900433
"power a=3.31",3.31,1,3,0.412553651808746,1.31,2.31,0.432900432900433
"power a=3.31",3.31,1,3.05,0.414228985779922,1.31,2.31,0.432900432900433
"power a=3.31",3.31,1,3.1,0.415717200311703,1.31,2.31,0.432900432900433
"power a=3.31",3.31,1,3.15,0.417040634237265,1.31,2.31,0.432900432900433
"power a=3.31",3.31,1,3.2,0.418219018458212,1.31,2.31,0.432900432900433
"power a=3.31",3.31,1,3.25,0.419269729103756,1.31,2.31,0.432900432900433
"power a=3.31",3.31,1,3.3,0.420208033693225,1.31,2.31,0.432900432900433
"power a=3.31",3.31,1,3.35,0.421047324190989,1.31,2.31,0.432900432900433
"power a=3.31",3.31,1,3.4,0.421799333303292,1.31,2.31,0.432900432900433
"power a=3.31",3.31,1,3.45,0.422474332180992,1.31,2.31,0.432900432900433
"power a=3.31",3.31,1,3.5,0.423081308984206,1.31,2.31,0.432900432900433
"power a=3.31",3.31,1,3.55,0.423628128647515,1.31,2.31,0.432900432900433
"power a=3.31",3.31,1,3.6,0.424121674755556,1.31,2.31,0.432900432900433
"power a=3.31",3.31,1,3.65,0.424567974779379,1.31,2.31,0.432900432900433
"power a=3.31",3.31,1,3.7,0.42497231009843,1.31,2.31,0.432900432900433
"power a=3.31",3.31,1,3.75,0.425339312291714,1.31,2.31,0.432900432900433
"power a=3.31",3.31,1,3.8,0.425673047162681,1.31,2.31,0.432900432900433
"power a=3.31",3.31,1,3.85,0.425977087893697,1.31,2.31,0.432900432900433
"power a=3.31",3.31,1,3.9,0.426254578628237,1.31,2.31,0.432900432900433
"power a=3.31",3.31,1,3.95,0.426508289666274,1.31,2.31,0.432900432900433
"power a=3.31",3.31,1,4,0.426740665340816,1.31,2.31,0.432900432900433
"power a=3.31",3.31,1,4.05,0.426953865527494,1.31,2.31,0.432900432900433
"power a=3.31",3.31,1,4.1,0.427149801628715,1.31,2.31,0.432900432900433
"power a=3.31",3.31,1,4.15,0.427330167771444,1.31,2.31,0.432900432900433
"power a=3.31",3.31,1,4.2,0.427496467864381,1.31,2.31,0.432900432900433
"power a=3.31",3.31,1,4.25,0.427650039076437,1.31,2.31,0.432900432900433
"power a=3.31",3.31,1,4.3,0.42779207222395,1.31,2.31,0.432900432900433
"power a=3.31",3.31,1,4.35,0.427923629488344,1.31,2.31,0.432900432900433
"power a=3.31",3.31,1,4.4,0.428045659828423,1.31,2.31,0.432900432900433
"power a=3.31",3.31,1,4.45,0.428159012401394,1.31,2.31,0.432900432900433
"power a=3.31",3.31,1,4.5,0.428264448263143,1.31,2.31,0.432900432900433
"power a=3.31",3.31,1,4.55,0.428362650580764,1.31,2.31,0.432900432900433
"power a=3.31",3.31,1,4.6,0.428454233557792,1.31,2.31,0.432900432900433
"power a=3.31",3.31,1,4.65,0.428539750244668,1.31,2.31,0.432900432900433
"power a=3.31",3.31,1,4.7,0.428619699382981,1.31,2.31,0.432900432900433
"power a=3.31",3.31,1,4.75,0.428694531411267,1.31,2.31,0.432900432900433
"power a=3.31",3.31,1,4.8,0.428764653742553,1.31,2.31,0.432900432900433
"power a=3.31",3.31,1,4.85,0.428830435408531,1.31,2.31,0.432900432900433
"power a=3.31",3.31,1,4.9,0.428892211152244,1.31,2.31,0.432900432900433
"power a=3.31",3.31,1,4.95,0.428950285039966,1.31,2.31,0.432900432900433
"power a=3.31",3.31,1,5,0.429004933653357,1.31,2.31,0.432900432900433
"power a=3.31",3.31,1,5.05,0.429056408914698,1.31,2.31,0.432900432900433
"power a=3.31",3.31,1,5.1,0.429104940590984,1.31,2.31,0.432900432900433
"power a=3.31",3.31,1,5.15,0.429150738516503,1.31,2.31,0.432900432900433
"power a=3.31",3.31,1,5.2,0.429193994568331,1.31,2.31,0.432900432900433
"power a=3.31",3.31,1,5.25,0.429234884424654,1.31,2.31,0.432900432900433
"power a=3.31",3.31,1,5.3,0.42927356913194,1.31,2.31,0.432900432900433
"power a=3.31",3.31,1,5.35,0.429310196503625,1.31,2.31,0.432900432900433
"power a=3.31",3.31,1,5.4,0.429344902370105,1.31,2.31,0.432900432900433
"power a=3.31",3.31,1,5.45,0.429377811697298,1.31,2.31,0.432900432900433
"power a=3.31",3.31,1,5.5,0.429409039588896,1.31,2.31,0.432900432900433
"power a=3.31",3.31,1,5.55,0.429438692185524,1.31,2.31,0.432900432900433
"power a=3.31",3.31,1,5.6,0.429466867472447,1.31,2.31,0.432900432900433
"power a=3.31",3.31,1,5.65,0.42949365600597,1.31,2.31,0.432900432900433
"power a=3.31",3.31,1,5.7,0.429519141567544,1.31,2.31,0.432900432900433
"power a=3.31",3.31,1,5.75,0.429543401753432,1.31,2.31,0.432900432900433
"power a=3.31",3.31,1,5.8,0.429566508506915,1.31,2.31,0.432900432900433
"power a=3.31",3.31,1,5.85,0.429588528599172,1.31,2.31,0.432900432900433
"power a=3.31",3.31,1,5.9,0.429609524064275,1.31,2.31,0.432900432900433
"power a=3.31",3.31,1,5.95,0.429629552593092,1.31,2.31,0.432900432900433
"power a=3.31",3.31,1,6,0.429648667890376,1.31,2.31,0.432900432900433
"power a=3.31",3.31,1.5,0,0,0.81,2.31,0
"power a=3.31",3.31,1.5,0.05,0.000806023760930153,0.81,2.31,0
"power a=3.31",3.31,1.5,0.1,0.00188601921568548,0.81,2.31,0
"power a=3.31",3.31,1.5,0.15,0.00330148177638692,0.81,2.31,0
"power a=3.31",3.31,1.5,0.2,0.00511972656617952,0.81,2.31,0
"power a=3.31",3.31,1.5,0.25,0.00741244858820413,0.81,2.31,0
"power a=3.31",3.31,1.5,0.3,0.0102539020979139,0.81,2.31,0
"power a=3.31",3.31,1.5,0.35,0.0137187880907515,0.81,2.31,0
"power a=3.31",3.31,1.5,0.4,0.0178799157169867,0.81,2.31,0
"power a=3.31",3.31,1.5,0.45,0.02280567610244,0.81,2.31,0
"power a=3.31",3.31,1.5,0.5,0.0285573904714377,0.81,2.31,0
"power a=3.31",3.31,1.5,0.55,0.0351866821471594,0.81,2.31,0
"power a=3.31",3.31,1.5,0.6,0.0427331235540543,0.81,2.31,0
"power a=3.31",3.31,1.5,0.65,0.0512224525060238,0.81,2.31,0
"power a=3.31",3.31,1.5,0.7,0.0606655999045386,0.81,2.31,0
"power a=3.31",3.31,1.5,0.75,0.0710586414550691,0.81,2.31,0
"power a=3.31",3.31,1.5,0.8,0.0823836306906599,0.81,2.31,0
"power a=3.31",3.31,1.5,0.85,0.0946101407890757,0.81,2.31,0.0173160173160173
"power a=3.31",3.31,1.5,0.9,0.10769726741775,0.81,2.31,0.0389610389610389
"power a=3.31",3.31,1.5,0.95,0.121595827411644,0.81,2.31,0.0606060606060606
"power a=3.31",3.31,1.5,1,0.136250514892278,0.81,2.31,0.0822510822510822
"power a=3.31",3.31,1.5,1.05,0.151601828396816,0.81,2.31,0.103896103896104
"power a=3.31",3.31,1.5,1.1,0.167587642665524,0.81,2.31,0.125541125541126
"power a=3.31",3.31,1.5,1.15,0.184144354890687,0.81,2.31,0.147186147186147
"power a=3.31",3.31,1.5,1.2,0.201207581254041,0.81,2.31,0.168831168831169
"power a=3.31",3.31,1.5,1.25,0.218712415420647,0.81,2.31,0.19047619047619
"power a=3.31",3.31,1.5,1.3,0.236593291166727,0.81,2.31,0.212121212121212
"power a=3.31",3.31,1.5,1.35,0.254783522062464,0.81,2.31,0.233766233766234
"power a=3.31",3.31,1.5,1.4,0.273214623038838,0.81,2.31,0.255411255411255
"power a=3.31",3.31,1.5,1.45,0.291815546020836,0.81,2.31,0.277056277056277
"power a=3.31",3.31,1.5,1.5,0.310511976067257,0.81,2.31,0.298701298701299
"power a=3.31",3.31,1.5,1.55,0.329225830896192,0.81,2.31,0.32034632034632
"power a=3.31",3.31,1.5,1.6,0.347875087075511,0.81,2.31,0.341991341991342
"power a=3.31",3.31,1.5,1.65,0.36637402407424,0.81,2.31,0.363636363636364
"power a=3.31",3.31,1.5,1.7,0.384633932506904,0.81,2.31,0.385281385281385
"power a=3.31",3.31,1.5,1.75,0.402564276264041,0.81,2.31,0.406926406926407
"power a=3.31",3.31,1.5,1.8,0.420074245602352,0.81,2.31,0.428571428571429
"power a=3.31",3.31,1.5,1.85,0.437074617798023,0.81,2.31,0.45021645021645
"power a=3.31",3.31,1.5,1.9,0.453479862584411,0.81,2.31,0.471861471861472
"power a=3.31",3.31,1.5,1.95,0.469210455040807,0.81,2.31,0.493506493506494
"power a=3.31",3.31,1.5,2,0.484195333743666,0.81,2.31,0.515151515151515
"power a=3.31",3.31,1.5,2.05,0.498374353178442,0.81,2.31,0.536796536796537
"power a=3.31",3.31,1.5,2.1,0.511700476882744,0.81,2.31,0.558441558441558
"power a=3.31",3.31,1.5,2.15,0.524141413662386,0.81,2.31,0.58008658008658
"power a=3.31",3.31,1.5,2.2,0.535680450267933,0.81,2.31,0.601731601731602
"power a=3.31",3.31,1.5,2.25,0.54631636203786,0.81,2.31,0.623376623376623
"power a=3.31",3.31,1.5,2.3,0.55606243655772,0.81,2.31,0.645021645021645
"power a=3.31",3.31,1.5,2.35,0.564944773056046,0.81,2.31,0.649350649350649
"power a=3.31",3.31,1.5,2.4,0.573000093267973,0.81,2.31,0.649350649350649
"power a=3.31",3.31,1.5,2.45,0.580273315105343,0.81,2.31,0.649350649350649
"power a=3.31",3.31,1.5,2.5,0.586815112983723,0.81,2.31,0.649350649350649
"power a=3.31",3.31,1.5,2.55,0.592679637647814,0.81,2.31,0.649350649350649
"power a=3.31",3.31,1.5,2.6,0.597922510595373,0.81,2.31,0.649350649350649
"power a=3.31",3.31,1.5,2.65,0.602599154752935,0.81,2.31,0.649350649350649
"power a=3.31",3.31,1.5,2.7,0.606763479536794,0.81,2.31,0.649350649350649
"power a=3.31",3.31,1.5,2.75,0.610466906640708,0.81,2.31,0.649350649350649
"power a=3.31",3.31,1.5,2.8,0.613757702316745,0.81,2.31,0.649350649350649
"power a=3.31",3.31,1.5,2.85,0.616680570843491,0.81,2.31,0.649350649350649
"power a=3.31",3.31,1.5,2.9,0.619276460120687,0.81,2.31,0.649350649350649
"power a=3.31",3.31,1.5,2.95,0.621582531695186,0.81,2.31,0.649350649350649
"power a=3.31",3.31,1.5,3,0.62363225207549,0.81,2.31,0.649350649350649
"power a=3.31",3.31,1.5,3.05,0.625455568386846,0.81,2.31,0.649350649350649
"power a=3.31",3.31,1.5,3.1,0.627079138130103,0.81,2.31,0.649350649350649
"power a=3.31",3.31,1.5,3.15,0.628526589290361,0.81,2.31,0.649350649350649
"power a=3.31",3.31,1.5,3.2,0.629818792861228,0.81,2.31,0.649350649350649
"power a=3.31",3.31,1.5,3.25,0.630974134803376,0.81,2.31,0.649350649350649
"power a=3.31",3.31,1.5,3.3,0.63200877849551,0.81,2.31,0.649350649350649
"power a=3.31",3.31,1.5,3.35,0.632936911911496,0.81,2.31,0.649350649350649
"power a=3.31",3.31,1.5,3.4,0.633770976171116,0.81,2.31,0.649350649350649
"power a=3.31",3.31,1.5,3.45,0.634521873885436,0.81,2.31,0.649350649350649
"power a=3.31",3.31,1.5,3.5,0.635199156974145,0.81,2.31,0.649350649350649
"power a=3.31",3.31,1.5,3.55,0.635811194483953,0.81,2.31,0.649350649350649
"power a=3.31",3.31,1.5,3.6,0.636365321481738,0.81,2.31,0.649350649350649
"power a=3.31",3.31,1.5,3.65,0.636867970413594,0.81,2.31,0.649350649350649
"power a=3.31",3.31,1.5,3.7,0.637324786475663,0.81,2.31,0.649350649350649
"power a=3.31",3.31,1.5,3.75,0.637740728584398,0.81,2.31,0.649350649350649
"power a=3.31",3.31,1.5,3.8,0.638120157500212,0.81,2.31,0.649350649350649
"power a=3.31",3.31,1.5,3.85,0.6384669125774,0.81,2.31,0.649350649350649
"power a=3.31",3.31,1.5,3.9,0.638784378504704,0.81,2.31,0.649350649350649
"power a=3.31",3.31,1.5,3.95,0.63907554327909,0.81,2.31,0.649350649350649
"power a=3.31",3.31,1.5,4,0.639343048529886,0.81,2.31,0.649350649350649
"power a=3.31",3.31,1.5,4.05,0.639589233187688,0.81,2.31,0.649350649350649
"power a=3.31",3.31,1.5,4.1,0.63981617137619,0.81,2.31,0.649350649350649
"power a=3.31",3.31,1.5,4.15,0.640025705297766,0.81,2.31,0.649350649350649
"power a=3.31",3.31,1.5,4.2,0.640219473785996,0.81,2.31,0.649350649350649
"power a=3.31",3.31,1.5,4.25,0.640398937110886,0.81,2.31,0.649350649350649
"power a=3.31",3.31,1.5,4.3,0.640565398544838,0.81,2.31,0.649350649350649
"power a=3.31",3.31,1.5,4.35,0.640720023129038,0.81,2.31,0.649350649350649
"power a=3.31",3.31,1.5,4.4,0.640863854020067,0.81,2.31,0.649350649350649
"power a=3.31",3.31,1.5,4.45,0.640997826744412,0.81,2.31,0.649350649350649
"power a=3.31",3.31,1.5,4.5,0.641122781643296,0.81,2.31,0.649350649350649
"power a=3.31",3.31,1.5,4.55,0.641239474751136,0.81,2.31,0.649350649350649
"power a=3.31",3.31,1.5,4.6,0.641348587317167,0.81,2.31,0.649350649350649
"power a=3.31",3.31,1.5,4.65,0.641450734150717,0.81,2.31,0.649350649350649
"power a=3.31",3.31,1.5,4.7,0.641546470945563,0.81,2.31,0.649350649350649
"power a=3.31",3.31,1.5,4.75,0.641636300717339,0.81,2.31,0.649350649350649
"power a=3.31",3.31,1.5,4.8,0.641720679469471,0.81,2.31,0.649350649350649
"power a=3.31",3.31,1.5,4.85,0.641800021187328,0.81,2.31,0.649350649350649
"power a=3.31",3.31,1.5,4.9,0.641874702246573,0.81,2.31,0.649350649350649
"power a=3.31",3.31,1.5,4.95,0.641945065310115,0.81,2.31,0.649350649350649
"power a=3.31",3.31,1.5,5,0.642011422777967,0.81,2.31,0.649350649350649
"power a=3.31",3.31,1.5,5.05,0.642074059845719,0.81,2.31,0.649350649350649
"power a=3.31",3.31,1.5,5.1,0.642133237219924,0.81,2.31,0.649350649350649
"power a=3.31",3.31,1.5,5.15,0.642189193532292,0.81,2.31,0.649350649350649
"power a=3.31",3.31,1.5,5.2,0.642242147489159,0.81,2.31,0.649350649350649
"power a=3.31",3.31,1.5,5.25,0.642292299787883,0.81,2.31,0.649350649350649
"power a=3.31",3.31,1.5,5.3,0.642339834827804,0.81,2.31,0.649350649350649
"power a=3.31",3.31,1.5,5.35,0.642384922239866,0.81,2.31,0.649350649350649
"power a=3.31",3.31,1.5,5.4,0.642427718255916,0.81,2.31,0.649350649350649
"power a=3.31",3.31,1.5,5.45,0.642468366936109,0.81,2.31,0.649350649350649
"power a=3.31",3.31,1.5,5.5,0.64250700127053,0.81,2.31,0.649350649350649
"power a=3.31",3.31,1.5,5.55,0.642543744169179,0.81,2.31,0.649350649350649
"power a=3.31",3.31,1.5,5.6,0.64257870935273,0.81,2.31,0.649350649350649
"power a=3.31",3.31,1.5,5.65,0.642612002154989,0.81,2.31,0.649350649350649
"power a=3.31",3.31,1.5,5.7,0.642643720246666,0.81,2.31,0.649350649350649
"power a=3.31",3.31,1.5,5.75,0.642673954288938,0.81,2.31,0.649350649350649
"power a=3.31",3.31,1.5,5.8,0.642702788524305,0.81,2.31,0.649350649350649
"power a=3.31",3.31,1.5,5.85,0.642730301311334,0.81,2.31,0.649350649350649
"power a=3.31",3.31,1.5,5.9,0.642756565609183,0.81,2.31,0.649350649350649
"power a=3.31",3.31,1.5,5.95,0.642781649417071,0.81,2.31,0.649350649350649
"power a=3.31",3.31,1.5,6,0.642805616173318,0.81,2.31,0.649350649350649
"power a=3.31",3.31,2,0,0,0.31,2.31,0
"power a=3.31",3.31,2,0.05,0.00661735580313803,0.31,2.31,0
"power a=3.31",3.31,2,0.1,0.014150507368127,0.31,2.31,0
"power a=3.31",3.31,2,0.15,0.0226251212843514,0.31,2.31,0
"power a=3.31",3.31,2,0.2,0.0320521061530759,0.31,2.31,0
"power a=3.31",3.31,2,0.25,0.0424275999111731,0.31,2.31,0
"power a=3.31",3.31,2,0.3,0.0537338570605012,0.31,2.31,0
"power a=3.31",3.31,2,0.35,0.0659408714356531,0.31,2.31,0.0173160173160173
"power a=3.31",3.31,2,0.4,0.0790084971614278,0.31,2.31,0.0389610389610389
"power a=3.31",3.31,2,0.45,0.0928888148421916,0.31,2.31,0.0606060606060606
"power a=3.31",3.31,2,0.5,0.107528517449837,0.31,2.31,0.0822510822510822
"power a=3.31",3.31,2,0.55,0.122871141219372,0.31,2.31,0.103896103896104
"power a=3.31",3.31,2,0.6,0.138859024279576,0.31,2.31,0.125541125541126
"power a=3.31",3.31,2,0.65,0.155434928642751,0.31,2.31,0.147186147186147
"power a=3.31",3.31,2,0.7,0.172543303832087,0.31,2.31,0.168831168831169
"power a=3.31",3.31,2,0.75,0.19013120094531,0.31,2.31,0.19047619047619
"power a=3.31",3.31,2,0.8,0.208148864793024,0.31,2.31,0.212121212121212
"power a=3.31",3.31,2,0.85,0.226550040675816,0.31,2.31,0.233766233766234
"power a=3.31",3.31,2,0.9,0.245292033826445,0.31,2.31,0.255411255411255
"power a=3.31",3.31,2,0.95,0.264335556284625,0.31,2.31,0.277056277056277
"power a=3.31",3.31,2,1,0.283644390652383,0.31,2.31,0.298701298701299
"power a=3.31",3.31,2,1.05,0.303184894849836,0.31,2.31,0.32034632034632
"power a=3.31",3.31,2,1.1,0.322925367534321,0.31,2.31,0.341991341991342
"power a=3.31",3.31,2,1.15,0.342835289991483,0.31,2.31,0.363636363636364
"power a=3.31",3.31,2,1.2,0.362884456917748,0.31,2.31,0.385281385281385
"power a=3.31",3.31,2,1.25,0.383042007542726,0.31,2.31,0.406926406926407
"power a=3.31",3.31,2,1.3,0.403275374375374,0.31,2.31,0.428571428571429
"power a=3.31",3.31,2,1.35,0.423549183300094,0.31,2.31,0.45021645021645
"power a=3.31",3.31,2,1.4,0.44382416444136,0.31,2.31,0.471861471861472
"power a=3.31",3.31,2,1.45,0.464056160120156,0.31,2.31,0.493506493506494
"power a=3.31",3.31,2,1.5,0.484195333743666,0.31,2.31,0.515151515151515
"power a=3.31",3.31,2,1.55,0.504185685220649,0.31,2.31,0.536796536796537
"power a=3.31",3.31,2,1.6,0.523964965035186,0.31,2.31,0.558441558441558
"power a=3.31",3.31,2,1.65,0.54346505317035,0.31,2.31,0.58008658008658
"power a=3.31",3.31,2,1.7,0.562612829854829,0.31,2.31,0.601731601731602
"power a=3.31",3.31,2,1.75,0.581331513360829,0.31,2.31,0.623376623376623
"power a=3.31",3.31,2,1.8,0.599542391520307,0.31,2.31,0.645021645021645
"power a=3.31",3.31,2,1.85,0.617166856400948,0.31,2.31,0.666666666666667
"power a=3.31",3.31,2,1.9,0.634128674712414,0.31,2.31,0.688311688311688
"power a=3.31",3.31,2,1.95,0.650356453845095,0.31,2.31,0.70995670995671
"power a=3.31",3.31,2,2,0.665786239962123,0.31,2.31,0.731601731601732
"power a=3.31",3.31,2,2.05,0.680364096720028,0.31,2.31,0.753246753246753
"power a=3.31",3.31,2,2.1,0.694048411320894,0.31,2.31,0.774891774891775
"power a=3.31",3.31,2,2.15,0.706811630889661,0.31,2.31,0.796536796536796
"power a=3.31",3.31,2,2.2,0.718641183464342,0.31,2.31,0.818181818181818
"power a=3.31",3.31,2,2.25,0.729539466130949,0.31,2.31,0.83982683982684
"power a=3.31",3.31,2,2.3,0.739522936419109,0.31,2.31,0.861471861471861
"power a=3.31",3.31,2,2.35,0.74862047073023,0.31,2.31,0.865800865800866
"power a=3.31",3.31,2,2.4,0.756871226529381,0.31,2.31,0.865800865800866
"power a=3.31",3.31,2,2.45,0.764322260568167,0.31,2.31,0.865800865800866
"power a=3.31",3.31,2,2.5,0.771026127835594,0.31,2.31,0.865800865800866
"power a=3.31",3.31,2,2.55,0.777038634839866,0.31,2.31,0.865800865800866
"power a=3.31",3.31,2,2.6,0.7824168629989,0.31,2.31,0.865800865800866
"power a=3.31",3.31,2,2.65,0.787217524391159,0.31,2.31,0.865800865800866
"power a=3.31",3.31,2,2.7,0.791495668524936,0.31,2.31,0.865800865800866
"power a=3.31",3.31,2,2.75,0.795303726925455,0.31,2.31,0.865800865800866
"power a=3.31",3.31,2,2.8,0.798690861704156,0.31,2.31,0.865800865800866
"power a=3.31",3.31,2,2.85,0.801702573149124,0.31,2.31,0.865800865800866
"power a=3.31",3.31,2,2.9,0.804380517573637,0.31,2.31,0.865800865800866
"power a=3.31",3.31,2,2.95,0.806762487984758,0.31,2.31,0.865800865800866
"power a=3.31",3.31,2,3,0.808882514650556,0.31,2.31,0.865800865800866
"power a=3.31",3.31,2,3.05,0.81077104880841,0.31,2.31,0.865800865800866
"power a=3.31",3.31,2,3.1,0.812455199441412,0.31,2.31,0.865800865800866
"power a=3.31",3.31,2,3.15,0.813958999509704,0.31,2.31,0.865800865800866
"power a=3.31",3.31,2,3.2,0.815303683823588,0.31,2.31,0.865800865800866
"power a=3.31",3.31,2,3.25,0.816507965681187,0.31,2.31,0.865800865800866
"power a=3.31",3.31,2,3.3,0.817588303418168,0.31,2.31,0.865800865800866
"power a=3.31",3.31,2,3.35,0.818559151180326,0.31,2.31,0.865800865800866
"power a=3.31",3.31,2,3.4,0.819433190632711,0.31,2.31,0.865800865800866
"power a=3.31",3.31,2,3.45,0.820221542083381,0.31,2.31,0.865800865800866
"power a=3.31",3.31,2,3.5,0.820933954748343,0.31,2.31,0.865800865800866
"power a=3.31",3.31,2,3.55,0.821578976729273,0.31,2.31,0.865800865800866
"power a=3.31",3.31,2,3.6,0.822164105814342,0.31,2.31,0.865800865800866
"power a=3.31",3.31,2,3.65,0.822695922525042,0.31,2.31,0.865800865800866
"power a=3.31",3.31,2,3.7,0.823180206982405,0.31,2.31,0.865800865800866
"power a=3.31",3.31,2,3.75,0.823622041203975,0.31,2.31,0.865800865800866
"power a=3.31",3.31,2,3.8,0.824025898406228,0.31,2.31,0.865800865800866
"power a=3.31",3.31,2,3.85,0.824395720803222,0.31,2.31,0.865800865800866
"power a=3.31",3.31,2,3.9,0.824734987281475,0.31,2.31,0.865800865800866
"power a=3.31",3.31,2,3.95,0.825046772207236,0.31,2.31,0.865800865800866
"power a=3.31",3.31,2,4,0.825333796495168,0.31,2.31,0.865800865800866
"power a=3.31",3.31,2,4.05,0.825598471943186,0.31,2.31,0.865800865800866
"power a=3.31",3.31,2,4.1,0.825842939720693,0.31,2.31,0.865800865800866
"power a=3.31",3.31,2,4.15,0.826069103788942,0.31,2.31,0.865800865800866
"power a=3.31",3.31,2,4.2,0.826278659933707,0.31,2.31,0.865800865800866
"power a=3.31",3.31,2,4.25,0.826473121002085,0.31,2.31,0.865800865800866
"power a=3.31",3.31,2,4.3,0.826653838856883,0.31,2.31,0.865800865800866
"power a=3.31",3.31,2,4.35,0.826822023492963,0.31,2.31,0.865800865800866
"power a=3.31",3.31,2,4.4,0.826978759699523,0.31,2.31,0.865800865800866
"power a=3.31",3.31,2,4.45,0.827125021599687,0.31,2.31,0.865800865800866
"power a=3.31",3.31,2,4.5,0.827261685353033,0.31,2.31,0.865800865800866
"power a=3.31",3.31,2,4.55,0.827389540267284,0.31,2.31,0.865800865800866
"power a=3.31",3.31,2,4.6,0.827509298531232,0.31,2.31,0.865800865800866
"power a=3.31",3.31,2,4.65,0.827621603751634,0.31,2.31,0.865800865800866
"power a=3.31",3.31,2,4.7,0.82772703845152,0.31,2.31,0.865800865800866
"power a=3.31",3.31,2,4.75,0.827826130665693,0.31,2.31,0.865800865800866
"power a=3.31",3.31,2,4.8,0.827919359750462,0.31,2.31,0.865800865800866
"power a=3.31",3.31,2,4.85,0.828007161508697,0.31,2.31,0.865800865800866
"power a=3.31",3.31,2,4.9,0.828089932717513,0.31,2.31,0.865800865800866
"power a=3.31",3.31,2,4.95,0.828168035134052,0.31,2.31,0.865800865800866
"power a=3.31",3.31,2,5,0.828241799044727,0.31,2.31,0.865800865800866
"power a=3.31",3.31,2,5.05,0.8283115264145,0.31,2.31,0.865800865800866
"power a=3.31",3.31,2,5.1,0.828377493685333,0.31,2.31,0.865800865800866
"power a=3.31",3.31,2,5.15,0.828439954266439,0.31,2.31,0.865800865800866
"power a=3.31",3.31,2,5.2,0.828499140753409,0.31,2.31,0.865800865800866
"power a=3.31",3.31,2,5.25,0.828555266908515,0.31,2.31,0.865800865800866
"power a=3.31",3.31,2,5.3,0.82860852943032,0.31,2.31,0.865800865800866
"power a=3.31",3.31,2,5.35,0.828659109537155,0.31,2.31,0.865800865800866
"power a=3.31",3.31,2,5.4,0.828707174385954,0.31,2.31,0.865800865800866
"power a=3.31",3.31,2,5.45,0.828752878345217,0.31,2.31,0.865800865800866
"power a=3.31",3.31,2,5.5,0.828796364138599,0.31,2.31,0.865800865800866
"power a=3.31",3.31,2,5.55,0.828837763873566,0.31,2.31,0.865800865800866
"power a=3.31",3.31,2,5.6,0.828877199967801,0.31,2.31,0.865800865800866
"power a=3.31",3.31,2,5.65,0.828914785984594,0.31,2.31,0.865800865800866
"power a=3.31",3.31,2,5.7,0.828950627387017,0.31,2.31,0.865800865800866
"power a=3.31",3.31,2,5.75,0.828984822219594,0.31,2.31,0.865800865800866
"power a=3.31",3.31,2,5.8,0.829017461725161,0.31,2.31,0.865800865800866
"power a=3.31",3.31,2,5.85,0.829048630903702,0.31,2.31,0.865800865800866
"power a=3.31",3.31,2,5.9,0.829078409019161,0.31,2.31,0.865800865800866
"power a=3.31",3.31,2,5.95,0.829106870059614,0.31,2.31,0.865800865800866
"power a=3.31",3.31,2,6,0.8291340831555,0.31,2.31,0.865800865800866
