"law","a","eta","x","gamma2","gamma1","K","gstar_inf","gstar_smallx","gstar_leading","gstar_K"
"power a=2.8",2.8,0.5,1e-08,1.8,1.3,0.380144247759147,1.69356092348939,1.69251592678961,1.70228374157177,38014424.7759147
"power a=2.8",2.8,0.5,3.16227766016838e-08,1.8,1.3,0.380144247759147,1.68526728858288,1.68352955452887,1.69576932434322,12021216.6233026
"power a=2.8",2.8,0.5,1e-07,1.8,1.3,0.380144247759147,1.67559945464511,1.67265714512998,1.68832427608202,3801442.47759147
"power a=2.8",2.8,0.5,3.16227766016838e-07,1.8,1.3,0.380144247759147,1.66421496513536,1.65909497227659,1.67973383578064,1202121.66233026
"power a=2.8",2.8,0.5,1e-06,1.8,1.3,0.380144247759147,1.65065799142476,1.64134913751045,1.66971165542902,380144.247759147
"power a=2.8",2.8,0.5,3.16227766016838e-06,1.8,1.3,0.380144247759147,1.63431371398397,1.61589638610593,1.65786726046803,120212.166233026
"power a=2.8",2.8,0.5,1e-05,1.8,1.3,0.380144247759147,1.61433647915093,1.56468184517722,1.64365398651483,38014.4247759147
"power a=2.8",2.8,0.5,3.16227766016838e-05,1.8,1.3,0.380144247759147,1.58954220966441,NA,1.6262822072387,12021.2166233026
"power a=2.8",2.8,0.5,1e-04,1.8,1.3,0.380144247759147,1.55822336694423,NA,1.60456748314354,3801.44247759147
"power a=2.8",2.8,0.5,0.000316227766016838,1.8,1.3,0.380144247759147,1.51784357300186,NA,1.57664855216404,1202.12166233026
"power a=2.8",2.8,0.5,0.001,1.8,1.3,0.380144247759147,1.46448887468103,NA,1.53942331085805,380.144247759147
"power a=2.8",2.8,0.5,0.00316227766016838,1.8,1.3,0.380144247759147,1.39186006375568,NA,1.48730797302966,120.212166233026
"power a=2.8",2.8,0.5,0.01,1.8,1.3,0.380144247759147,1.28940147871436,NA,1.40913496628707,38.0144247759147
"power a=2.8",2.8,0.5,0.0316227766016838,1.8,1.3,0.380144247759147,1.13923997714797,NA,1.2788466217161,12.0212166233026
"power a=2.8",2.8,0.5,0.1,1.8,1.3,0.380144247759147,0.914934393936499,NA,1.01826993257415,3.80144247759147
"power a=2.8",2.8,0.5,0.316227766016838,1.8,1.3,0.380144247759147,0.605535512097936,NA,0.236539865148293,1.20212166233026
"power a=2.8",2.8,0.5,1,1.8,1.3,0.380144247759147,0.295703272354494,NA,-Inf,0.380144247759147
"power a=2.8",2.8,0.5,3.16227766016838,1.8,1.3,0.380144247759147,0.111031927993124,NA,3.36346013485171,0.120212166233026
"power a=2.8",2.8,0.5,10,1.8,1.3,0.380144247759147,0.0370838983375323,NA,2.58173006742585,0.0380144247759147
"power a=2.8",2.8,1,1e-08,1.8,0.8,0.822049191238566,1.70821756473697,1.70821423714244,1.70228374157177,82204919.1238566
"power a=2.8",2.8,1,3.16227766016838e-08,1.8,0.8,0.822049191238566,1.70220486085004,1.70219593053337,1.69576932434322,25995477.930132
"power a=2.8",2.8,1,1e-07,1.8,0.8,0.822049191238566,1.69532891116947,1.69531015889662,1.68832427608202,8220491.91238566
"power a=2.8",2.8,1,3.16227766016838e-07,1.8,0.8,0.822049191238566,1.6873883232645,1.68735049832917,1.67973383578064,2599547.7930132
"power a=2.8",2.8,1,1e-06,1.8,0.8,0.822049191238566,1.67811435318522,1.67803803126932,1.66971165542902,822049.191238566
"power a=2.8",2.8,1,3.16227766016838e-06,1.8,0.8,0.822049191238566,1.66714049122577,1.66698512160873,1.65786726046803,259954.77930132
"power a=2.8",2.8,1,1e-05,1.8,0.8,0.822049191238566,1.65395858334775,1.65363581704982,1.64365398651483,82204.9191238566
"power a=2.8",2.8,1,3.16227766016838e-05,1.8,0.8,0.822049191238566,1.63783590012332,1.63715871338973,1.6262822072387,25995.477930132
"power a=2.8",2.8,1,1e-04,1.8,0.8,0.822049191238566,1.61770160389721,1.61624232811112,1.60456748314354,8220.49191238566
"power a=2.8",2.8,1,0.000316227766016838,1.8,0.8,0.822049191238566,1.59190989746546,1.58866030258845,1.57664855216404,2599.5477930132
"power a=2.8",2.8,1,0.001,1.8,0.8,0.822049191238566,1.55784001849485,1.55019181607343,1.53942331085805,822.049191238566
"power a=2.8",2.8,1,0.00316227766016838,1.8,0.8,0.822049191238566,1.51107181304569,1.49112331338306,1.48730797302966,259.95477930132
"power a=2.8",2.8,1,0.01,1.8,0.8,0.822049191238566,1.44365738994287,1.37424946008972,1.40913496628707,82.2049191238566
"power a=2.8",2.8,1,0.0316227766016838,1.8,0.8,0.822049191238566,1.34026862990503,NA,1.2788466217161,25.995477930132
"power a=2.8",2.8,1,0.1,1.8,0.8,0.822049191238566,1.17058063218767,NA,1.01826993257415,8.22049191238566
"power a=2.8",2.8,1,0.316227766016838,1.8,0.8,0.822049191238566,0.888309628146432,NA,0.236539865148293,2.5995477930132
"power a=2.8",2.8,1,1,1.8,0.8,0.822049191238566,0.514177569278362,NA,-Inf,0.822049191238566
"power a=2.8",2.8,1,3.16227766016838,1.8,0.8,0.822049191238566,0.219654220899182,NA,3.36346013485171,0.25995477930132
"power a=2.8",2.8,1,10,1.8,0.8,0.822049191238566,0.0778118881865116,NA,2.58173006742585,0.0822049191238566
"power a=3.31",3.31,0.5,1e-08,2.31,1.81,0.371704982939947,2.15639706396323,2.14504907297963,2.18459746835044,37170498.2939947
"power a=3.31",3.31,0.5,3.16227766016838e-08,2.31,1.81,0.371704982939947,2.14350276424496,2.12407614729452,2.1762372995738,11754343.6372426
"power a=3.31",3.31,0.5,1e-07,2.31,1.81,0.371704982939947,2.12847965764737,2.08915179730163,2.16668282097193,3717049.82939947
"power a=3.31",3.31,0.5,3.16227766016838e-07,2.31,1.81,0.371704982939947,2.11082247260756,NA,2.15565842258515,1175434.36372426
"power a=3.31",3.31,0.5,1e-06,2.31,1.81,0.371704982939947,2.08987405990388,NA,2.14279662446725,371704.982939947
"power a=3.31",3.31,0.5,3.16227766016838e-06,2.31,1.81,0.371704982939947,2.06475268304423,NA,2.12759631760063,117543.436372426
"power a=3.31",3.31,0.5,1e-05,2.31,1.81,0.371704982939947,2.03425737198463,NA,2.1093559493607,37170.4982939947
"power a=3.31",3.31,0.5,3.16227766016838e-05,2.31,1.81,0.371704982939947,1.99671430141545,NA,2.08706216595633,11754.3436372426
"power a=3.31",3.31,0.5,1e-04,2.31,1.81,0.371704982939947,1.94971915916817,NA,2.05919493670087,3717.04982939947
"power a=3.31",3.31,0.5,0.000316227766016838,2.31,1.81,0.371704982939947,1.88970877824315,NA,2.02336564194385,1175.43436372426
"power a=3.31",3.31,0.5,0.001,2.31,1.81,0.371704982939947,1.81121014572285,NA,1.9755932489345,371.704982939947
"power a=3.31",3.31,0.5,0.00316227766016838,2.31,1.81,0.371704982939947,1.70552176415226,NA,1.9087118987214,117.543436372426
"power a=3.31",3.31,0.5,0.01,2.31,1.81,0.371704982939947,1.55845586589279,NA,1.80838987340174,37.1704982939947
"power a=3.31",3.31,0.5,0.0316227766016838,2.31,1.81,0.371704982939947,1.34737782763501,NA,1.64118649786899,11.7543436372426
"power a=3.31",3.31,0.5,0.1,2.31,1.81,0.371704982939947,1.04379965651772,NA,1.30677974680349,3.71704982939947
"power a=3.31",3.31,0.5,0.316227766016838,2.31,1.81,0.371704982939947,0.65367516346015,NA,0.303559493606977,1.17543436372426
"power a=3.31",3.31,0.5,1,2.31,1.81,0.371704982939947,0.301445532079488,NA,-Inf,0.371704982939947
"power a=3.31",3.31,0.5,3.16227766016838,2.31,1.81,0.371704982939947,0.109953231935902,NA,4.31644050639302,0.117543436372426
"power a=3.31",3.31,0.5,10,2.31,1.81,0.371704982939947,0.0363972664478586,NA,3.31322025319651,0.0371704982939947
"power a=3.31",3.31,1,1e-08,2.31,1.31,0.799330379021785,2.18412594052424,2.18402258707241,2.18459746835044,79933037.9021785
"power a=3.31",3.31,1,3.16227766016838e-08,2.31,1.31,0.799330379021785,2.17531643266381,2.17513923083506,2.1762372995738,25277046.0067451
"power a=3.31",3.31,1,1e-07,2.31,1.31,0.799330379021785,2.16517707795284,2.16486616020128,2.16668282097193,7993303.79021785
"power a=3.31",3.31,1,3.16227766016838e-07,2.31,1.31,0.799330379021785,2.15338443023685,2.15283858779748,2.15565842258515,2527704.60067451
"power a=3.31",3.31,1,1e-06,2.31,1.31,0.799330379021785,2.139513866777,2.13854609500146,2.14279662446725,799330.379021785
"power a=3.31",3.31,1,3.16227766016838e-06,2.31,1.31,0.799330379021785,2.12299062162334,2.12124786713146,2.12759631760063,252770.460067451
"power a=3.31",3.31,1,1e-05,2.31,1.31,0.799330379021785,2.10300985190591,2.09981474675422,2.1093559493607,79933.0379021785
"power a=3.31",3.31,1,3.16227766016838e-05,2.31,1.31,0.799330379021785,2.07843547508503,2.072405626739,2.08706216595633,25277.0460067451
"power a=3.31",3.31,1,1e-04,2.31,1.31,0.799330379021785,2.04759274906923,2.03569542153962,2.05919493670087,7993.30379021785
"power a=3.31",3.31,1,0.000316227766016838,2.31,1.31,0.799330379021785,2.00793074321257,1.98249273604113,2.02336564194385,2527.70460067451
"power a=3.31",3.31,1,0.001,2.31,1.31,0.799330379021785,1.95538165739056,1.88846736827185,1.9755932489345,799.330379021785
"power a=3.31",3.31,1,0.00316227766016838,2.31,1.31,0.799330379021785,1.88310897561147,NA,1.9087118987214,252.770460067451
"power a=3.31",3.31,1,0.01,2.31,1.31,0.799330379021785,1.77896098362878,NA,1.80838987340174,79.9330379021785
"power a=3.31",3.31,1,0.0316227766016838,2.31,1.31,0.799330379021785,1.62041861123234,NA,1.64118649786899,25.2770460067451
"power a=3.31",3.31,1,0.1,2.31,1.31,0.799330379021785,1.36775392579395,NA,1.30677974680349,7.99330379021785
"power a=3.31",3.31,1,0.316227766016838,2.31,1.31,0.799330379021785,0.981124041780034,NA,0.303559493606977,2.52770460067451
"power a=3.31",3.31,1,1,2.31,1.31,0.799330379021785,0.534257123116986,NA,-Inf,0.799330379021785
"power a=3.31",3.31,1,3.16227766016838,2.31,1.31,0.799330379021785,0.21938675180858,NA,4.31644050639302,0.252770460067451
"power a=3.31",3.31,1,10,2.31,1.31,0.799330379021785,0.0763515451321104,NA,3.31322025319651,0.0799330379021785
"power a=3.31",3.31,2,1e-08,2.31,0.31,1.73419477342889,2.1951598533381,2.19515677629214,2.18459746835044,173419477.342889
"power a=3.31",3.31,2,3.16227766016838e-08,2.31,0.31,1.73419477342889,2.18794815207361,2.18794429194289,2.1762372995738,54840053.9039495
"power a=3.31",3.31,2,1e-07,2.31,0.31,1.73419477342889,2.17976304517608,2.17975569620547,2.16668282097193,17341947.7342889
"power a=3.31",3.31,2,3.16227766016838e-07,2.31,0.31,1.73419477342889,2.170390453784,2.17037774194885,2.15565842258515,5484005.39039495
"power a=3.31",3.31,2,1e-06,2.31,0.31,1.73419477342889,2.15955836461555,2.15953040462041,2.14279662446725,1734194.77342889
"power a=3.31",3.31,2,3.16227766016838e-06,2.31,0.31,1.73419477342889,2.14689319438525,2.1468379866674,2.12759631760063,548400.539039495
"power a=3.31",3.31,2,1e-05,2.31,0.31,1.73419477342889,2.13189863106173,2.13178493100632,2.1093559493607,173419.477342889
"power a=3.31",3.31,2,3.16227766016838e-05,2.31,0.31,1.73419477342889,2.1138747132583,2.11364325024425,2.08706216595633,54840.0539039495
"power a=3.31",3.31,2,1e-04,2.31,0.31,1.73419477342889,2.0918278568433,2.09135059229107,2.05919493670087,17341.9477342889
"power a=3.31",3.31,2,0.000316227766016838,2.31,0.31,1.73419477342889,2.06428863693458,2.06329140383662,2.02336564194385,5484.00539039495
"power a=3.31",3.31,2,0.001,2.31,0.31,1.73419477342889,2.02899041501316,2.02687561049973,1.9755932489345,1734.19477342889
"power a=3.31",3.31,2,0.00316227766016838,2.31,0.31,1.73419477342889,1.98223058746921,1.97765023650761,1.9087118987214,548.400539039495
"power a=3.31",3.31,2,0.01,2.31,0.31,1.73419477342889,1.91744503549283,1.90714501450756,1.80838987340174,173.419477342889
"power a=3.31",3.31,2,0.0316227766016838,2.31,0.31,1.73419477342889,1.82158755289936,NA,1.64118649786899,54.8400539039495
"power a=3.31",3.31,2,0.1,2.31,0.31,1.73419477342889,1.66485939266207,NA,1.30677974680349,17.3419477342889
"power a=3.31",3.31,2,0.316227766016838,2.31,0.31,1.73419477342889,1.37609966186211,NA,0.303559493606977,5.48400539039495
"power a=3.31",3.31,2,1,2.31,0.31,1.73419477342889,0.888577707883915,NA,-Inf,1.73419477342889
"power a=3.31",3.31,2,3.16227766016838,2.31,0.31,1.73419477342889,0.416678889686747,NA,4.31644050639302,0.548400539039495
"power a=3.31",3.31,2,10,2.31,0.31,1.73419477342889,0.157071687032008,NA,3.31322025319651,0.173419477342889
"power a=4",4,0.5,1e-08,3,2.5,0.364785035202111,2.76801837461439,NA,2.83713956928628,36478503.5202111
"power a=4",4,0.5,3.16227766016838e-08,3,2.5,0.364785035202111,2.74773381952037,NA,2.8262822072387,11535515.6758337
"power a=4",4,0.5,1e-07,3,2.5,0.364785035202111,2.72423882837277,NA,2.81387379347004,3647850.35202111
"power a=4",4,0.5,3.16227766016838e-07,3,2.5,0.364785035202111,2.69680450202869,NA,2.79955639296773,1153551.56758337
"power a=4",4,0.5,1e-06,3,2.5,0.364785035202111,2.66448394606571,NA,2.78285275904837,364785.035202111
"power a=4",4,0.5,3.16227766016838e-06,3,2.5,0.364785035202111,2.62601096128347,NA,2.76311210078004,115355.156758337
"power a=4",4,0.5,1e-05,3,2.5,0.364785035202111,2.57966386106972,NA,2.73942331085805,36478.5035202111
"power a=4",4,0.5,3.16227766016838e-05,3,2.5,0.364785035202111,2.52303931166623,NA,2.71047034539783,11535.5156758337
"power a=4",4,0.5,1e-04,3,2.5,0.364785035202111,2.4527014211411,NA,2.67427913857256,3647.85035202111
"power a=4",4,0.5,0.000316227766016838,3,2.5,0.364785035202111,2.3636062513189,NA,2.62774758694007,1153.55156758337
"power a=4",4,0.5,0.001,3,2.5,0.364785035202111,2.24814728990062,NA,2.56570551809675,364.785035202111
"power a=4",4,0.5,0.00316227766016838,3,2.5,0.364785035202111,2.09455113128123,NA,2.4788466217161,115.355156758337
"power a=4",4,0.5,0.01,3,2.5,0.364785035202111,1.88437490130962,NA,2.34855827714512,36.4785035202111
"power a=4",4,0.5,0.0316227766016838,3,2.5,0.364785035202111,1.59012895005821,NA,2.1314110361935,11.5355156758337
"power a=4",4,0.5,0.1,3,2.5,0.364785035202111,1.18403203057659,NA,1.69711655429024,3.64785035202111
"power a=4",4,0.5,0.316227766016838,3,2.5,0.364785035202111,0.699304645463009,NA,0.394233108580489,1.15355156758337
"power a=4",4,0.5,1,3,2.5,0.364785035202111,0.305634904442942,NA,-Inf,0.364785035202111
"power a=4",4,0.5,3.16227766016838,3,2.5,0.364785035202111,0.108943286605291,NA,5.60576689141951,0.115355156758337
"power a=4",4,0.5,10,3,2.5,0.364785035202111,0.0358215568252656,NA,4.30288344570976,0.0364785035202111
"power a=4",4,1,1e-08,3,2,0.779112971732642,2.8199161420837,2.81849215629526,2.83713956928628,77911297.1732642
"power a=4",4,1,3.16227766016838e-08,3,2,0.779112971732642,2.80631845905906,2.80409389884201,2.8262822072387,24637715.4525753
"power a=4",4,1,1e-07,3,2,0.779112971732642,2.79059592887026,2.78708095987004,2.81387379347004,7791129.71732642
"power a=4",4,1,3.16227766016838e-07,3,2,0.779112971732642,2.7722487639555,2.76660518281824,2.79955639296773,2463771.54525753
"power a=4",4,1,1e-06,3,2,0.779112971732642,2.75060432948903,2.74135211834745,2.78285275904837,779112.971732642
"power a=4",4,1,3.16227766016838e-06,3,2,0.779112971732642,2.72476283198419,2.70909807149448,2.76311210078004,246377.154525753
"power a=4",4,1,1e-05,3,2,0.779112971732642,2.6934729522645,2.66547971642605,2.73942331085805,77911.2971732642
"power a=4",4,1,3.16227766016838e-05,3,2,0.779112971732642,2.65495820943196,2.5987726838978,2.71047034539783,24637.7154525753
"power a=4",4,1,1e-04,3,2,0.779112971732642,2.60660780292564,NA,2.67427913857256,7791.12971732642
"power a=4",4,1,0.000316227766016838,3,2,0.779112971732642,2.54444500991457,NA,2.62774758694007,2463.77154525753
"power a=4",4,1,0.001,3,2,0.779112971732642,2.46215715176622,NA,2.56570551809675,779.112971732642
"power a=4",4,1,0.00316227766016838,3,2,0.779112971732642,2.34929756804084,NA,2.4788466217161,246.377154525753
"power a=4",4,1,0.01,3,2,0.779112971732642,2.18794587428361,NA,2.34855827714512,77.9112971732642
"power a=4",4,1,0.0316227766016838,3,2,0.779112971732642,1.94724216078872,NA,2.1314110361935,24.6377154525753
"power a=4",4,1,0.1,3,2,0.779112971732642,1.58133416278538,NA,1.69711655429024,7.79112971732642
"power a=4",4,1,0.316227766016838,3,2,0.779112971732642,1.07190860350509,NA,0.394233108580489,2.46377154525753
"power a=4",4,1,1,3,2,0.779112971732642,0.551558148630813,NA,-Inf,0.779112971732642
"power a=4",4,1,3.16227766016838,3,2,0.779112971732642,0.218510976453797,NA,5.60576689141951,0.246377154525753
"power a=4",4,1,10,3,2,0.779112971732642,0.0749395470352305,NA,4.30288344570976,0.0779112971732642
"power a=4",4,2,1e-08,3,1,1.69135440514124,2.84053629898656,2.84049308103979,2.83713956928628,169135440.514124
"power a=4",4,2,3.16227766016838e-08,3,1,1.69135440514124,2.82995639406037,2.8298830043634,2.8262822072387,53485322.5080552
"power a=4",4,2,1e-07,3,1,1.69135440514124,2.81789026018017,2.8177658128907,2.81387379347004,16913544.0514124
"power a=4",4,2,3.16227766016838e-07,3,1,1.69135440514124,2.80401432774022,2.80379860531344,2.79955639296773,5348532.25080552
"power a=4",4,2,1e-06,3,1,1.69135440514124,2.78789829876504,2.78752635882265,2.78285275904837,1691354.40514124
"power a=4",4,2,3.16227766016838e-06,3,1,1.69135440514124,2.76898138385985,2.76833235368073,2.76311210078004,534853.225080552
"power a=4",4,2,1e-05,3,1,1.69135440514124,2.7464941941686,2.74535944202137,2.73942331085805,169135.440514124
"power a=4",4,2,3.16227766016838e-05,3,1,1.69135440514124,2.71937875200328,2.71737731641254,2.71047034539783,53485.3225080552
"power a=4",4,2,1e-04,3,1,1.69135440514124,2.68611651168032,2.68255202756119,2.67427913857256,16913.5440514124
"power a=4",4,2,0.000316227766016838,3,1,1.69135440514124,2.64444647593088,2.63800606395909,2.62774758694007,5348.53225080552
"power a=4",4,2,0.001,3,1,1.69135440514124,2.59081009422449,2.57889666238649,2.56570551809675,1691.35440514124
"power a=4",4,2,0.00316227766016838,3,1,1.69135440514124,2.51919402314028,2.49614431383923,2.4788466217161,534.853225080552
"power a=4",4,2,0.01,3,1,1.69135440514124,2.4184617109168,2.36912633271373,2.34855827714512,169.135440514124
"power a=4",4,2,0.0316227766016838,3,1,1.69135440514124,2.26569526909643,NA,2.1314110361935,53.4853225080552
"power a=4",4,2,0.1,3,1,1.69135440514124,2.01001028970248,NA,1.69711655429024,16.9135440514124
"power a=4",4,2,0.316227766016838,3,1,1.69135440514124,1.55908957688236,NA,0.394233108580489,5.34853225080552
"power a=4",4,2,1,3,1,1.69135440514124,0.932603708960378,NA,-Inf,1.69135440514124
"power a=4",4,2,3.16227766016838,3,1,1.69135440514124,0.420407744861706,NA,5.60576689141951,0.534853225080552
"power a=4",4,2,10,3,1,1.69135440514124,0.155405929891922,NA,4.30288344570976,0.169135440514124
"NSFG men 25-44",3.31,0.5,1e-08,2.31,1.81,0.375461777547056,2.15187254990579,2.13773468124014,2.18459746835044,37546177.7547056
"NSFG men 25-44",3.31,0.5,3.16227766016838e-08,2.31,1.81,0.375461777547056,2.13829101840524,2.11317652706868,2.1762372995738,11873143.9138417
"NSFG men 25-44",3.31,0.5,1e-07,2.31,1.81,0.375461777547056,2.1224538518678,NA,2.16668282097193,3754617.77547056
"NSFG men 25-44",3.31,0.5,3.16227766016838e-07,2.31,1.81,0.375461777547056,2.10383094712149,NA,2.15565842258515,1187314.39138417
"NSFG men 25-44",3.31,0.5,1e-06,2.31,1.81,0.375461777547056,2.08174782316362,NA,2.14279662446725,375461.777547056
"NSFG men 25-44",3.31,0.5,3.16227766016838e-06,2.31,1.81,0.375461777547056,2.05531769104145,NA,2.12759631760063,118731.439138417
"NSFG men 25-44",3.31,0.5,1e-05,2.31,1.81,0.375461777547056,2.02335931807841,NA,2.1093559493607,37546.1777547056
"NSFG men 25-44",3.31,0.5,3.16227766016838e-05,2.31,1.81,0.375461777547056,1.98427405687375,NA,2.08706216595633,11873.1439138417
"NSFG men 25-44",3.31,0.5,1e-04,2.31,1.81,0.375461777547056,1.93584263897475,NA,2.05919493670087,3754.61777547056
"NSFG men 25-44",3.31,0.5,0.000316227766016838,2.31,1.81,0.375461777547056,1.87486547350783,NA,2.02336564194385,1187.31439138417
"NSFG men 25-44",3.31,0.5,0.001,2.31,1.81,0.375461777547056,1.79650084618742,NA,1.9755932489345,375.461777547056
"NSFG men 25-44",3.31,0.5,0.00316227766016838,2.31,1.81,0.375461777547056,1.69287649923548,NA,1.9087118987214,118.731439138417
"NSFG men 25-44",3.31,0.5,0.01,2.31,1.81,0.375461777547056,1.55005007547868,NA,1.80838987340174,37.5461777547056
"NSFG men 25-44",3.31,0.5,0.0316227766016838,2.31,1.81,0.375461777547056,1.34229415764227,NA,1.64118649786899,11.8731439138417
"NSFG men 25-44",3.31,0.5,0.1,2.31,1.81,0.375461777547056,1.03410663259856,NA,1.30677974680349,3.75461777547056
"NSFG men 25-44",3.31,0.5,0.316227766016838,2.31,1.81,0.375461777547056,0.640814344711318,NA,0.303559493606977,1.18731439138417
"NSFG men 25-44",3.31,0.5,1,2.31,1.81,0.375461777547056,0.297338280196475,NA,-Inf,0.375461777547056
"NSFG men 25-44",3.31,0.5,3.16227766016838,2.31,1.81,0.375461777547056,0.109896630874921,NA,4.31644050639302,0.118731439138417
"NSFG men 25-44",3.31,0.5,10,2.31,1.81,0.375461777547056,0.0366294585804654,NA,3.31322025319651,0.0375461777547056
"NSFG men 25-44",3.31,1,1e-08,2.31,1.31,0.810356520449244,2.18085656163943,2.18073780039141,2.18459746835044,81035652.0449244
"NSFG men 25-44",3.31,1,3.16227766016838e-08,2.31,1.31,0.810356520449244,2.17154806062599,2.17134166303976,2.1762372995738,25625723.2138842
"NSFG men 25-44",3.31,1,1e-07,2.31,1.31,0.810356520449244,2.16079352827129,2.16042507513113,2.16668282097193,8103565.20449244
"NSFG men 25-44",3.31,1,3.16227766016838e-07,2.31,1.31,0.810356520449244,2.14823131989835,2.14757395606966,2.15565842258515,2562572.32138842
"NSFG men 25-44",3.31,1,1e-06,2.31,1.31,0.810356520449244,2.13339479793435,2.13220278714221,2.14279662446725,810356.520449244
"NSFG men 25-44",3.31,1,3.16227766016838e-06,2.31,1.31,0.810356520449244,2.11564145293197,2.11344956534673,2.12759631760063,256257.232138842
"NSFG men 25-44",3.31,1,1e-05,2.31,1.31,0.810356520449244,2.09409832446635,2.08997747922024,2.1093559493607,81035.6520449244
"NSFG men 25-44",3.31,1,3.16227766016838e-05,2.31,1.31,0.810356520449244,2.06753565829018,2.05955326329725,2.08706216595633,25625.7232138842
"NSFG men 25-44",3.31,1,1e-04,2.31,1.31,0.810356520449244,2.03421674688895,2.01798677753329,2.05919493670087,8103.56520449244
"NSFG men 25-44",3.31,1,0.000316227766016838,2.31,1.31,0.810356520449244,1.99161345245926,1.95547981422417,2.02336564194385,2562.57232138842
"NSFG men 25-44",3.31,1,0.001,2.31,1.31,0.810356520449244,1.93596175388454,1.82475316931323,1.9755932489345,810.356520449244
"NSFG men 25-44",3.31,1,0.00316227766016838,2.31,1.31,0.810356520449244,1.86142085455081,NA,1.9087118987214,256.257232138842
"NSFG men 25-44",3.31,1,0.01,2.31,1.31,0.810356520449244,1.75814059857427,NA,1.80838987340174,81.0356520449244
"NSFG men 25-44",3.31,1,0.0316227766016838,2.31,1.31,0.810356520449244,1.60668206439675,NA,1.64118649786899,25.6257232138842
"NSFG men 25-44",3.31,1,0.1,2.31,1.31,0.810356520449244,1.36255666227869,NA,1.30677974680349,8.10356520449244
"NSFG men 25-44",3.31,1,0.316227766016838,2.31,1.31,0.810356520449244,0.968483437859224,NA,0.303559493606977,2.56257232138842
"NSFG men 25-44",3.31,1,1,2.31,1.31,0.810356520449244,0.523998038751424,NA,-Inf,0.810356520449244
"NSFG men 25-44",3.31,1,3.16227766016838,2.31,1.31,0.810356520449244,0.218102452514943,NA,4.31644050639302,0.256257232138842
"NSFG men 25-44",3.31,1,10,2.31,1.31,0.810356520449244,0.0768094785597985,NA,3.31322025319651,0.0810356520449244
"NSFG men 25-44",3.31,2,1e-08,2.31,0.31,1.75771708855737,2.19248959048779,2.19248869547031,2.18459746835044,175771708.855737
"NSFG men 25-44",3.31,2,3.16227766016838e-08,2.31,0.31,1.75771708855737,2.18491588372061,2.18491295663289,2.1762372995738,55583894.8204119
"NSFG men 25-44",3.31,2,1e-07,2.31,0.31,1.75771708855737,2.17629006914304,2.17628297785782,2.16668282097193,17577170.8855737
"NSFG men 25-44",3.31,2,3.16227766016838e-07,2.31,0.31,1.75771708855737,2.16637562579217,2.16636177230899,2.15565842258515,5558389.48204119
"NSFG men 25-44",3.31,2,1e-06,2.31,0.31,1.75771708855737,2.15486321816652,2.15483603958041,2.14279662446725,1757717.08855737
"NSFG men 25-44",3.31,2,3.16227766016838e-06,2.31,0.31,1.75771708855737,2.14133722408158,2.14128295304387,2.12759631760063,555838.948204119
"NSFG men 25-44",3.31,2,1e-05,2.31,0.31,1.75771708855737,2.12522810580902,2.12511730853143,2.1093559493607,175771.708855737
"NSFG men 25-44",3.31,2,3.16227766016838e-05,2.31,0.31,1.75771708855737,2.10574037202982,2.10550680356422,2.08706216595633,55583.8948204119
"NSFG men 25-44",3.31,2,1e-04,2.31,0.31,1.75771708855737,2.08172534785273,2.08122723079322,2.05919493670087,17577.1708855737
"NSFG men 25-44",3.31,2,0.000316227766016838,2.31,0.31,1.75771708855737,2.05149935753997,2.05040340401534,2.02336564194385,5558.38948204119
"NSFG men 25-44",3.31,2,0.001,2.31,0.31,1.75771708855737,2.01250130917217,2.01001551476524,1.9755932489345,1757.71708855737
"NSFG men 25-44",3.31,2,0.00316227766016838,2.31,0.31,1.75771708855737,1.96075861433256,1.95487083188205,1.9087118987214,555.838948204119
"NSFG men 25-44",3.31,2,0.01,2.31,0.31,1.75771708855737,1.8899842830113,1.87518720264026,1.80838987340174,175.771708855737
"NSFG men 25-44",3.31,2,0.0316227766016838,2.31,0.31,1.75771708855737,1.78987915501287,NA,1.64118649786899,55.5838948204119
"NSFG men 25-44",3.31,2,0.1,2.31,0.31,1.75771708855737,1.63983258753033,NA,1.30677974680349,17.5771708855737
"NSFG men 25-44",3.31,2,0.316227766016838,2.31,0.31,1.75771708855737,1.369598595598,NA,0.303559493606977,5.55838948204119
"NSFG men 25-44",3.31,2,1,2.31,0.31,1.75771708855737,0.871340094438432,NA,-Inf,1.75771708855737
"NSFG men 25-44",3.31,2,3.16227766016838,2.31,0.31,1.75771708855737,0.409884620666685,NA,4.31644050639302,0.555838948204119
"NSFG men 25-44",3.31,2,10,2.31,0.31,1.75771708855737,0.156953294639925,NA,3.31322025319651,0.175771708855737
