"law","cap","n","gamma","n_c","mu_ratio","Y2","mu_unc","Y2_unc","n_over_nc","mu_rel","Y2_rel"
"power a=3.31",25,100,1.5,1695.27992800694,2.71625819475015,0.049039210009299,3.27240367178801,0.0613308657832403,0.0589873084367637,0.830049855452585,0.799584505828056
"power a=3.31",25,100,3,1695.27992800694,5.34139496093115,0.318556497038799,6.02409754995393,0.332868839170208,0.0589873084367637,0.886671392127772,0.957003058120167
"power a=3.31",25,100,4,1695.27992800694,6.00772926772784,0.470931310435647,6.67519315163259,0.479824761929266,0.0589873084367637,0.9000083040681,0.981465209386317
"power a=3.31",25,1000,1.5,1695.27992800694,3.24891443652164,0.00699106764168787,5.31430610623377,0.0167214226182817,0.589873084367637,0.611352521208858,0.418090481969188
"power a=3.31",25,1000,3,1695.27992800694,9.92919981233819,0.165838622200962,15.8824010746486,0.283062016439421,0.589873084367637,0.625169945379805,0.585873810576963
"power a=3.31",25,1000,4,1695.27992800694,12.2302012076894,0.329158497821947,18.2609656003167,0.450403799085563,0.589873084367637,0.669745591518847,0.730807552001613
"power a=3.31",25,10000,1.5,1695.27992800694,3.31175902403995,0.000729788054677937,9.50129232418379,0.00585082943354822,5.89873084367637,0.348558797165989,0.124732409817553
"power a=3.31",25,10000,3,1695.27992800694,11.0780710510332,0.0220447785352668,46.7708902162613,0.269936116261779,5.89873084367637,0.236858246653206,0.0816666507637241
"power a=3.31",25,10000,4,1695.27992800694,14.0659827107332,0.0487503618142065,54.2852334051404,0.44332214526894,5.89873084367637,0.259112503132413,0.109965997265109
"power a=3.31",25,1e+05,1.5,1695.27992800694,3.32061788275429,7.33050085081458e-05,8.32012503160199,0.000545180064865746,58.9873084367637,0.399106728581809,0.134460177897733
"power a=3.31",25,1e+05,3,1695.27992800694,11.1810607290685,0.00223540024856254,94.6690559758748,0.212431546576439,58.9873084367637,0.118106815514437,0.0105229203693538
"power a=3.31",25,1e+05,4,1695.27992800694,14.1883306969934,0.00484698131858937,116.941266043778,0.389468835088257,58.9873084367637,0.121328690692316,0.0124451069813866
"power a=3.31",25,1e+06,1.5,1695.27992800694,3.31857253570083,7.32947618158305e-06,13.641164606718,0.000180365610548973,589.873084367637,0.243276335369965,0.0406367719393656
"power a=3.31",25,1e+06,3,1695.27992800694,11.2001219687008,0.000224815952497539,309.543401305706,0.249527828967476,589.873084367637,0.0361827191969102,0.000900965449135705
"power a=3.31",25,1e+06,4,1695.27992800694,14.2166988315763,0.000486827324297715,375.106138060011,0.440661063633868,589.873084367637,0.0379004697313213,0.00110476591755836
"power a=3.31",50,100,1.5,8406.60632120886,3.04148905079115,0.0568140310074684,3.27240367178801,0.0613308657832403,0.0118954065623023,0.929435777441635,0.926352991791514
"power a=3.31",50,100,3,8406.60632120886,5.76627636945841,0.32923326538885,6.02409754995393,0.332868839170208,0.0118954065623023,0.95720169231033,0.989078059122563
"power a=3.31",50,100,4,8406.60632120886,6.42364351722758,0.478678609199491,6.67519315163259,0.479824761929266,0.0118954065623023,0.962315751965397,0.99761130975157
"power a=3.31",50,1000,1.5,8406.60632120886,4.0833466259108,0.0107210747995888,5.31430610623377,0.0167214226182817,0.118954065623023,0.76836872853842,0.641158054809722
"power a=3.31",50,1000,3,8406.60632120886,13.5720979044372,0.259604314269132,15.8824010746486,0.283062016439421,0.118954065623023,0.854536907904996,0.917128753389952
"power a=3.31",50,1000,4,8406.60632120886,15.9695809825022,0.427111411636473,18.2609656003167,0.450403799085563,0.118954065623023,0.874520073693435,0.948285544002116
"power a=3.31",50,10000,1.5,8406.60632120886,4.26624800267018,0.00119789668692872,9.50129232418379,0.00585082943354822,1.18954065623023,0.44901765539949,0.204739635727554
"power a=3.31",50,10000,3,8406.60632120886,20.2127569564947,0.0858811934999852,46.7708902162613,0.269936116261779,1.18954065623023,0.432165324693074,0.318153771674996
"power a=3.31",50,10000,4,8406.60632120886,26.3294348749195,0.205280547509493,54.2852334051404,0.44332214526894,1.18954065623023,0.485020202057863,0.463050514620604
"power a=3.31",50,1e+05,1.5,8406.60632120886,4.28896053990976,0.000121161057711439,8.32012503160199,0.000545180064865746,11.8954065623023,0.515492318158582,0.222240440397019
"power a=3.31",50,1e+05,3,8406.60632120886,21.1278066065401,0.00951078253147882,94.6690559758748,0.212431546576439,11.8954065623023,0.223175422937821,0.0447710459428235
"power a=3.31",50,1e+05,4,8406.60632120886,27.7624871712522,0.0227608397878854,116.941266043778,0.389468835088257,11.8954065623023,0.237405392557141,0.0584407216632047
"power a=3.31",50,1e+06,1.5,8406.60632120886,4.32329278700111,1.22749867899167e-05,13.641164606718,0.000180365610548973,118.954065623023,0.316929889173244,0.068056137489601
"power a=3.31",50,1e+06,3,8406.60632120886,21.3904171759822,0.000961057588458887,309.543401305706,0.249527828967476,118.954065623023,0.0691031276575557,0.0038515046295063
"power a=3.31",50,1e+06,4,8406.60632120886,28.0157968332246,0.00225266745569166,375.106138060011,0.440661063633868,118.954065623023,0.0746876523485268,0.00511201837783275
"power a=3.31",100,100,1.5,41686.9383470336,3.07232918933061,0.056890760079511,3.27240367178801,0.0613308657832403,0.00239883291901949,0.938860084963761,0.927604059603174
"power a=3.31",100,100,3,41686.9383470336,5.71887583996697,0.320923798438913,6.02409754995393,0.332868839170208,0.00239883291901949,0.949333205935668,0.964114872509329
"power a=3.31",100,100,4,41686.9383470336,6.37104762355205,0.469248044332386,6.67519315163259,0.479824761929266,0.00239883291901949,0.954436445332499,0.977957124275217
"power a=3.31",100,1000,1.5,41686.9383470336,4.87534446267145,0.0149056833912232,5.31430610623377,0.0167214226182817,0.0239883291901949,0.917400007679759,0.891412395433786
"power a=3.31",100,1000,3,41686.9383470336,15.4940532236253,0.282043129839976,15.8824010746486,0.283062016439421,0.0239883291901949,0.975548542742501,0.996400482790798
"power a=3.31",100,1000,4,41686.9383470336,17.8398541386853,0.445229998238142,18.2609656003167,0.450403799085563,0.0239883291901949,0.976939255521953,0.988512972452886
"power a=3.31",100,10000,1.5,41686.9383470336,5.39590670404417,0.00193663164511376,9.50129232418379,0.00585082943354822,0.239883291901949,0.567912923835623,0.33100121394913
"power a=3.31",100,10000,3,41686.9383470336,31.8752391141978,0.204342352080649,46.7708902162613,0.269936116261779,0.239883291901949,0.681518760211998,0.757002637922231
"power a=3.31",100,10000,4,41686.9383470336,39.7204551264011,0.392463148222955,54.2852334051404,0.44332214526894,0.239883291901949,0.731699076062918,0.885277562628566
"power a=3.31",100,1e+05,1.5,41686.9383470336,5.43381257225198,0.000199358415157171,8.32012503160199,0.000545180064865746,2.39883291901949,0.653092658056574,0.365674440436967
"power a=3.31",100,1e+05,3,41686.9383470336,40.0450841098091,0.0413119766330802,94.6690559758748,0.212431546576439,2.39883291901949,0.423000775670712,0.194471947782082
"power a=3.31",100,1e+05,4,41686.9383470336,54.0263342309393,0.108406203557372,116.941266043778,0.389468835088257,2.39883291901949,0.461995461984429,0.27834371788132
"power a=3.31",100,1e+06,1.5,41686.9383470336,5.47449660464544,2.02008015839692e-05,13.641164606718,0.000180365610548973,23.9883291901949,0.40132179051262,0.111999186111391
"power a=3.31",100,1e+06,3,41686.9383470336,41.1898078253576,0.00433395529529773,309.543401305706,0.249527828967476,23.9883291901949,0.133066341106326,0.0173686250276422
"power a=3.31",100,1e+06,4,41686.9383470336,55.4971864270062,0.0109065012243415,375.106138060011,0.440661063633868,23.9883291901949,0.147950621960037,0.0247503174762075
"power a=3.31",400,100,1.5,1025081.93487103,3.05211780972655,0.0562114399150672,3.27240367178801,0.0613308657832403,9.75531775541254e-05,0.932683774938715,0.916527741736656
"power a=3.31",400,100,3,1025081.93487103,5.72004641150196,0.323470349180083,6.02409754995393,0.332868839170208,9.75531775541254e-05,0.949527520772917,0.971765185309763
"power a=3.31",400,100,4,1025081.93487103,6.37650871459624,0.472992923596497,6.67519315163259,0.479824761929266,9.75531775541254e-05,0.95525456263939,0.985761805403082
"power a=3.31",400,1000,1.5,1025081.93487103,5.70663723419149,0.0181151041478865,5.31430610623377,0.0167214226182817,0.000975531775541254,1.07382546660184,1.08334706689855
"power a=3.31",400,1000,3,1025081.93487103,16.7650213286701,0.293511314323448,15.8824010746486,0.283062016439421,0.000975531775541254,1.05557221794571,1.03691522449909
"power a=3.31",400,1000,4,1025081.93487103,19.1321530861222,0.45681164478953,18.2609656003167,0.450403799085563,0.000975531775541254,1.0477076352299,1.01422689088542
"power a=3.31",400,10000,1.5,1025081.93487103,7.7509377591275,0.00414378827691147,9.50129232418379,0.00585082943354822,0.00975531775541254,0.815777211632456,0.708239459716821
"power a=3.31",400,10000,3,1025081.93487103,42.6245780289314,0.258661968647477,46.7708902162613,0.269936116261779,0.00975531775541254,0.91134844412501,0.95823401562402
"power a=3.31",400,10000,4,1025081.93487103,50.1789940874188,0.432785010270295,54.2852334051404,0.44332214526894,0.00975531775541254,0.924358079349572,0.976231426489528
"power a=3.31",400,1e+05,1.5,1025081.93487103,8.5225278606195,0.000551891579149358,8.32012503160199,0.000545180064865746,0.0975531775541254,1.02432689752242,1.01231063774363
"power a=3.31",400,1e+05,3,1025081.93487103,102.461943415611,0.245428532047735,94.6690559758748,0.212431546576439,0.0975531775541254,1.08231715590068,1.15532996865615
"power a=3.31",400,1e+05,4,1025081.93487103,125.317280999418,0.429438780542682,116.941266043778,0.389468835088257,0.0975531775541254,1.07162582755435,1.10262681337614
"power a=3.31",400,1e+06,1.5,1025081.93487103,8.65311422941866,5.69249689617479e-05,13.641164606718,0.000180365610548973,0.975531775541254,0.634338377909257,0.315608772584126
"power a=3.31",400,1e+06,3,1025081.93487103,152.282532660926,0.0802905018498769,309.543401305706,0.249527828967476,0.975531775541254,0.491958581635315,0.3217697287798
"power a=3.31",400,1e+06,4,1025081.93487103,206.868629085124,0.207809505026298,375.106138060011,0.440661063633868,0.975531775541254,0.551493585668887,0.471585810901052
"NSFG men 25-44",25,100,1.5,1199.85309371421,3.22973256345112,0.0599244057304011,3.89486943777827,0.0737348914216731,0.0833435364078151,0.829227427272489,0.812700806565334
"NSFG men 25-44",25,100,3,1199.85309371421,6.23760697775887,0.353224405229085,6.97654209783853,0.362923300534817,0.0833435364078151,0.894082898129633,0.973275633470104
"NSFG men 25-44",25,100,4,1199.85309371421,6.91253083741652,0.498876545572325,7.62655637341994,0.501663370240453,0.0833435364078151,0.906376416688934,0.99444483126844
"NSFG men 25-44",25,1000,1.5,1199.85309371421,3.7848982647679,0.00814284919065532,6.22386913492677,0.0190669202878008,0.833435364078151,0.608126260805841,0.427066829238552
"NSFG men 25-44",25,1000,3,1199.85309371421,10.3952584537107,0.141405752570734,17.6067910521427,0.278066277210571,0.833435364078151,0.590411871358336,0.508532548388283
"NSFG men 25-44",25,1000,4,1199.85309371421,12.6021433259929,0.278217695874498,20.0948209167186,0.435687131939423,0.833435364078151,0.627133895754606,0.638572212670216
"NSFG men 25-44",25,10000,1.5,1199.85309371421,3.8694989061345,0.000848416222219629,9.66853916829248,0.00521013527074457,8.33435364078151,0.400215465726647,0.162839576734902
"NSFG men 25-44",25,10000,3,1199.85309371421,11.273600346519,0.0170321665827635,47.9521327692811,0.257793730962088,8.33435364078151,0.235101124714541,0.0660689711856036
"NSFG men 25-44",25,10000,4,1199.85309371421,13.9057185848979,0.0348748678656255,56.2746315851269,0.431917427863695,8.33435364078151,0.247104569025257,0.0807442942002133
"NSFG men 25-44",25,1e+05,1.5,1199.85309371421,3.8650146389443,8.47323274046643e-05,21.3686604601254,0.00263027734159553,83.3435364078151,0.18087304284499,0.032214217894325
"NSFG men 25-44",25,1e+05,3,1199.85309371421,11.2962596282582,0.00171080290052426,146.900153758724,0.258887978850485,83.3435364078151,0.0768975344083828,0.00660827477629732
"NSFG men 25-44",25,1e+05,4,1199.85309371421,13.9411371040548,0.00347813167983338,172.300587123753,0.440997757115244,83.3435364078151,0.0809117214095253,0.00788696002126028
"NSFG men 25-44",25,1e+06,1.5,1199.85309371421,3.8679797588545,8.48516439582091e-06,14.0215046698571,0.000152125787821817,833.435364078151,0.275860533511052,0.0557772913936161
"NSFG men 25-44",25,1e+06,3,1199.85309371421,11.3128496611297,0.000171352148149563,265.090625476935,0.174164681540671,833.435364078151,0.0426754044613096,0.00098385129886135
"NSFG men 25-44",25,1e+06,4,1199.85309371421,13.9574648142916,0.000347573620868988,334.828072432389,0.343127335879372,833.435364078151,0.0416854677473617,0.0010129581194055
"NSFG men 25-44",50,100,1.5,5949.86847629249,3.65236254488397,0.0702860982614522,3.89486943777827,0.0737348914216731,0.0168070942069483,0.93773683642843,0.95322712092301
"NSFG men 25-44",50,100,3,5949.86847629249,6.80501058804964,0.368636698132713,6.97654209783853,0.362923300534817,0.0168070942069483,0.975413104746829,1.01574271365183
"NSFG men 25-44",50,100,4,5949.86847629249,7.46595546221443,0.510581623199377,7.62655637341994,0.501663370240453,0.0168070942069483,0.978941883683541,1.01777736523727
"NSFG men 25-44",50,1000,1.5,5949.86847629249,4.79171742645059,0.0124001659123223,6.22386913492677,0.0190669202878008,0.168070942069483,0.76989366623419,0.650349701218187
"NSFG men 25-44",50,1000,3,5949.86847629249,14.8176482316803,0.254358076403924,17.6067910521427,0.278066277210571,0.168070942069483,0.841587100556698,0.914739028966488
"NSFG men 25-44",50,1000,4,5949.86847629249,17.3654195392441,0.417846972439696,20.0948209167186,0.435687131939423,0.168070942069483,0.864173888944504,0.959052819806008
"NSFG men 25-44",50,10000,1.5,5949.86847629249,5.02782901401195,0.0013801608061191,9.66853916829248,0.00521013527074457,1.68070942069483,0.520019511375667,0.264899227063997
"NSFG men 25-44",50,10000,3,5949.86847629249,20.1960643933478,0.0643302927309861,47.9521327692811,0.257793730962088,1.68070942069483,0.421171347904795,0.249541726600197
"NSFG men 25-44",50,10000,4,5949.86847629249,25.9469303262685,0.15165390411548,56.2746315851269,0.431917427863695,1.68070942069483,0.461076858175756,0.351117816351091
"NSFG men 25-44",50,1e+05,1.5,5949.86847629249,5.07721327305354,0.000140887558572724,21.3686604601254,0.00263027734159553,16.8070942069483,0.237600914784892,0.0535637654420357
"NSFG men 25-44",50,1e+05,3,5949.86847629249,21.1476256079912,0.00707429150354167,146.900153758724,0.258887978850485,16.8070942069483,0.143959179530371,0.0273256855530834
"NSFG men 25-44",50,1e+05,4,5949.86847629249,27.2480742408533,0.0161334525738186,172.300587123753,0.440997757115244,16.8070942069483,0.15814266623063,0.0365839787470905
"NSFG men 25-44",50,1e+06,1.5,5949.86847629249,5.08657846344344,1.41305023034441e-05,14.0215046698571,0.000152125787821817,168.070942069483,0.362769801330834,0.0928869622025885
"NSFG men 25-44",50,1e+06,3,5949.86847629249,21.2371942782001,0.000711841752768809,265.090625476935,0.174164681540671,168.070942069483,0.0801129585023667,0.0040871762660019
"NSFG men 25-44",50,1e+06,4,5949.86847629249,27.3574002457489,0.00161315570104206,334.828072432389,0.343127335879372,168.070942069483,0.0817058141123253,0.00470133251525368
"NSFG men 25-44",100,100,1.5,29504.3910547362,3.80840562567639,0.0729531404759783,3.89486943777827,0.0737348914216731,0.0033893260096262,0.97780058780322,0.989397815191397
"NSFG men 25-44",100,100,3,29504.3910547362,6.88431312267983,0.361088001541321,6.97654209783853,0.362923300534817,0.0033893260096262,0.98678013063416,0.994943011399955
"NSFG men 25-44",100,100,4,29504.3910547362,7.52865457388853,0.498491724966992,7.62655637341994,0.501663370240453,0.0033893260096262,0.98716303994387,0.993677741964813
"NSFG men 25-44",100,1000,1.5,29504.3910547362,5.86015732102261,0.0176869046725713,6.22386913492677,0.0190669202878008,0.033893260096262,0.941561783189961,0.927622521393113
"NSFG men 25-44",100,1000,3,29504.3910547362,17.5057274026471,0.287706231956889,17.6067910521427,0.278066277210571,0.033893260096262,0.994259962011459,1.0346678311481
"NSFG men 25-44",100,1000,4,29504.3910547362,20.0097015255959,0.446561398754003,20.0948209167186,0.435687131939423,0.033893260096262,0.99576411297839,1.02495888911425
"NSFG men 25-44",100,10000,1.5,29504.3910547362,6.40370343157072,0.00222513852606272,9.66853916829248,0.00521013527074457,0.33893260096262,0.662323782332223,0.427078839690996
"NSFG men 25-44",100,10000,3,29504.3910547362,33.5684921769869,0.185738201209323,47.9521327692811,0.257793730962088,0.33893260096262,0.700041692378934,0.72049153606702
"NSFG men 25-44",100,10000,4,29504.3910547362,42.2049380328887,0.373924324214891,56.2746315851269,0.431917427863695,0.33893260096262,0.749981596397395,0.865731040454555
"NSFG men 25-44",100,1e+05,1.5,29504.3910547362,6.47050565453309,0.000230525354492019,21.3686604601254,0.00263027734159553,3.3893260096262,0.30280352231752,0.087642983820171
"NSFG men 25-44",100,1e+05,3,29504.3910547362,39.815027805302,0.0306670282471233,146.900153758724,0.258887978850485,3.3893260096262,0.27103462308621,0.118456748680611
"NSFG men 25-44",100,1e+05,4,29504.3910547362,53.1882080539792,0.0781718901867491,172.300587123753,0.440997757115244,3.3893260096262,0.308694293744788,0.177261423500439
"NSFG men 25-44",100,1e+06,1.5,29504.3910547362,6.53922815659113,2.34087933984698e-05,14.0215046698571,0.000152125787821817,33.893260096262,0.466371356752381,0.153877877864391
"NSFG men 25-44",100,1e+06,3,29504.3910547362,40.6003911867275,0.0031254510228057,265.090625476935,0.174164681540671,33.893260096262,0.153156646387181,0.0179453778754554
"NSFG men 25-44",100,1e+06,4,29504.3910547362,54.0590068680084,0.00768813995820305,334.828072432389,0.343127335879372,33.893260096262,0.16145303013362,0.0224060841392883
"NSFG men 25-44",400,100,1.5,725513.061616642,3.7025604867552,0.0700908379641106,3.89486943777827,0.0737348914216731,0.000137833493689518,0.950625058401759,0.950578981167504
"NSFG men 25-44",400,100,3,725513.061616642,6.75262915508682,0.357948190057362,6.97654209783853,0.362923300534817,0.000137833493689518,0.967904881872484,0.986291564994247
"NSFG men 25-44",400,100,4,725513.061616642,7.40523474877196,0.496907446118767,7.62655637341994,0.501663370240453,0.000137833493689518,0.970980136537201,0.990519690286722
"NSFG men 25-44",400,1000,1.5,725513.061616642,6.94457637141032,0.0222078725929713,6.22386913492677,0.0190669202878008,0.00137833493689518,1.11579729921362,1.16473306951307
"NSFG men 25-44",400,1000,3,725513.061616642,18.6751705901636,0.28419433178523,17.6067910521427,0.278066277210571,0.00137833493689518,1.06067996915832,1.02203810773508
"NSFG men 25-44",400,1000,4,725513.061616642,21.1707038305948,0.442743390274994,20.0948209167186,0.435687131939423,0.00137833493689518,1.05354030863649,1.01619570058028
"NSFG men 25-44",400,10000,1.5,725513.061616642,8.7826254453268,0.00434276519652046,9.66853916829248,0.00521013527074457,0.0137833493689518,0.90837150188407,0.833522542285134
"NSFG men 25-44",400,10000,3,725513.061616642,45.9949346246225,0.255373271150771,47.9521327692811,0.257793730962088,0.0137833493689518,0.959184335886047,0.990610866283349
"NSFG men 25-44",400,10000,4,725513.061616642,54.4193355956826,0.430744951368037,56.2746315851269,0.431917427863695,0.0137833493689518,0.967031396969028,0.997285415174247
"NSFG men 25-44",400,1e+05,1.5,725513.061616642,10.2259542333916,0.000628939584887276,21.3686604601254,0.00263027734159553,0.137833493689518,0.478549146890771,0.239115311127518
"NSFG men 25-44",400,1e+05,3,725513.061616642,107.540918717298,0.224360758085976,146.900153758724,0.258887978850485,0.137833493689518,0.732068115421639,0.86663258403184
"NSFG men 25-44",400,1e+05,4,725513.061616642,133.386253843649,0.411568605294508,172.300587123753,0.440997757115244,0.137833493689518,0.774148574130194,0.933266890033081
"NSFG men 25-44",400,1e+06,1.5,725513.061616642,10.1965908282014,6.33210494550866e-05,14.0215046698571,0.000152125787821817,1.37833493689518,0.727210885585028,0.416241390508055
"NSFG men 25-44",400,1e+06,3,725513.061616642,151.14600409463,0.064946150444267,265.090625476935,0.174164681540671,1.37833493689518,0.570167292120183,0.372900807843183
"NSFG men 25-44",400,1e+06,4,725513.061616642,209.431415426534,0.18244528798241,334.828072432389,0.343127335879372,1.37833493689518,0.625489415821979,0.531713066564156
